Analysis & Synthesis report for BitonicSorter
Wed May 21 11:09:54 2025
Quartus Prime Version 18.1.0 Build 625 09/12/2018 SJ Lite Edition


---------------------
; Table of Contents ;
---------------------
  1. Legal Notice
  2. Analysis & Synthesis Summary
  3. Analysis & Synthesis Settings
  4. Parallel Compilation
  5. Analysis & Synthesis Source Files Read
  6. Analysis & Synthesis Resource Usage Summary
  7. Analysis & Synthesis Resource Utilization by Entity
  8. State Machine - |BitonicSorter|state_reg
  9. General Register Statistics
 10. Multiplexer Restructuring Statistics (Restructuring Performed)
 11. Port Connectivity Checks: "comparetor:c0"
 12. Post-Synthesis Netlist Statistics for Top Partition
 13. Elapsed Time Per Partition
 14. Analysis & Synthesis Messages



----------------
; Legal Notice ;
----------------
Copyright (C) 2018  Intel Corporation. All rights reserved.
Your use of Intel Corporation's design tools, logic functions 
and other software and tools, and its AMPP partner logic 
functions, and any output files from any of the foregoing 
(including device programming or simulation files), and any 
associated documentation or information are expressly subject 
to the terms and conditions of the Intel Program License 
Subscription Agreement, the Intel Quartus Prime License Agreement,
the Intel FPGA IP License Agreement, or other applicable license
agreement, including, without limitation, that your use is for
the sole purpose of programming logic devices manufactured by
Intel and sold by Intel or its authorized distributors.  Please
refer to the applicable agreement for further details.



+-------------------------------------------------------------------------------+
; Analysis & Synthesis Summary                                                  ;
+---------------------------------+---------------------------------------------+
; Analysis & Synthesis Status     ; Successful - Wed May 21 11:09:54 2025       ;
; Quartus Prime Version           ; 18.1.0 Build 625 09/12/2018 SJ Lite Edition ;
; Revision Name                   ; BitonicSorter                               ;
; Top-level Entity Name           ; BitonicSorter                               ;
; Family                          ; Cyclone V                                   ;
; Logic utilization (in ALMs)     ; N/A                                         ;
; Total registers                 ; 521                                         ;
; Total pins                      ; 2                                           ;
; Total virtual pins              ; 1,024                                       ;
; Total block memory bits         ; 0                                           ;
; Total DSP Blocks                ; 0                                           ;
; Total HSSI RX PCSs              ; 0                                           ;
; Total HSSI PMA RX Deserializers ; 0                                           ;
; Total HSSI TX PCSs              ; 0                                           ;
; Total HSSI PMA TX Serializers   ; 0                                           ;
; Total PLLs                      ; 0                                           ;
; Total DLLs                      ; 0                                           ;
+---------------------------------+---------------------------------------------+


+---------------------------------------------------------------------------------------------------------------------------+
; Analysis & Synthesis Settings                                                                                             ;
+---------------------------------------------------------------------------------+--------------------+--------------------+
; Option                                                                          ; Setting            ; Default Value      ;
+---------------------------------------------------------------------------------+--------------------+--------------------+
; Device                                                                          ; 5CSEMA5F31C6       ;                    ;
; Top-level entity name                                                           ; BitonicSorter      ; BitonicSorter      ;
; Family name                                                                     ; Cyclone V          ; Cyclone V          ;
; Use smart compilation                                                           ; Off                ; Off                ;
; Enable parallel Assembler and Timing Analyzer during compilation                ; On                 ; On                 ;
; Enable compact report table                                                     ; Off                ; Off                ;
; Restructure Multiplexers                                                        ; Auto               ; Auto               ;
; MLAB Add Timing Constraints For Mixed-Port Feed-Through Mode Setting Don't Care ; Off                ; Off                ;
; Create Debugging Nodes for IP Cores                                             ; Off                ; Off                ;
; Preserve fewer node names                                                       ; On                 ; On                 ;
; Intel FPGA IP Evaluation Mode                                                   ; Enable             ; Enable             ;
; Verilog Version                                                                 ; Verilog_2001       ; Verilog_2001       ;
; VHDL Version                                                                    ; VHDL_1993          ; VHDL_1993          ;
; State Machine Processing                                                        ; Auto               ; Auto               ;
; Safe State Machine                                                              ; Off                ; Off                ;
; Extract Verilog State Machines                                                  ; On                 ; On                 ;
; Extract VHDL State Machines                                                     ; On                 ; On                 ;
; Ignore Verilog initial constructs                                               ; Off                ; Off                ;
; Iteration limit for constant Verilog loops                                      ; 5000               ; 5000               ;
; Iteration limit for non-constant Verilog loops                                  ; 250                ; 250                ;
; Add Pass-Through Logic to Inferred RAMs                                         ; On                 ; On                 ;
; Infer RAMs from Raw Logic                                                       ; On                 ; On                 ;
; Parallel Synthesis                                                              ; On                 ; On                 ;
; DSP Block Balancing                                                             ; Auto               ; Auto               ;
; NOT Gate Push-Back                                                              ; On                 ; On                 ;
; Power-Up Don't Care                                                             ; On                 ; On                 ;
; Remove Redundant Logic Cells                                                    ; Off                ; Off                ;
; Remove Duplicate Registers                                                      ; On                 ; On                 ;
; Ignore CARRY Buffers                                                            ; Off                ; Off                ;
; Ignore CASCADE Buffers                                                          ; Off                ; Off                ;
; Ignore GLOBAL Buffers                                                           ; Off                ; Off                ;
; Ignore ROW GLOBAL Buffers                                                       ; Off                ; Off                ;
; Ignore LCELL Buffers                                                            ; Off                ; Off                ;
; Ignore SOFT Buffers                                                             ; On                 ; On                 ;
; Limit AHDL Integers to 32 Bits                                                  ; Off                ; Off                ;
; Optimization Technique                                                          ; Balanced           ; Balanced           ;
; Carry Chain Length                                                              ; 70                 ; 70                 ;
; Auto Carry Chains                                                               ; On                 ; On                 ;
; Auto Open-Drain Pins                                                            ; On                 ; On                 ;
; Perform WYSIWYG Primitive Resynthesis                                           ; Off                ; Off                ;
; Auto ROM Replacement                                                            ; On                 ; On                 ;
; Auto RAM Replacement                                                            ; On                 ; On                 ;
; Auto DSP Block Replacement                                                      ; On                 ; On                 ;
; Auto Shift Register Replacement                                                 ; Auto               ; Auto               ;
; Allow Shift Register Merging across Hierarchies                                 ; Auto               ; Auto               ;
; Auto Clock Enable Replacement                                                   ; On                 ; On                 ;
; Strict RAM Replacement                                                          ; Off                ; Off                ;
; Allow Synchronous Control Signals                                               ; On                 ; On                 ;
; Force Use of Synchronous Clear Signals                                          ; Off                ; Off                ;
; Auto Resource Sharing                                                           ; Off                ; Off                ;
; Allow Any RAM Size For Recognition                                              ; Off                ; Off                ;
; Allow Any ROM Size For Recognition                                              ; Off                ; Off                ;
; Allow Any Shift Register Size For Recognition                                   ; Off                ; Off                ;
; Use LogicLock Constraints during Resource Balancing                             ; On                 ; On                 ;
; Ignore translate_off and synthesis_off directives                               ; Off                ; Off                ;
; Timing-Driven Synthesis                                                         ; On                 ; On                 ;
; Report Parameter Settings                                                       ; On                 ; On                 ;
; Report Source Assignments                                                       ; On                 ; On                 ;
; Report Connectivity Checks                                                      ; On                 ; On                 ;
; Ignore Maximum Fan-Out Assignments                                              ; Off                ; Off                ;
; Synchronization Register Chain Length                                           ; 3                  ; 3                  ;
; Power Optimization During Synthesis                                             ; Normal compilation ; Normal compilation ;
; HDL message level                                                               ; Level2             ; Level2             ;
; Suppress Register Optimization Related Messages                                 ; Off                ; Off                ;
; Number of Removed Registers Reported in Synthesis Report                        ; 5000               ; 5000               ;
; Number of Swept Nodes Reported in Synthesis Report                              ; 5000               ; 5000               ;
; Number of Inverted Registers Reported in Synthesis Report                       ; 100                ; 100                ;
; Clock MUX Protection                                                            ; On                 ; On                 ;
; Auto Gated Clock Conversion                                                     ; Off                ; Off                ;
; Block Design Naming                                                             ; Auto               ; Auto               ;
; SDC constraint protection                                                       ; Off                ; Off                ;
; Synthesis Effort                                                                ; Auto               ; Auto               ;
; Shift Register Replacement - Allow Asynchronous Clear Signal                    ; On                 ; On                 ;
; Pre-Mapping Resynthesis Optimization                                            ; Off                ; Off                ;
; Analysis & Synthesis Message Level                                              ; Medium             ; Medium             ;
; Disable Register Merging Across Hierarchies                                     ; Auto               ; Auto               ;
; Resource Aware Inference For Block RAM                                          ; On                 ; On                 ;
; Automatic Parallel Synthesis                                                    ; On                 ; On                 ;
; Partial Reconfiguration Bitstream ID                                            ; Off                ; Off                ;
+---------------------------------------------------------------------------------+--------------------+--------------------+


+------------------------------------------+
; Parallel Compilation                     ;
+----------------------------+-------------+
; Processors                 ; Number      ;
+----------------------------+-------------+
; Number detected on machine ; 4           ;
; Maximum allowed            ; 2           ;
;                            ;             ;
; Average used               ; 1.00        ;
; Maximum used               ; 2           ;
;                            ;             ;
; Usage by Processor         ; % Time Used ;
;     Processor 1            ; 100.0%      ;
;     Processor 2            ;   0.1%      ;
+----------------------------+-------------+


+----------------------------------------------------------------------------------------------------------------------------------------------------------------------------------------------------------------+
; Analysis & Synthesis Source Files Read                                                                                                                                                                         ;
+----------------------------------+-----------------+------------------------------+------------------------------------------------------------------------------------------------------------------+---------+
; File Name with User-Entered Path ; Used in Netlist ; File Type                    ; File Name with Absolute Path                                                                                     ; Library ;
+----------------------------------+-----------------+------------------------------+------------------------------------------------------------------------------------------------------------------+---------+
; comparetor.sv                    ; yes             ; User SystemVerilog HDL File  ; C:/Users/sony/Desktop/UOB/Semester 7 (Spring 24-25)/CPEN313 (Computer Embedded Systems)/Project/comparetor.sv    ;         ;
; BitonicSorter.sv                 ; yes             ; User SystemVerilog HDL File  ; C:/Users/sony/Desktop/UOB/Semester 7 (Spring 24-25)/CPEN313 (Computer Embedded Systems)/Project/BitonicSorter.sv ;         ;
+----------------------------------+-----------------+------------------------------+------------------------------------------------------------------------------------------------------------------+---------+


+----------------------------------------------------------+
; Analysis & Synthesis Resource Usage Summary              ;
+---------------------------------------------+------------+
; Resource                                    ; Usage      ;
+---------------------------------------------+------------+
; Estimate of Logic utilization (ALMs needed) ; 3024       ;
;                                             ;            ;
; Combinational ALUT usage for logic          ; 4043       ;
;     -- 7 input functions                    ; 0          ;
;     -- 6 input functions                    ; 981        ;
;     -- 5 input functions                    ; 211        ;
;     -- 4 input functions                    ; 1646       ;
;     -- <=3 input functions                  ; 1205       ;
;                                             ;            ;
; Dedicated logic registers                   ; 521        ;
;                                             ;            ;
; Virtual pins                                ; 1024       ;
; I/O pins                                    ; 2          ;
;                                             ;            ;
; Total DSP Blocks                            ; 0          ;
;                                             ;            ;
; Maximum fan-out node                        ; rstN~input ;
; Maximum fan-out                             ; 1545       ;
; Total fan-out                               ; 18822      ;
; Average fan-out                             ; 3.37       ;
+---------------------------------------------+------------+


+----------------------------------------------------------------------------------------------------------------------------------------------------------------------------------------------------+
; Analysis & Synthesis Resource Utilization by Entity                                                                                                                                                ;
+----------------------------+---------------------+---------------------------+-------------------+------------+------+--------------+-------------------------------+---------------+--------------+
; Compilation Hierarchy Node ; Combinational ALUTs ; Dedicated Logic Registers ; Block Memory Bits ; DSP Blocks ; Pins ; Virtual Pins ; Full Hierarchy Name           ; Entity Name   ; Library Name ;
+----------------------------+---------------------+---------------------------+-------------------+------------+------+--------------+-------------------------------+---------------+--------------+
; |BitonicSorter             ; 4043 (3201)         ; 521 (521)                 ; 0                 ; 0          ; 2    ; 1024         ; |BitonicSorter                ; BitonicSorter ; work         ;
;    |comparetor:c0|         ; 35 (35)             ; 0 (0)                     ; 0                 ; 0          ; 0    ; 0            ; |BitonicSorter|comparetor:c0  ; comparetor    ; work         ;
;    |comparetor:c10|        ; 55 (55)             ; 0 (0)                     ; 0                 ; 0          ; 0    ; 0            ; |BitonicSorter|comparetor:c10 ; comparetor    ; work         ;
;    |comparetor:c11|        ; 55 (55)             ; 0 (0)                     ; 0                 ; 0          ; 0    ; 0            ; |BitonicSorter|comparetor:c11 ; comparetor    ; work         ;
;    |comparetor:c12|        ; 55 (55)             ; 0 (0)                     ; 0                 ; 0          ; 0    ; 0            ; |BitonicSorter|comparetor:c12 ; comparetor    ; work         ;
;    |comparetor:c13|        ; 55 (55)             ; 0 (0)                     ; 0                 ; 0          ; 0    ; 0            ; |BitonicSorter|comparetor:c13 ; comparetor    ; work         ;
;    |comparetor:c14|        ; 55 (55)             ; 0 (0)                     ; 0                 ; 0          ; 0    ; 0            ; |BitonicSorter|comparetor:c14 ; comparetor    ; work         ;
;    |comparetor:c15|        ; 40 (40)             ; 0 (0)                     ; 0                 ; 0          ; 0    ; 0            ; |BitonicSorter|comparetor:c15 ; comparetor    ; work         ;
;    |comparetor:c1|         ; 54 (54)             ; 0 (0)                     ; 0                 ; 0          ; 0    ; 0            ; |BitonicSorter|comparetor:c1  ; comparetor    ; work         ;
;    |comparetor:c2|         ; 54 (54)             ; 0 (0)                     ; 0                 ; 0          ; 0    ; 0            ; |BitonicSorter|comparetor:c2  ; comparetor    ; work         ;
;    |comparetor:c3|         ; 55 (55)             ; 0 (0)                     ; 0                 ; 0          ; 0    ; 0            ; |BitonicSorter|comparetor:c3  ; comparetor    ; work         ;
;    |comparetor:c4|         ; 54 (54)             ; 0 (0)                     ; 0                 ; 0          ; 0    ; 0            ; |BitonicSorter|comparetor:c4  ; comparetor    ; work         ;
;    |comparetor:c5|         ; 55 (55)             ; 0 (0)                     ; 0                 ; 0          ; 0    ; 0            ; |BitonicSorter|comparetor:c5  ; comparetor    ; work         ;
;    |comparetor:c6|         ; 55 (55)             ; 0 (0)                     ; 0                 ; 0          ; 0    ; 0            ; |BitonicSorter|comparetor:c6  ; comparetor    ; work         ;
;    |comparetor:c7|         ; 55 (55)             ; 0 (0)                     ; 0                 ; 0          ; 0    ; 0            ; |BitonicSorter|comparetor:c7  ; comparetor    ; work         ;
;    |comparetor:c8|         ; 55 (55)             ; 0 (0)                     ; 0                 ; 0          ; 0    ; 0            ; |BitonicSorter|comparetor:c8  ; comparetor    ; work         ;
;    |comparetor:c9|         ; 55 (55)             ; 0 (0)                     ; 0                 ; 0          ; 0    ; 0            ; |BitonicSorter|comparetor:c9  ; comparetor    ; work         ;
+----------------------------+---------------------+---------------------------+-------------------+------------+------+--------------+-------------------------------+---------------+--------------+
Note: For table entries with two numbers listed, the numbers in parentheses indicate the number of resources of the given type used by the specific entity alone. The numbers listed outside of parentheses indicate the total resources of the given type used by the specific entity and all of its sub-entities in the hierarchy.


Encoding Type:  One-Hot
+-----------------------------------------------------------------------------------------------------------------+
; State Machine - |BitonicSorter|state_reg                                                                        ;
+------------------+------------------+------------------+------------------+------------------+------------------+
; Name             ; state_reg.state0 ; state_reg.state4 ; state_reg.state3 ; state_reg.state2 ; state_reg.state1 ;
+------------------+------------------+------------------+------------------+------------------+------------------+
; state_reg.state0 ; 0                ; 0                ; 0                ; 0                ; 0                ;
; state_reg.state1 ; 1                ; 0                ; 0                ; 0                ; 1                ;
; state_reg.state2 ; 1                ; 0                ; 0                ; 1                ; 0                ;
; state_reg.state3 ; 1                ; 0                ; 1                ; 0                ; 0                ;
; state_reg.state4 ; 1                ; 1                ; 0                ; 0                ; 0                ;
+------------------+------------------+------------------+------------------+------------------+------------------+


+------------------------------------------------------+
; General Register Statistics                          ;
+----------------------------------------------+-------+
; Statistic                                    ; Value ;
+----------------------------------------------+-------+
; Total registers                              ; 521   ;
; Number of registers using Synchronous Clear  ; 0     ;
; Number of registers using Synchronous Load   ; 0     ;
; Number of registers using Asynchronous Clear ; 521   ;
; Number of registers using Asynchronous Load  ; 0     ;
; Number of registers using Clock Enable       ; 16    ;
; Number of registers using Preset             ; 0     ;
+----------------------------------------------+-------+


+------------------------------------------------------------------------------------------------------------------------------------------+
; Multiplexer Restructuring Statistics (Restructuring Performed)                                                                           ;
+--------------------+-----------+---------------+----------------------+------------------------+------------+----------------------------+
; Multiplexer Inputs ; Bus Width ; Baseline Area ; Area if Restructured ; Saving if Restructured ; Registered ; Example Multiplexer Output ;
+--------------------+-----------+---------------+----------------------+------------------------+------------+----------------------------+
; 3:1                ; 16 bits   ; 32 LEs        ; 32 LEs               ; 0 LEs                  ; Yes        ; |BitonicSorter|r_reg6[4]   ;
; 3:1                ; 16 bits   ; 32 LEs        ; 32 LEs               ; 0 LEs                  ; Yes        ; |BitonicSorter|r_reg5[15]  ;
; 3:1                ; 16 bits   ; 32 LEs        ; 32 LEs               ; 0 LEs                  ; Yes        ; |BitonicSorter|r_reg10[8]  ;
; 3:1                ; 16 bits   ; 32 LEs        ; 32 LEs               ; 0 LEs                  ; Yes        ; |BitonicSorter|r_reg12[15] ;
; 3:1                ; 16 bits   ; 32 LEs        ; 32 LEs               ; 0 LEs                  ; Yes        ; |BitonicSorter|r_reg9[1]   ;
; 3:1                ; 16 bits   ; 32 LEs        ; 32 LEs               ; 0 LEs                  ; Yes        ; |BitonicSorter|r_reg18[0]  ;
; 3:1                ; 16 bits   ; 32 LEs        ; 32 LEs               ; 0 LEs                  ; Yes        ; |BitonicSorter|r_reg20[15] ;
; 3:1                ; 16 bits   ; 32 LEs        ; 32 LEs               ; 0 LEs                  ; Yes        ; |BitonicSorter|r_reg24[8]  ;
; 3:1                ; 16 bits   ; 32 LEs        ; 32 LEs               ; 0 LEs                  ; Yes        ; |BitonicSorter|r_reg17[13] ;
; 3:1                ; 16 bits   ; 32 LEs        ; 32 LEs               ; 0 LEs                  ; Yes        ; |BitonicSorter|r_reg3[8]   ;
; 4:1                ; 16 bits   ; 32 LEs        ; 32 LEs               ; 0 LEs                  ; Yes        ; |BitonicSorter|r_reg14[0]  ;
; 4:1                ; 16 bits   ; 32 LEs        ; 32 LEs               ; 0 LEs                  ; Yes        ; |BitonicSorter|r_reg13[13] ;
; 4:1                ; 16 bits   ; 32 LEs        ; 32 LEs               ; 0 LEs                  ; Yes        ; |BitonicSorter|r_reg11[14] ;
; 4:1                ; 16 bits   ; 32 LEs        ; 32 LEs               ; 0 LEs                  ; Yes        ; |BitonicSorter|r_reg22[5]  ;
; 4:1                ; 16 bits   ; 32 LEs        ; 32 LEs               ; 0 LEs                  ; Yes        ; |BitonicSorter|r_reg21[15] ;
; 4:1                ; 16 bits   ; 32 LEs        ; 32 LEs               ; 0 LEs                  ; Yes        ; |BitonicSorter|r_reg26[4]  ;
; 4:1                ; 16 bits   ; 32 LEs        ; 32 LEs               ; 0 LEs                  ; Yes        ; |BitonicSorter|r_reg28[4]  ;
; 4:1                ; 16 bits   ; 32 LEs        ; 32 LEs               ; 0 LEs                  ; Yes        ; |BitonicSorter|r_reg25[4]  ;
; 4:1                ; 16 bits   ; 32 LEs        ; 32 LEs               ; 0 LEs                  ; Yes        ; |BitonicSorter|r_reg19[15] ;
; 4:1                ; 16 bits   ; 32 LEs        ; 32 LEs               ; 0 LEs                  ; Yes        ; |BitonicSorter|r_reg7[8]   ;
; 5:1                ; 96 bits   ; 288 LEs       ; 288 LEs              ; 0 LEs                  ; Yes        ; |BitonicSorter|r_reg23[15] ;
; 5:1                ; 256 bits  ; 768 LEs       ; 768 LEs              ; 0 LEs                  ; No         ; |BitonicSorter|Selector115 ;
+--------------------+-----------+---------------+----------------------+------------------------+------------+----------------------------+


+-------------------------------------------+
; Port Connectivity Checks: "comparetor:c0" ;
+------+-------+----------+-----------------+
; Port ; Type  ; Severity ; Details         ;
+------+-------+----------+-----------------+
; asc  ; Input ; Info     ; Stuck at VCC    ;
+------+-------+----------+-----------------+


+-----------------------------------------------------+
; Post-Synthesis Netlist Statistics for Top Partition ;
+-----------------------+-----------------------------+
; Type                  ; Count                       ;
+-----------------------+-----------------------------+
; arriav_ff             ; 521                         ;
;     CLR               ; 505                         ;
;     ENA CLR           ; 16                          ;
; arriav_lcell_comb     ; 4043                        ;
;     normal            ; 4043                        ;
;         2 data inputs ; 411                         ;
;         3 data inputs ; 794                         ;
;         4 data inputs ; 1646                        ;
;         5 data inputs ; 211                         ;
;         6 data inputs ; 981                         ;
; boundary_port         ; 1026                        ;
;                       ;                             ;
; Max LUT depth         ; 9.00                        ;
; Average LUT depth     ; 7.77                        ;
+-----------------------+-----------------------------+


+-------------------------------+
; Elapsed Time Per Partition    ;
+----------------+--------------+
; Partition Name ; Elapsed Time ;
+----------------+--------------+
; Top            ; 00:00:16     ;
+----------------+--------------+


+-------------------------------+
; Analysis & Synthesis Messages ;
+-------------------------------+
Info: *******************************************************************
Info: Running Quartus Prime Analysis & Synthesis
    Info: Version 18.1.0 Build 625 09/12/2018 SJ Lite Edition
    Info: Processing started: Wed May 21 11:09:13 2025
Info: Command: quartus_map --read_settings_files=on --write_settings_files=off BitonicSorter -c BitonicSorter
Warning (18236): Number of processors has not been specified which may cause overloading on shared machines.  Set the global assignment NUM_PARALLEL_PROCESSORS in your QSF to an appropriate value for best performance.
Info (20030): Parallel compilation is enabled and will use 2 of the 2 processors detected
Info (12021): Found 1 design units, including 1 entities, in source file comparetor.sv
    Info (12023): Found entity 1: comparetor File: C:/Users/sony/Desktop/UOB/Semester 7 (Spring 24-25)/CPEN313 (Computer Embedded Systems)/Project/comparetor.sv Line: 1
Info (12021): Found 1 design units, including 1 entities, in source file bitonicsorter.sv
    Info (12023): Found entity 1: BitonicSorter File: C:/Users/sony/Desktop/UOB/Semester 7 (Spring 24-25)/CPEN313 (Computer Embedded Systems)/Project/BitonicSorter.sv Line: 1
Info (12021): Found 1 design units, including 1 entities, in source file bitonicsorter64.sv
    Info (12023): Found entity 1: BitonicSorter64 File: C:/Users/sony/Desktop/UOB/Semester 7 (Spring 24-25)/CPEN313 (Computer Embedded Systems)/Project/BitonicSorter64.sv Line: 1
Info (12127): Elaborating entity "BitonicSorter" for the top level hierarchy
Warning (10958): SystemVerilog warning at BitonicSorter.sv(290): unique or priority keyword makes case statement complete File: C:/Users/sony/Desktop/UOB/Semester 7 (Spring 24-25)/CPEN313 (Computer Embedded Systems)/Project/BitonicSorter.sv Line: 290
Info (12128): Elaborating entity "comparetor" for hierarchy "comparetor:c0" File: C:/Users/sony/Desktop/UOB/Semester 7 (Spring 24-25)/CPEN313 (Computer Embedded Systems)/Project/BitonicSorter.sv Line: 310
Warning (13004): Presettable and clearable registers converted to equivalent circuits with latches. Registers power-up to an undefined state, and DEVCLRn places the registers in an undefined state.
    Warning (13310): Register "r_reg0[0]" is converted into an equivalent circuit using register "r_reg0[0]~_emulated" and latch "r_reg0[0]~1" File: C:/Users/sony/Desktop/UOB/Semester 7 (Spring 24-25)/CPEN313 (Computer Embedded Systems)/Project/BitonicSorter.sv Line: 95
    Warning (13310): Register "r_reg0[1]" is converted into an equivalent circuit using register "r_reg0[1]~_emulated" and latch "r_reg0[1]~5" File: C:/Users/sony/Desktop/UOB/Semester 7 (Spring 24-25)/CPEN313 (Computer Embedded Systems)/Project/BitonicSorter.sv Line: 95
    Warning (13310): Register "r_reg0[2]" is converted into an equivalent circuit using register "r_reg0[2]~_emulated" and latch "r_reg0[2]~9" File: C:/Users/sony/Desktop/UOB/Semester 7 (Spring 24-25)/CPEN313 (Computer Embedded Systems)/Project/BitonicSorter.sv Line: 95
    Warning (13310): Register "r_reg0[3]" is converted into an equivalent circuit using register "r_reg0[3]~_emulated" and latch "r_reg0[3]~13" File: C:/Users/sony/Desktop/UOB/Semester 7 (Spring 24-25)/CPEN313 (Computer Embedded Systems)/Project/BitonicSorter.sv Line: 95
    Warning (13310): Register "r_reg0[4]" is converted into an equivalent circuit using register "r_reg0[4]~_emulated" and latch "r_reg0[4]~17" File: C:/Users/sony/Desktop/UOB/Semester 7 (Spring 24-25)/CPEN313 (Computer Embedded Systems)/Project/BitonicSorter.sv Line: 95
    Warning (13310): Register "r_reg0[5]" is converted into an equivalent circuit using register "r_reg0[5]~_emulated" and latch "r_reg0[5]~21" File: C:/Users/sony/Desktop/UOB/Semester 7 (Spring 24-25)/CPEN313 (Computer Embedded Systems)/Project/BitonicSorter.sv Line: 95
    Warning (13310): Register "r_reg0[6]" is converted into an equivalent circuit using register "r_reg0[6]~_emulated" and latch "r_reg0[6]~25" File: C:/Users/sony/Desktop/UOB/Semester 7 (Spring 24-25)/CPEN313 (Computer Embedded Systems)/Project/BitonicSorter.sv Line: 95
    Warning (13310): Register "r_reg0[7]" is converted into an equivalent circuit using register "r_reg0[7]~_emulated" and latch "r_reg0[7]~29" File: C:/Users/sony/Desktop/UOB/Semester 7 (Spring 24-25)/CPEN313 (Computer Embedded Systems)/Project/BitonicSorter.sv Line: 95
    Warning (13310): Register "r_reg0[8]" is converted into an equivalent circuit using register "r_reg0[8]~_emulated" and latch "r_reg0[8]~33" File: C:/Users/sony/Desktop/UOB/Semester 7 (Spring 24-25)/CPEN313 (Computer Embedded Systems)/Project/BitonicSorter.sv Line: 95
    Warning (13310): Register "r_reg0[9]" is converted into an equivalent circuit using register "r_reg0[9]~_emulated" and latch "r_reg0[9]~37" File: C:/Users/sony/Desktop/UOB/Semester 7 (Spring 24-25)/CPEN313 (Computer Embedded Systems)/Project/BitonicSorter.sv Line: 95
    Warning (13310): Register "r_reg0[10]" is converted into an equivalent circuit using register "r_reg0[10]~_emulated" and latch "r_reg0[10]~41" File: C:/Users/sony/Desktop/UOB/Semester 7 (Spring 24-25)/CPEN313 (Computer Embedded Systems)/Project/BitonicSorter.sv Line: 95
    Warning (13310): Register "r_reg0[11]" is converted into an equivalent circuit using register "r_reg0[11]~_emulated" and latch "r_reg0[11]~45" File: C:/Users/sony/Desktop/UOB/Semester 7 (Spring 24-25)/CPEN313 (Computer Embedded Systems)/Project/BitonicSorter.sv Line: 95
    Warning (13310): Register "r_reg0[12]" is converted into an equivalent circuit using register "r_reg0[12]~_emulated" and latch "r_reg0[12]~49" File: C:/Users/sony/Desktop/UOB/Semester 7 (Spring 24-25)/CPEN313 (Computer Embedded Systems)/Project/BitonicSorter.sv Line: 95
    Warning (13310): Register "r_reg0[13]" is converted into an equivalent circuit using register "r_reg0[13]~_emulated" and latch "r_reg0[13]~53" File: C:/Users/sony/Desktop/UOB/Semester 7 (Spring 24-25)/CPEN313 (Computer Embedded Systems)/Project/BitonicSorter.sv Line: 95
    Warning (13310): Register "r_reg0[14]" is converted into an equivalent circuit using register "r_reg0[14]~_emulated" and latch "r_reg0[14]~57" File: C:/Users/sony/Desktop/UOB/Semester 7 (Spring 24-25)/CPEN313 (Computer Embedded Systems)/Project/BitonicSorter.sv Line: 95
    Warning (13310): Register "r_reg0[15]" is converted into an equivalent circuit using register "r_reg0[15]~_emulated" and latch "r_reg0[15]~61" File: C:/Users/sony/Desktop/UOB/Semester 7 (Spring 24-25)/CPEN313 (Computer Embedded Systems)/Project/BitonicSorter.sv Line: 95
    Warning (13310): Register "r_reg1[0]" is converted into an equivalent circuit using register "r_reg1[0]~_emulated" and latch "r_reg1[0]~1" File: C:/Users/sony/Desktop/UOB/Semester 7 (Spring 24-25)/CPEN313 (Computer Embedded Systems)/Project/BitonicSorter.sv Line: 95
    Warning (13310): Register "r_reg1[1]" is converted into an equivalent circuit using register "r_reg1[1]~_emulated" and latch "r_reg1[1]~5" File: C:/Users/sony/Desktop/UOB/Semester 7 (Spring 24-25)/CPEN313 (Computer Embedded Systems)/Project/BitonicSorter.sv Line: 95
    Warning (13310): Register "r_reg1[2]" is converted into an equivalent circuit using register "r_reg1[2]~_emulated" and latch "r_reg1[2]~9" File: C:/Users/sony/Desktop/UOB/Semester 7 (Spring 24-25)/CPEN313 (Computer Embedded Systems)/Project/BitonicSorter.sv Line: 95
    Warning (13310): Register "r_reg1[3]" is converted into an equivalent circuit using register "r_reg1[3]~_emulated" and latch "r_reg1[3]~13" File: C:/Users/sony/Desktop/UOB/Semester 7 (Spring 24-25)/CPEN313 (Computer Embedded Systems)/Project/BitonicSorter.sv Line: 95
    Warning (13310): Register "r_reg1[4]" is converted into an equivalent circuit using register "r_reg1[4]~_emulated" and latch "r_reg1[4]~17" File: C:/Users/sony/Desktop/UOB/Semester 7 (Spring 24-25)/CPEN313 (Computer Embedded Systems)/Project/BitonicSorter.sv Line: 95
    Warning (13310): Register "r_reg1[5]" is converted into an equivalent circuit using register "r_reg1[5]~_emulated" and latch "r_reg1[5]~21" File: C:/Users/sony/Desktop/UOB/Semester 7 (Spring 24-25)/CPEN313 (Computer Embedded Systems)/Project/BitonicSorter.sv Line: 95
    Warning (13310): Register "r_reg1[6]" is converted into an equivalent circuit using register "r_reg1[6]~_emulated" and latch "r_reg1[6]~25" File: C:/Users/sony/Desktop/UOB/Semester 7 (Spring 24-25)/CPEN313 (Computer Embedded Systems)/Project/BitonicSorter.sv Line: 95
    Warning (13310): Register "r_reg1[7]" is converted into an equivalent circuit using register "r_reg1[7]~_emulated" and latch "r_reg1[7]~29" File: C:/Users/sony/Desktop/UOB/Semester 7 (Spring 24-25)/CPEN313 (Computer Embedded Systems)/Project/BitonicSorter.sv Line: 95
    Warning (13310): Register "r_reg1[8]" is converted into an equivalent circuit using register "r_reg1[8]~_emulated" and latch "r_reg1[8]~33" File: C:/Users/sony/Desktop/UOB/Semester 7 (Spring 24-25)/CPEN313 (Computer Embedded Systems)/Project/BitonicSorter.sv Line: 95
    Warning (13310): Register "r_reg1[9]" is converted into an equivalent circuit using register "r_reg1[9]~_emulated" and latch "r_reg1[9]~37" File: C:/Users/sony/Desktop/UOB/Semester 7 (Spring 24-25)/CPEN313 (Computer Embedded Systems)/Project/BitonicSorter.sv Line: 95
    Warning (13310): Register "r_reg1[10]" is converted into an equivalent circuit using register "r_reg1[10]~_emulated" and latch "r_reg1[10]~41" File: C:/Users/sony/Desktop/UOB/Semester 7 (Spring 24-25)/CPEN313 (Computer Embedded Systems)/Project/BitonicSorter.sv Line: 95
    Warning (13310): Register "r_reg1[11]" is converted into an equivalent circuit using register "r_reg1[11]~_emulated" and latch "r_reg1[11]~45" File: C:/Users/sony/Desktop/UOB/Semester 7 (Spring 24-25)/CPEN313 (Computer Embedded Systems)/Project/BitonicSorter.sv Line: 95
    Warning (13310): Register "r_reg1[12]" is converted into an equivalent circuit using register "r_reg1[12]~_emulated" and latch "r_reg1[12]~49" File: C:/Users/sony/Desktop/UOB/Semester 7 (Spring 24-25)/CPEN313 (Computer Embedded Systems)/Project/BitonicSorter.sv Line: 95
    Warning (13310): Register "r_reg1[13]" is converted into an equivalent circuit using register "r_reg1[13]~_emulated" and latch "r_reg1[13]~53" File: C:/Users/sony/Desktop/UOB/Semester 7 (Spring 24-25)/CPEN313 (Computer Embedded Systems)/Project/BitonicSorter.sv Line: 95
    Warning (13310): Register "r_reg1[14]" is converted into an equivalent circuit using register "r_reg1[14]~_emulated" and latch "r_reg1[14]~57" File: C:/Users/sony/Desktop/UOB/Semester 7 (Spring 24-25)/CPEN313 (Computer Embedded Systems)/Project/BitonicSorter.sv Line: 95
    Warning (13310): Register "r_reg1[15]" is converted into an equivalent circuit using register "r_reg1[15]~_emulated" and latch "r_reg1[15]~61" File: C:/Users/sony/Desktop/UOB/Semester 7 (Spring 24-25)/CPEN313 (Computer Embedded Systems)/Project/BitonicSorter.sv Line: 95
    Warning (13310): Register "r_reg2[0]" is converted into an equivalent circuit using register "r_reg2[0]~_emulated" and latch "r_reg2[0]~1" File: C:/Users/sony/Desktop/UOB/Semester 7 (Spring 24-25)/CPEN313 (Computer Embedded Systems)/Project/BitonicSorter.sv Line: 95
    Warning (13310): Register "r_reg2[1]" is converted into an equivalent circuit using register "r_reg2[1]~_emulated" and latch "r_reg2[1]~5" File: C:/Users/sony/Desktop/UOB/Semester 7 (Spring 24-25)/CPEN313 (Computer Embedded Systems)/Project/BitonicSorter.sv Line: 95
    Warning (13310): Register "r_reg2[2]" is converted into an equivalent circuit using register "r_reg2[2]~_emulated" and latch "r_reg2[2]~9" File: C:/Users/sony/Desktop/UOB/Semester 7 (Spring 24-25)/CPEN313 (Computer Embedded Systems)/Project/BitonicSorter.sv Line: 95
    Warning (13310): Register "r_reg2[3]" is converted into an equivalent circuit using register "r_reg2[3]~_emulated" and latch "r_reg2[3]~13" File: C:/Users/sony/Desktop/UOB/Semester 7 (Spring 24-25)/CPEN313 (Computer Embedded Systems)/Project/BitonicSorter.sv Line: 95
    Warning (13310): Register "r_reg2[4]" is converted into an equivalent circuit using register "r_reg2[4]~_emulated" and latch "r_reg2[4]~17" File: C:/Users/sony/Desktop/UOB/Semester 7 (Spring 24-25)/CPEN313 (Computer Embedded Systems)/Project/BitonicSorter.sv Line: 95
    Warning (13310): Register "r_reg2[5]" is converted into an equivalent circuit using register "r_reg2[5]~_emulated" and latch "r_reg2[5]~21" File: C:/Users/sony/Desktop/UOB/Semester 7 (Spring 24-25)/CPEN313 (Computer Embedded Systems)/Project/BitonicSorter.sv Line: 95
    Warning (13310): Register "r_reg2[6]" is converted into an equivalent circuit using register "r_reg2[6]~_emulated" and latch "r_reg2[6]~25" File: C:/Users/sony/Desktop/UOB/Semester 7 (Spring 24-25)/CPEN313 (Computer Embedded Systems)/Project/BitonicSorter.sv Line: 95
    Warning (13310): Register "r_reg2[7]" is converted into an equivalent circuit using register "r_reg2[7]~_emulated" and latch "r_reg2[7]~29" File: C:/Users/sony/Desktop/UOB/Semester 7 (Spring 24-25)/CPEN313 (Computer Embedded Systems)/Project/BitonicSorter.sv Line: 95
    Warning (13310): Register "r_reg2[8]" is converted into an equivalent circuit using register "r_reg2[8]~_emulated" and latch "r_reg2[8]~33" File: C:/Users/sony/Desktop/UOB/Semester 7 (Spring 24-25)/CPEN313 (Computer Embedded Systems)/Project/BitonicSorter.sv Line: 95
    Warning (13310): Register "r_reg2[9]" is converted into an equivalent circuit using register "r_reg2[9]~_emulated" and latch "r_reg2[9]~37" File: C:/Users/sony/Desktop/UOB/Semester 7 (Spring 24-25)/CPEN313 (Computer Embedded Systems)/Project/BitonicSorter.sv Line: 95
    Warning (13310): Register "r_reg2[10]" is converted into an equivalent circuit using register "r_reg2[10]~_emulated" and latch "r_reg2[10]~41" File: C:/Users/sony/Desktop/UOB/Semester 7 (Spring 24-25)/CPEN313 (Computer Embedded Systems)/Project/BitonicSorter.sv Line: 95
    Warning (13310): Register "r_reg2[11]" is converted into an equivalent circuit using register "r_reg2[11]~_emulated" and latch "r_reg2[11]~45" File: C:/Users/sony/Desktop/UOB/Semester 7 (Spring 24-25)/CPEN313 (Computer Embedded Systems)/Project/BitonicSorter.sv Line: 95
    Warning (13310): Register "r_reg2[12]" is converted into an equivalent circuit using register "r_reg2[12]~_emulated" and latch "r_reg2[12]~49" File: C:/Users/sony/Desktop/UOB/Semester 7 (Spring 24-25)/CPEN313 (Computer Embedded Systems)/Project/BitonicSorter.sv Line: 95
    Warning (13310): Register "r_reg2[13]" is converted into an equivalent circuit using register "r_reg2[13]~_emulated" and latch "r_reg2[13]~53" File: C:/Users/sony/Desktop/UOB/Semester 7 (Spring 24-25)/CPEN313 (Computer Embedded Systems)/Project/BitonicSorter.sv Line: 95
    Warning (13310): Register "r_reg2[14]" is converted into an equivalent circuit using register "r_reg2[14]~_emulated" and latch "r_reg2[14]~57" File: C:/Users/sony/Desktop/UOB/Semester 7 (Spring 24-25)/CPEN313 (Computer Embedded Systems)/Project/BitonicSorter.sv Line: 95
    Warning (13310): Register "r_reg2[15]" is converted into an equivalent circuit using register "r_reg2[15]~_emulated" and latch "r_reg2[15]~61" File: C:/Users/sony/Desktop/UOB/Semester 7 (Spring 24-25)/CPEN313 (Computer Embedded Systems)/Project/BitonicSorter.sv Line: 95
    Warning (13310): Register "r_reg3[0]" is converted into an equivalent circuit using register "r_reg3[0]~_emulated" and latch "r_reg3[0]~1" File: C:/Users/sony/Desktop/UOB/Semester 7 (Spring 24-25)/CPEN313 (Computer Embedded Systems)/Project/BitonicSorter.sv Line: 95
    Warning (13310): Register "r_reg3[1]" is converted into an equivalent circuit using register "r_reg3[1]~_emulated" and latch "r_reg3[1]~5" File: C:/Users/sony/Desktop/UOB/Semester 7 (Spring 24-25)/CPEN313 (Computer Embedded Systems)/Project/BitonicSorter.sv Line: 95
    Warning (13310): Register "r_reg3[2]" is converted into an equivalent circuit using register "r_reg3[2]~_emulated" and latch "r_reg3[2]~9" File: C:/Users/sony/Desktop/UOB/Semester 7 (Spring 24-25)/CPEN313 (Computer Embedded Systems)/Project/BitonicSorter.sv Line: 95
    Warning (13310): Register "r_reg3[3]" is converted into an equivalent circuit using register "r_reg3[3]~_emulated" and latch "r_reg3[3]~13" File: C:/Users/sony/Desktop/UOB/Semester 7 (Spring 24-25)/CPEN313 (Computer Embedded Systems)/Project/BitonicSorter.sv Line: 95
    Warning (13310): Register "r_reg3[4]" is converted into an equivalent circuit using register "r_reg3[4]~_emulated" and latch "r_reg3[4]~17" File: C:/Users/sony/Desktop/UOB/Semester 7 (Spring 24-25)/CPEN313 (Computer Embedded Systems)/Project/BitonicSorter.sv Line: 95
    Warning (13310): Register "r_reg3[5]" is converted into an equivalent circuit using register "r_reg3[5]~_emulated" and latch "r_reg3[5]~21" File: C:/Users/sony/Desktop/UOB/Semester 7 (Spring 24-25)/CPEN313 (Computer Embedded Systems)/Project/BitonicSorter.sv Line: 95
    Warning (13310): Register "r_reg3[6]" is converted into an equivalent circuit using register "r_reg3[6]~_emulated" and latch "r_reg3[6]~25" File: C:/Users/sony/Desktop/UOB/Semester 7 (Spring 24-25)/CPEN313 (Computer Embedded Systems)/Project/BitonicSorter.sv Line: 95
    Warning (13310): Register "r_reg3[7]" is converted into an equivalent circuit using register "r_reg3[7]~_emulated" and latch "r_reg3[7]~29" File: C:/Users/sony/Desktop/UOB/Semester 7 (Spring 24-25)/CPEN313 (Computer Embedded Systems)/Project/BitonicSorter.sv Line: 95
    Warning (13310): Register "r_reg3[8]" is converted into an equivalent circuit using register "r_reg3[8]~_emulated" and latch "r_reg3[8]~33" File: C:/Users/sony/Desktop/UOB/Semester 7 (Spring 24-25)/CPEN313 (Computer Embedded Systems)/Project/BitonicSorter.sv Line: 95
    Warning (13310): Register "r_reg3[9]" is converted into an equivalent circuit using register "r_reg3[9]~_emulated" and latch "r_reg3[9]~37" File: C:/Users/sony/Desktop/UOB/Semester 7 (Spring 24-25)/CPEN313 (Computer Embedded Systems)/Project/BitonicSorter.sv Line: 95
    Warning (13310): Register "r_reg3[10]" is converted into an equivalent circuit using register "r_reg3[10]~_emulated" and latch "r_reg3[10]~41" File: C:/Users/sony/Desktop/UOB/Semester 7 (Spring 24-25)/CPEN313 (Computer Embedded Systems)/Project/BitonicSorter.sv Line: 95
    Warning (13310): Register "r_reg3[11]" is converted into an equivalent circuit using register "r_reg3[11]~_emulated" and latch "r_reg3[11]~45" File: C:/Users/sony/Desktop/UOB/Semester 7 (Spring 24-25)/CPEN313 (Computer Embedded Systems)/Project/BitonicSorter.sv Line: 95
    Warning (13310): Register "r_reg3[12]" is converted into an equivalent circuit using register "r_reg3[12]~_emulated" and latch "r_reg3[12]~49" File: C:/Users/sony/Desktop/UOB/Semester 7 (Spring 24-25)/CPEN313 (Computer Embedded Systems)/Project/BitonicSorter.sv Line: 95
    Warning (13310): Register "r_reg3[13]" is converted into an equivalent circuit using register "r_reg3[13]~_emulated" and latch "r_reg3[13]~53" File: C:/Users/sony/Desktop/UOB/Semester 7 (Spring 24-25)/CPEN313 (Computer Embedded Systems)/Project/BitonicSorter.sv Line: 95
    Warning (13310): Register "r_reg3[14]" is converted into an equivalent circuit using register "r_reg3[14]~_emulated" and latch "r_reg3[14]~57" File: C:/Users/sony/Desktop/UOB/Semester 7 (Spring 24-25)/CPEN313 (Computer Embedded Systems)/Project/BitonicSorter.sv Line: 95
    Warning (13310): Register "r_reg3[15]" is converted into an equivalent circuit using register "r_reg3[15]~_emulated" and latch "r_reg3[15]~61" File: C:/Users/sony/Desktop/UOB/Semester 7 (Spring 24-25)/CPEN313 (Computer Embedded Systems)/Project/BitonicSorter.sv Line: 95
    Warning (13310): Register "r_reg4[0]" is converted into an equivalent circuit using register "r_reg4[0]~_emulated" and latch "r_reg4[0]~1" File: C:/Users/sony/Desktop/UOB/Semester 7 (Spring 24-25)/CPEN313 (Computer Embedded Systems)/Project/BitonicSorter.sv Line: 95
    Warning (13310): Register "r_reg4[1]" is converted into an equivalent circuit using register "r_reg4[1]~_emulated" and latch "r_reg4[1]~5" File: C:/Users/sony/Desktop/UOB/Semester 7 (Spring 24-25)/CPEN313 (Computer Embedded Systems)/Project/BitonicSorter.sv Line: 95
    Warning (13310): Register "r_reg4[2]" is converted into an equivalent circuit using register "r_reg4[2]~_emulated" and latch "r_reg4[2]~9" File: C:/Users/sony/Desktop/UOB/Semester 7 (Spring 24-25)/CPEN313 (Computer Embedded Systems)/Project/BitonicSorter.sv Line: 95
    Warning (13310): Register "r_reg4[3]" is converted into an equivalent circuit using register "r_reg4[3]~_emulated" and latch "r_reg4[3]~13" File: C:/Users/sony/Desktop/UOB/Semester 7 (Spring 24-25)/CPEN313 (Computer Embedded Systems)/Project/BitonicSorter.sv Line: 95
    Warning (13310): Register "r_reg4[4]" is converted into an equivalent circuit using register "r_reg4[4]~_emulated" and latch "r_reg4[4]~17" File: C:/Users/sony/Desktop/UOB/Semester 7 (Spring 24-25)/CPEN313 (Computer Embedded Systems)/Project/BitonicSorter.sv Line: 95
    Warning (13310): Register "r_reg4[5]" is converted into an equivalent circuit using register "r_reg4[5]~_emulated" and latch "r_reg4[5]~21" File: C:/Users/sony/Desktop/UOB/Semester 7 (Spring 24-25)/CPEN313 (Computer Embedded Systems)/Project/BitonicSorter.sv Line: 95
    Warning (13310): Register "r_reg4[6]" is converted into an equivalent circuit using register "r_reg4[6]~_emulated" and latch "r_reg4[6]~25" File: C:/Users/sony/Desktop/UOB/Semester 7 (Spring 24-25)/CPEN313 (Computer Embedded Systems)/Project/BitonicSorter.sv Line: 95
    Warning (13310): Register "r_reg4[7]" is converted into an equivalent circuit using register "r_reg4[7]~_emulated" and latch "r_reg4[7]~29" File: C:/Users/sony/Desktop/UOB/Semester 7 (Spring 24-25)/CPEN313 (Computer Embedded Systems)/Project/BitonicSorter.sv Line: 95
    Warning (13310): Register "r_reg4[8]" is converted into an equivalent circuit using register "r_reg4[8]~_emulated" and latch "r_reg4[8]~33" File: C:/Users/sony/Desktop/UOB/Semester 7 (Spring 24-25)/CPEN313 (Computer Embedded Systems)/Project/BitonicSorter.sv Line: 95
    Warning (13310): Register "r_reg4[9]" is converted into an equivalent circuit using register "r_reg4[9]~_emulated" and latch "r_reg4[9]~37" File: C:/Users/sony/Desktop/UOB/Semester 7 (Spring 24-25)/CPEN313 (Computer Embedded Systems)/Project/BitonicSorter.sv Line: 95
    Warning (13310): Register "r_reg4[10]" is converted into an equivalent circuit using register "r_reg4[10]~_emulated" and latch "r_reg4[10]~41" File: C:/Users/sony/Desktop/UOB/Semester 7 (Spring 24-25)/CPEN313 (Computer Embedded Systems)/Project/BitonicSorter.sv Line: 95
    Warning (13310): Register "r_reg4[11]" is converted into an equivalent circuit using register "r_reg4[11]~_emulated" and latch "r_reg4[11]~45" File: C:/Users/sony/Desktop/UOB/Semester 7 (Spring 24-25)/CPEN313 (Computer Embedded Systems)/Project/BitonicSorter.sv Line: 95
    Warning (13310): Register "r_reg4[12]" is converted into an equivalent circuit using register "r_reg4[12]~_emulated" and latch "r_reg4[12]~49" File: C:/Users/sony/Desktop/UOB/Semester 7 (Spring 24-25)/CPEN313 (Computer Embedded Systems)/Project/BitonicSorter.sv Line: 95
    Warning (13310): Register "r_reg4[13]" is converted into an equivalent circuit using register "r_reg4[13]~_emulated" and latch "r_reg4[13]~53" File: C:/Users/sony/Desktop/UOB/Semester 7 (Spring 24-25)/CPEN313 (Computer Embedded Systems)/Project/BitonicSorter.sv Line: 95
    Warning (13310): Register "r_reg4[14]" is converted into an equivalent circuit using register "r_reg4[14]~_emulated" and latch "r_reg4[14]~57" File: C:/Users/sony/Desktop/UOB/Semester 7 (Spring 24-25)/CPEN313 (Computer Embedded Systems)/Project/BitonicSorter.sv Line: 95
    Warning (13310): Register "r_reg4[15]" is converted into an equivalent circuit using register "r_reg4[15]~_emulated" and latch "r_reg4[15]~61" File: C:/Users/sony/Desktop/UOB/Semester 7 (Spring 24-25)/CPEN313 (Computer Embedded Systems)/Project/BitonicSorter.sv Line: 95
    Warning (13310): Register "r_reg5[0]" is converted into an equivalent circuit using register "r_reg5[0]~_emulated" and latch "r_reg5[0]~1" File: C:/Users/sony/Desktop/UOB/Semester 7 (Spring 24-25)/CPEN313 (Computer Embedded Systems)/Project/BitonicSorter.sv Line: 95
    Warning (13310): Register "r_reg5[1]" is converted into an equivalent circuit using register "r_reg5[1]~_emulated" and latch "r_reg5[1]~5" File: C:/Users/sony/Desktop/UOB/Semester 7 (Spring 24-25)/CPEN313 (Computer Embedded Systems)/Project/BitonicSorter.sv Line: 95
    Warning (13310): Register "r_reg5[2]" is converted into an equivalent circuit using register "r_reg5[2]~_emulated" and latch "r_reg5[2]~9" File: C:/Users/sony/Desktop/UOB/Semester 7 (Spring 24-25)/CPEN313 (Computer Embedded Systems)/Project/BitonicSorter.sv Line: 95
    Warning (13310): Register "r_reg5[3]" is converted into an equivalent circuit using register "r_reg5[3]~_emulated" and latch "r_reg5[3]~13" File: C:/Users/sony/Desktop/UOB/Semester 7 (Spring 24-25)/CPEN313 (Computer Embedded Systems)/Project/BitonicSorter.sv Line: 95
    Warning (13310): Register "r_reg5[4]" is converted into an equivalent circuit using register "r_reg5[4]~_emulated" and latch "r_reg5[4]~17" File: C:/Users/sony/Desktop/UOB/Semester 7 (Spring 24-25)/CPEN313 (Computer Embedded Systems)/Project/BitonicSorter.sv Line: 95
    Warning (13310): Register "r_reg5[5]" is converted into an equivalent circuit using register "r_reg5[5]~_emulated" and latch "r_reg5[5]~21" File: C:/Users/sony/Desktop/UOB/Semester 7 (Spring 24-25)/CPEN313 (Computer Embedded Systems)/Project/BitonicSorter.sv Line: 95
    Warning (13310): Register "r_reg5[6]" is converted into an equivalent circuit using register "r_reg5[6]~_emulated" and latch "r_reg5[6]~25" File: C:/Users/sony/Desktop/UOB/Semester 7 (Spring 24-25)/CPEN313 (Computer Embedded Systems)/Project/BitonicSorter.sv Line: 95
    Warning (13310): Register "r_reg5[7]" is converted into an equivalent circuit using register "r_reg5[7]~_emulated" and latch "r_reg5[7]~29" File: C:/Users/sony/Desktop/UOB/Semester 7 (Spring 24-25)/CPEN313 (Computer Embedded Systems)/Project/BitonicSorter.sv Line: 95
    Warning (13310): Register "r_reg5[8]" is converted into an equivalent circuit using register "r_reg5[8]~_emulated" and latch "r_reg5[8]~33" File: C:/Users/sony/Desktop/UOB/Semester 7 (Spring 24-25)/CPEN313 (Computer Embedded Systems)/Project/BitonicSorter.sv Line: 95
    Warning (13310): Register "r_reg5[9]" is converted into an equivalent circuit using register "r_reg5[9]~_emulated" and latch "r_reg5[9]~37" File: C:/Users/sony/Desktop/UOB/Semester 7 (Spring 24-25)/CPEN313 (Computer Embedded Systems)/Project/BitonicSorter.sv Line: 95
    Warning (13310): Register "r_reg5[10]" is converted into an equivalent circuit using register "r_reg5[10]~_emulated" and latch "r_reg5[10]~41" File: C:/Users/sony/Desktop/UOB/Semester 7 (Spring 24-25)/CPEN313 (Computer Embedded Systems)/Project/BitonicSorter.sv Line: 95
    Warning (13310): Register "r_reg5[11]" is converted into an equivalent circuit using register "r_reg5[11]~_emulated" and latch "r_reg5[11]~45" File: C:/Users/sony/Desktop/UOB/Semester 7 (Spring 24-25)/CPEN313 (Computer Embedded Systems)/Project/BitonicSorter.sv Line: 95
    Warning (13310): Register "r_reg5[12]" is converted into an equivalent circuit using register "r_reg5[12]~_emulated" and latch "r_reg5[12]~49" File: C:/Users/sony/Desktop/UOB/Semester 7 (Spring 24-25)/CPEN313 (Computer Embedded Systems)/Project/BitonicSorter.sv Line: 95
    Warning (13310): Register "r_reg5[13]" is converted into an equivalent circuit using register "r_reg5[13]~_emulated" and latch "r_reg5[13]~53" File: C:/Users/sony/Desktop/UOB/Semester 7 (Spring 24-25)/CPEN313 (Computer Embedded Systems)/Project/BitonicSorter.sv Line: 95
    Warning (13310): Register "r_reg5[14]" is converted into an equivalent circuit using register "r_reg5[14]~_emulated" and latch "r_reg5[14]~57" File: C:/Users/sony/Desktop/UOB/Semester 7 (Spring 24-25)/CPEN313 (Computer Embedded Systems)/Project/BitonicSorter.sv Line: 95
    Warning (13310): Register "r_reg5[15]" is converted into an equivalent circuit using register "r_reg5[15]~_emulated" and latch "r_reg5[15]~61" File: C:/Users/sony/Desktop/UOB/Semester 7 (Spring 24-25)/CPEN313 (Computer Embedded Systems)/Project/BitonicSorter.sv Line: 95
    Warning (13310): Register "r_reg6[0]" is converted into an equivalent circuit using register "r_reg6[0]~_emulated" and latch "r_reg6[0]~1" File: C:/Users/sony/Desktop/UOB/Semester 7 (Spring 24-25)/CPEN313 (Computer Embedded Systems)/Project/BitonicSorter.sv Line: 95
    Warning (13310): Register "r_reg6[1]" is converted into an equivalent circuit using register "r_reg6[1]~_emulated" and latch "r_reg6[1]~5" File: C:/Users/sony/Desktop/UOB/Semester 7 (Spring 24-25)/CPEN313 (Computer Embedded Systems)/Project/BitonicSorter.sv Line: 95
    Warning (13310): Register "r_reg6[2]" is converted into an equivalent circuit using register "r_reg6[2]~_emulated" and latch "r_reg6[2]~9" File: C:/Users/sony/Desktop/UOB/Semester 7 (Spring 24-25)/CPEN313 (Computer Embedded Systems)/Project/BitonicSorter.sv Line: 95
    Warning (13310): Register "r_reg6[3]" is converted into an equivalent circuit using register "r_reg6[3]~_emulated" and latch "r_reg6[3]~13" File: C:/Users/sony/Desktop/UOB/Semester 7 (Spring 24-25)/CPEN313 (Computer Embedded Systems)/Project/BitonicSorter.sv Line: 95
    Warning (13310): Register "r_reg6[4]" is converted into an equivalent circuit using register "r_reg6[4]~_emulated" and latch "r_reg6[4]~17" File: C:/Users/sony/Desktop/UOB/Semester 7 (Spring 24-25)/CPEN313 (Computer Embedded Systems)/Project/BitonicSorter.sv Line: 95
    Warning (13310): Register "r_reg6[5]" is converted into an equivalent circuit using register "r_reg6[5]~_emulated" and latch "r_reg6[5]~21" File: C:/Users/sony/Desktop/UOB/Semester 7 (Spring 24-25)/CPEN313 (Computer Embedded Systems)/Project/BitonicSorter.sv Line: 95
    Warning (13310): Register "r_reg6[6]" is converted into an equivalent circuit using register "r_reg6[6]~_emulated" and latch "r_reg6[6]~25" File: C:/Users/sony/Desktop/UOB/Semester 7 (Spring 24-25)/CPEN313 (Computer Embedded Systems)/Project/BitonicSorter.sv Line: 95
    Warning (13310): Register "r_reg6[7]" is converted into an equivalent circuit using register "r_reg6[7]~_emulated" and latch "r_reg6[7]~29" File: C:/Users/sony/Desktop/UOB/Semester 7 (Spring 24-25)/CPEN313 (Computer Embedded Systems)/Project/BitonicSorter.sv Line: 95
    Warning (13310): Register "r_reg6[8]" is converted into an equivalent circuit using register "r_reg6[8]~_emulated" and latch "r_reg6[8]~33" File: C:/Users/sony/Desktop/UOB/Semester 7 (Spring 24-25)/CPEN313 (Computer Embedded Systems)/Project/BitonicSorter.sv Line: 95
    Warning (13310): Register "r_reg6[9]" is converted into an equivalent circuit using register "r_reg6[9]~_emulated" and latch "r_reg6[9]~37" File: C:/Users/sony/Desktop/UOB/Semester 7 (Spring 24-25)/CPEN313 (Computer Embedded Systems)/Project/BitonicSorter.sv Line: 95
    Warning (13310): Register "r_reg6[10]" is converted into an equivalent circuit using register "r_reg6[10]~_emulated" and latch "r_reg6[10]~41" File: C:/Users/sony/Desktop/UOB/Semester 7 (Spring 24-25)/CPEN313 (Computer Embedded Systems)/Project/BitonicSorter.sv Line: 95
    Warning (13310): Register "r_reg6[11]" is converted into an equivalent circuit using register "r_reg6[11]~_emulated" and latch "r_reg6[11]~45" File: C:/Users/sony/Desktop/UOB/Semester 7 (Spring 24-25)/CPEN313 (Computer Embedded Systems)/Project/BitonicSorter.sv Line: 95
    Warning (13310): Register "r_reg6[12]" is converted into an equivalent circuit using register "r_reg6[12]~_emulated" and latch "r_reg6[12]~49" File: C:/Users/sony/Desktop/UOB/Semester 7 (Spring 24-25)/CPEN313 (Computer Embedded Systems)/Project/BitonicSorter.sv Line: 95
    Warning (13310): Register "r_reg6[13]" is converted into an equivalent circuit using register "r_reg6[13]~_emulated" and latch "r_reg6[13]~53" File: C:/Users/sony/Desktop/UOB/Semester 7 (Spring 24-25)/CPEN313 (Computer Embedded Systems)/Project/BitonicSorter.sv Line: 95
    Warning (13310): Register "r_reg6[14]" is converted into an equivalent circuit using register "r_reg6[14]~_emulated" and latch "r_reg6[14]~57" File: C:/Users/sony/Desktop/UOB/Semester 7 (Spring 24-25)/CPEN313 (Computer Embedded Systems)/Project/BitonicSorter.sv Line: 95
    Warning (13310): Register "r_reg6[15]" is converted into an equivalent circuit using register "r_reg6[15]~_emulated" and latch "r_reg6[15]~61" File: C:/Users/sony/Desktop/UOB/Semester 7 (Spring 24-25)/CPEN313 (Computer Embedded Systems)/Project/BitonicSorter.sv Line: 95
    Warning (13310): Register "r_reg7[0]" is converted into an equivalent circuit using register "r_reg7[0]~_emulated" and latch "r_reg7[0]~1" File: C:/Users/sony/Desktop/UOB/Semester 7 (Spring 24-25)/CPEN313 (Computer Embedded Systems)/Project/BitonicSorter.sv Line: 95
    Warning (13310): Register "r_reg7[1]" is converted into an equivalent circuit using register "r_reg7[1]~_emulated" and latch "r_reg7[1]~5" File: C:/Users/sony/Desktop/UOB/Semester 7 (Spring 24-25)/CPEN313 (Computer Embedded Systems)/Project/BitonicSorter.sv Line: 95
    Warning (13310): Register "r_reg7[2]" is converted into an equivalent circuit using register "r_reg7[2]~_emulated" and latch "r_reg7[2]~9" File: C:/Users/sony/Desktop/UOB/Semester 7 (Spring 24-25)/CPEN313 (Computer Embedded Systems)/Project/BitonicSorter.sv Line: 95
    Warning (13310): Register "r_reg7[3]" is converted into an equivalent circuit using register "r_reg7[3]~_emulated" and latch "r_reg7[3]~13" File: C:/Users/sony/Desktop/UOB/Semester 7 (Spring 24-25)/CPEN313 (Computer Embedded Systems)/Project/BitonicSorter.sv Line: 95
    Warning (13310): Register "r_reg7[4]" is converted into an equivalent circuit using register "r_reg7[4]~_emulated" and latch "r_reg7[4]~17" File: C:/Users/sony/Desktop/UOB/Semester 7 (Spring 24-25)/CPEN313 (Computer Embedded Systems)/Project/BitonicSorter.sv Line: 95
    Warning (13310): Register "r_reg7[5]" is converted into an equivalent circuit using register "r_reg7[5]~_emulated" and latch "r_reg7[5]~21" File: C:/Users/sony/Desktop/UOB/Semester 7 (Spring 24-25)/CPEN313 (Computer Embedded Systems)/Project/BitonicSorter.sv Line: 95
    Warning (13310): Register "r_reg7[6]" is converted into an equivalent circuit using register "r_reg7[6]~_emulated" and latch "r_reg7[6]~25" File: C:/Users/sony/Desktop/UOB/Semester 7 (Spring 24-25)/CPEN313 (Computer Embedded Systems)/Project/BitonicSorter.sv Line: 95
    Warning (13310): Register "r_reg7[7]" is converted into an equivalent circuit using register "r_reg7[7]~_emulated" and latch "r_reg7[7]~29" File: C:/Users/sony/Desktop/UOB/Semester 7 (Spring 24-25)/CPEN313 (Computer Embedded Systems)/Project/BitonicSorter.sv Line: 95
    Warning (13310): Register "r_reg7[8]" is converted into an equivalent circuit using register "r_reg7[8]~_emulated" and latch "r_reg7[8]~33" File: C:/Users/sony/Desktop/UOB/Semester 7 (Spring 24-25)/CPEN313 (Computer Embedded Systems)/Project/BitonicSorter.sv Line: 95
    Warning (13310): Register "r_reg7[9]" is converted into an equivalent circuit using register "r_reg7[9]~_emulated" and latch "r_reg7[9]~37" File: C:/Users/sony/Desktop/UOB/Semester 7 (Spring 24-25)/CPEN313 (Computer Embedded Systems)/Project/BitonicSorter.sv Line: 95
    Warning (13310): Register "r_reg7[10]" is converted into an equivalent circuit using register "r_reg7[10]~_emulated" and latch "r_reg7[10]~41" File: C:/Users/sony/Desktop/UOB/Semester 7 (Spring 24-25)/CPEN313 (Computer Embedded Systems)/Project/BitonicSorter.sv Line: 95
    Warning (13310): Register "r_reg7[11]" is converted into an equivalent circuit using register "r_reg7[11]~_emulated" and latch "r_reg7[11]~45" File: C:/Users/sony/Desktop/UOB/Semester 7 (Spring 24-25)/CPEN313 (Computer Embedded Systems)/Project/BitonicSorter.sv Line: 95
    Warning (13310): Register "r_reg7[12]" is converted into an equivalent circuit using register "r_reg7[12]~_emulated" and latch "r_reg7[12]~49" File: C:/Users/sony/Desktop/UOB/Semester 7 (Spring 24-25)/CPEN313 (Computer Embedded Systems)/Project/BitonicSorter.sv Line: 95
    Warning (13310): Register "r_reg7[13]" is converted into an equivalent circuit using register "r_reg7[13]~_emulated" and latch "r_reg7[13]~53" File: C:/Users/sony/Desktop/UOB/Semester 7 (Spring 24-25)/CPEN313 (Computer Embedded Systems)/Project/BitonicSorter.sv Line: 95
    Warning (13310): Register "r_reg7[14]" is converted into an equivalent circuit using register "r_reg7[14]~_emulated" and latch "r_reg7[14]~57" File: C:/Users/sony/Desktop/UOB/Semester 7 (Spring 24-25)/CPEN313 (Computer Embedded Systems)/Project/BitonicSorter.sv Line: 95
    Warning (13310): Register "r_reg7[15]" is converted into an equivalent circuit using register "r_reg7[15]~_emulated" and latch "r_reg7[15]~61" File: C:/Users/sony/Desktop/UOB/Semester 7 (Spring 24-25)/CPEN313 (Computer Embedded Systems)/Project/BitonicSorter.sv Line: 95
    Warning (13310): Register "r_reg8[0]" is converted into an equivalent circuit using register "r_reg8[0]~_emulated" and latch "r_reg8[0]~1" File: C:/Users/sony/Desktop/UOB/Semester 7 (Spring 24-25)/CPEN313 (Computer Embedded Systems)/Project/BitonicSorter.sv Line: 95
    Warning (13310): Register "r_reg8[1]" is converted into an equivalent circuit using register "r_reg8[1]~_emulated" and latch "r_reg8[1]~5" File: C:/Users/sony/Desktop/UOB/Semester 7 (Spring 24-25)/CPEN313 (Computer Embedded Systems)/Project/BitonicSorter.sv Line: 95
    Warning (13310): Register "r_reg8[2]" is converted into an equivalent circuit using register "r_reg8[2]~_emulated" and latch "r_reg8[2]~9" File: C:/Users/sony/Desktop/UOB/Semester 7 (Spring 24-25)/CPEN313 (Computer Embedded Systems)/Project/BitonicSorter.sv Line: 95
    Warning (13310): Register "r_reg8[3]" is converted into an equivalent circuit using register "r_reg8[3]~_emulated" and latch "r_reg8[3]~13" File: C:/Users/sony/Desktop/UOB/Semester 7 (Spring 24-25)/CPEN313 (Computer Embedded Systems)/Project/BitonicSorter.sv Line: 95
    Warning (13310): Register "r_reg8[4]" is converted into an equivalent circuit using register "r_reg8[4]~_emulated" and latch "r_reg8[4]~17" File: C:/Users/sony/Desktop/UOB/Semester 7 (Spring 24-25)/CPEN313 (Computer Embedded Systems)/Project/BitonicSorter.sv Line: 95
    Warning (13310): Register "r_reg8[5]" is converted into an equivalent circuit using register "r_reg8[5]~_emulated" and latch "r_reg8[5]~21" File: C:/Users/sony/Desktop/UOB/Semester 7 (Spring 24-25)/CPEN313 (Computer Embedded Systems)/Project/BitonicSorter.sv Line: 95
    Warning (13310): Register "r_reg8[6]" is converted into an equivalent circuit using register "r_reg8[6]~_emulated" and latch "r_reg8[6]~25" File: C:/Users/sony/Desktop/UOB/Semester 7 (Spring 24-25)/CPEN313 (Computer Embedded Systems)/Project/BitonicSorter.sv Line: 95
    Warning (13310): Register "r_reg8[7]" is converted into an equivalent circuit using register "r_reg8[7]~_emulated" and latch "r_reg8[7]~29" File: C:/Users/sony/Desktop/UOB/Semester 7 (Spring 24-25)/CPEN313 (Computer Embedded Systems)/Project/BitonicSorter.sv Line: 95
    Warning (13310): Register "r_reg8[8]" is converted into an equivalent circuit using register "r_reg8[8]~_emulated" and latch "r_reg8[8]~33" File: C:/Users/sony/Desktop/UOB/Semester 7 (Spring 24-25)/CPEN313 (Computer Embedded Systems)/Project/BitonicSorter.sv Line: 95
    Warning (13310): Register "r_reg8[9]" is converted into an equivalent circuit using register "r_reg8[9]~_emulated" and latch "r_reg8[9]~37" File: C:/Users/sony/Desktop/UOB/Semester 7 (Spring 24-25)/CPEN313 (Computer Embedded Systems)/Project/BitonicSorter.sv Line: 95
    Warning (13310): Register "r_reg8[10]" is converted into an equivalent circuit using register "r_reg8[10]~_emulated" and latch "r_reg8[10]~41" File: C:/Users/sony/Desktop/UOB/Semester 7 (Spring 24-25)/CPEN313 (Computer Embedded Systems)/Project/BitonicSorter.sv Line: 95
    Warning (13310): Register "r_reg8[11]" is converted into an equivalent circuit using register "r_reg8[11]~_emulated" and latch "r_reg8[11]~45" File: C:/Users/sony/Desktop/UOB/Semester 7 (Spring 24-25)/CPEN313 (Computer Embedded Systems)/Project/BitonicSorter.sv Line: 95
    Warning (13310): Register "r_reg8[12]" is converted into an equivalent circuit using register "r_reg8[12]~_emulated" and latch "r_reg8[12]~49" File: C:/Users/sony/Desktop/UOB/Semester 7 (Spring 24-25)/CPEN313 (Computer Embedded Systems)/Project/BitonicSorter.sv Line: 95
    Warning (13310): Register "r_reg8[13]" is converted into an equivalent circuit using register "r_reg8[13]~_emulated" and latch "r_reg8[13]~53" File: C:/Users/sony/Desktop/UOB/Semester 7 (Spring 24-25)/CPEN313 (Computer Embedded Systems)/Project/BitonicSorter.sv Line: 95
    Warning (13310): Register "r_reg8[14]" is converted into an equivalent circuit using register "r_reg8[14]~_emulated" and latch "r_reg8[14]~57" File: C:/Users/sony/Desktop/UOB/Semester 7 (Spring 24-25)/CPEN313 (Computer Embedded Systems)/Project/BitonicSorter.sv Line: 95
    Warning (13310): Register "r_reg8[15]" is converted into an equivalent circuit using register "r_reg8[15]~_emulated" and latch "r_reg8[15]~61" File: C:/Users/sony/Desktop/UOB/Semester 7 (Spring 24-25)/CPEN313 (Computer Embedded Systems)/Project/BitonicSorter.sv Line: 95
    Warning (13310): Register "r_reg9[0]" is converted into an equivalent circuit using register "r_reg9[0]~_emulated" and latch "r_reg9[0]~1" File: C:/Users/sony/Desktop/UOB/Semester 7 (Spring 24-25)/CPEN313 (Computer Embedded Systems)/Project/BitonicSorter.sv Line: 95
    Warning (13310): Register "r_reg9[1]" is converted into an equivalent circuit using register "r_reg9[1]~_emulated" and latch "r_reg9[1]~5" File: C:/Users/sony/Desktop/UOB/Semester 7 (Spring 24-25)/CPEN313 (Computer Embedded Systems)/Project/BitonicSorter.sv Line: 95
    Warning (13310): Register "r_reg9[2]" is converted into an equivalent circuit using register "r_reg9[2]~_emulated" and latch "r_reg9[2]~9" File: C:/Users/sony/Desktop/UOB/Semester 7 (Spring 24-25)/CPEN313 (Computer Embedded Systems)/Project/BitonicSorter.sv Line: 95
    Warning (13310): Register "r_reg9[3]" is converted into an equivalent circuit using register "r_reg9[3]~_emulated" and latch "r_reg9[3]~13" File: C:/Users/sony/Desktop/UOB/Semester 7 (Spring 24-25)/CPEN313 (Computer Embedded Systems)/Project/BitonicSorter.sv Line: 95
    Warning (13310): Register "r_reg9[4]" is converted into an equivalent circuit using register "r_reg9[4]~_emulated" and latch "r_reg9[4]~17" File: C:/Users/sony/Desktop/UOB/Semester 7 (Spring 24-25)/CPEN313 (Computer Embedded Systems)/Project/BitonicSorter.sv Line: 95
    Warning (13310): Register "r_reg9[5]" is converted into an equivalent circuit using register "r_reg9[5]~_emulated" and latch "r_reg9[5]~21" File: C:/Users/sony/Desktop/UOB/Semester 7 (Spring 24-25)/CPEN313 (Computer Embedded Systems)/Project/BitonicSorter.sv Line: 95
    Warning (13310): Register "r_reg9[6]" is converted into an equivalent circuit using register "r_reg9[6]~_emulated" and latch "r_reg9[6]~25" File: C:/Users/sony/Desktop/UOB/Semester 7 (Spring 24-25)/CPEN313 (Computer Embedded Systems)/Project/BitonicSorter.sv Line: 95
    Warning (13310): Register "r_reg9[7]" is converted into an equivalent circuit using register "r_reg9[7]~_emulated" and latch "r_reg9[7]~29" File: C:/Users/sony/Desktop/UOB/Semester 7 (Spring 24-25)/CPEN313 (Computer Embedded Systems)/Project/BitonicSorter.sv Line: 95
    Warning (13310): Register "r_reg9[8]" is converted into an equivalent circuit using register "r_reg9[8]~_emulated" and latch "r_reg9[8]~33" File: C:/Users/sony/Desktop/UOB/Semester 7 (Spring 24-25)/CPEN313 (Computer Embedded Systems)/Project/BitonicSorter.sv Line: 95
    Warning (13310): Register "r_reg9[9]" is converted into an equivalent circuit using register "r_reg9[9]~_emulated" and latch "r_reg9[9]~37" File: C:/Users/sony/Desktop/UOB/Semester 7 (Spring 24-25)/CPEN313 (Computer Embedded Systems)/Project/BitonicSorter.sv Line: 95
    Warning (13310): Register "r_reg9[10]" is converted into an equivalent circuit using register "r_reg9[10]~_emulated" and latch "r_reg9[10]~41" File: C:/Users/sony/Desktop/UOB/Semester 7 (Spring 24-25)/CPEN313 (Computer Embedded Systems)/Project/BitonicSorter.sv Line: 95
    Warning (13310): Register "r_reg9[11]" is converted into an equivalent circuit using register "r_reg9[11]~_emulated" and latch "r_reg9[11]~45" File: C:/Users/sony/Desktop/UOB/Semester 7 (Spring 24-25)/CPEN313 (Computer Embedded Systems)/Project/BitonicSorter.sv Line: 95
    Warning (13310): Register "r_reg9[12]" is converted into an equivalent circuit using register "r_reg9[12]~_emulated" and latch "r_reg9[12]~49" File: C:/Users/sony/Desktop/UOB/Semester 7 (Spring 24-25)/CPEN313 (Computer Embedded Systems)/Project/BitonicSorter.sv Line: 95
    Warning (13310): Register "r_reg9[13]" is converted into an equivalent circuit using register "r_reg9[13]~_emulated" and latch "r_reg9[13]~53" File: C:/Users/sony/Desktop/UOB/Semester 7 (Spring 24-25)/CPEN313 (Computer Embedded Systems)/Project/BitonicSorter.sv Line: 95
    Warning (13310): Register "r_reg9[14]" is converted into an equivalent circuit using register "r_reg9[14]~_emulated" and latch "r_reg9[14]~57" File: C:/Users/sony/Desktop/UOB/Semester 7 (Spring 24-25)/CPEN313 (Computer Embedded Systems)/Project/BitonicSorter.sv Line: 95
    Warning (13310): Register "r_reg9[15]" is converted into an equivalent circuit using register "r_reg9[15]~_emulated" and latch "r_reg9[15]~61" File: C:/Users/sony/Desktop/UOB/Semester 7 (Spring 24-25)/CPEN313 (Computer Embedded Systems)/Project/BitonicSorter.sv Line: 95
    Warning (13310): Register "r_reg10[0]" is converted into an equivalent circuit using register "r_reg10[0]~_emulated" and latch "r_reg10[0]~1" File: C:/Users/sony/Desktop/UOB/Semester 7 (Spring 24-25)/CPEN313 (Computer Embedded Systems)/Project/BitonicSorter.sv Line: 95
    Warning (13310): Register "r_reg10[1]" is converted into an equivalent circuit using register "r_reg10[1]~_emulated" and latch "r_reg10[1]~5" File: C:/Users/sony/Desktop/UOB/Semester 7 (Spring 24-25)/CPEN313 (Computer Embedded Systems)/Project/BitonicSorter.sv Line: 95
    Warning (13310): Register "r_reg10[2]" is converted into an equivalent circuit using register "r_reg10[2]~_emulated" and latch "r_reg10[2]~9" File: C:/Users/sony/Desktop/UOB/Semester 7 (Spring 24-25)/CPEN313 (Computer Embedded Systems)/Project/BitonicSorter.sv Line: 95
    Warning (13310): Register "r_reg10[3]" is converted into an equivalent circuit using register "r_reg10[3]~_emulated" and latch "r_reg10[3]~13" File: C:/Users/sony/Desktop/UOB/Semester 7 (Spring 24-25)/CPEN313 (Computer Embedded Systems)/Project/BitonicSorter.sv Line: 95
    Warning (13310): Register "r_reg10[4]" is converted into an equivalent circuit using register "r_reg10[4]~_emulated" and latch "r_reg10[4]~17" File: C:/Users/sony/Desktop/UOB/Semester 7 (Spring 24-25)/CPEN313 (Computer Embedded Systems)/Project/BitonicSorter.sv Line: 95
    Warning (13310): Register "r_reg10[5]" is converted into an equivalent circuit using register "r_reg10[5]~_emulated" and latch "r_reg10[5]~21" File: C:/Users/sony/Desktop/UOB/Semester 7 (Spring 24-25)/CPEN313 (Computer Embedded Systems)/Project/BitonicSorter.sv Line: 95
    Warning (13310): Register "r_reg10[6]" is converted into an equivalent circuit using register "r_reg10[6]~_emulated" and latch "r_reg10[6]~25" File: C:/Users/sony/Desktop/UOB/Semester 7 (Spring 24-25)/CPEN313 (Computer Embedded Systems)/Project/BitonicSorter.sv Line: 95
    Warning (13310): Register "r_reg10[7]" is converted into an equivalent circuit using register "r_reg10[7]~_emulated" and latch "r_reg10[7]~29" File: C:/Users/sony/Desktop/UOB/Semester 7 (Spring 24-25)/CPEN313 (Computer Embedded Systems)/Project/BitonicSorter.sv Line: 95
    Warning (13310): Register "r_reg10[8]" is converted into an equivalent circuit using register "r_reg10[8]~_emulated" and latch "r_reg10[8]~33" File: C:/Users/sony/Desktop/UOB/Semester 7 (Spring 24-25)/CPEN313 (Computer Embedded Systems)/Project/BitonicSorter.sv Line: 95
    Warning (13310): Register "r_reg10[9]" is converted into an equivalent circuit using register "r_reg10[9]~_emulated" and latch "r_reg10[9]~37" File: C:/Users/sony/Desktop/UOB/Semester 7 (Spring 24-25)/CPEN313 (Computer Embedded Systems)/Project/BitonicSorter.sv Line: 95
    Warning (13310): Register "r_reg10[10]" is converted into an equivalent circuit using register "r_reg10[10]~_emulated" and latch "r_reg10[10]~41" File: C:/Users/sony/Desktop/UOB/Semester 7 (Spring 24-25)/CPEN313 (Computer Embedded Systems)/Project/BitonicSorter.sv Line: 95
    Warning (13310): Register "r_reg10[11]" is converted into an equivalent circuit using register "r_reg10[11]~_emulated" and latch "r_reg10[11]~45" File: C:/Users/sony/Desktop/UOB/Semester 7 (Spring 24-25)/CPEN313 (Computer Embedded Systems)/Project/BitonicSorter.sv Line: 95
    Warning (13310): Register "r_reg10[12]" is converted into an equivalent circuit using register "r_reg10[12]~_emulated" and latch "r_reg10[12]~49" File: C:/Users/sony/Desktop/UOB/Semester 7 (Spring 24-25)/CPEN313 (Computer Embedded Systems)/Project/BitonicSorter.sv Line: 95
    Warning (13310): Register "r_reg10[13]" is converted into an equivalent circuit using register "r_reg10[13]~_emulated" and latch "r_reg10[13]~53" File: C:/Users/sony/Desktop/UOB/Semester 7 (Spring 24-25)/CPEN313 (Computer Embedded Systems)/Project/BitonicSorter.sv Line: 95
    Warning (13310): Register "r_reg10[14]" is converted into an equivalent circuit using register "r_reg10[14]~_emulated" and latch "r_reg10[14]~57" File: C:/Users/sony/Desktop/UOB/Semester 7 (Spring 24-25)/CPEN313 (Computer Embedded Systems)/Project/BitonicSorter.sv Line: 95
    Warning (13310): Register "r_reg10[15]" is converted into an equivalent circuit using register "r_reg10[15]~_emulated" and latch "r_reg10[15]~61" File: C:/Users/sony/Desktop/UOB/Semester 7 (Spring 24-25)/CPEN313 (Computer Embedded Systems)/Project/BitonicSorter.sv Line: 95
    Warning (13310): Register "r_reg11[0]" is converted into an equivalent circuit using register "r_reg11[0]~_emulated" and latch "r_reg11[0]~1" File: C:/Users/sony/Desktop/UOB/Semester 7 (Spring 24-25)/CPEN313 (Computer Embedded Systems)/Project/BitonicSorter.sv Line: 95
    Warning (13310): Register "r_reg11[1]" is converted into an equivalent circuit using register "r_reg11[1]~_emulated" and latch "r_reg11[1]~5" File: C:/Users/sony/Desktop/UOB/Semester 7 (Spring 24-25)/CPEN313 (Computer Embedded Systems)/Project/BitonicSorter.sv Line: 95
    Warning (13310): Register "r_reg11[2]" is converted into an equivalent circuit using register "r_reg11[2]~_emulated" and latch "r_reg11[2]~9" File: C:/Users/sony/Desktop/UOB/Semester 7 (Spring 24-25)/CPEN313 (Computer Embedded Systems)/Project/BitonicSorter.sv Line: 95
    Warning (13310): Register "r_reg11[3]" is converted into an equivalent circuit using register "r_reg11[3]~_emulated" and latch "r_reg11[3]~13" File: C:/Users/sony/Desktop/UOB/Semester 7 (Spring 24-25)/CPEN313 (Computer Embedded Systems)/Project/BitonicSorter.sv Line: 95
    Warning (13310): Register "r_reg11[4]" is converted into an equivalent circuit using register "r_reg11[4]~_emulated" and latch "r_reg11[4]~17" File: C:/Users/sony/Desktop/UOB/Semester 7 (Spring 24-25)/CPEN313 (Computer Embedded Systems)/Project/BitonicSorter.sv Line: 95
    Warning (13310): Register "r_reg11[5]" is converted into an equivalent circuit using register "r_reg11[5]~_emulated" and latch "r_reg11[5]~21" File: C:/Users/sony/Desktop/UOB/Semester 7 (Spring 24-25)/CPEN313 (Computer Embedded Systems)/Project/BitonicSorter.sv Line: 95
    Warning (13310): Register "r_reg11[6]" is converted into an equivalent circuit using register "r_reg11[6]~_emulated" and latch "r_reg11[6]~25" File: C:/Users/sony/Desktop/UOB/Semester 7 (Spring 24-25)/CPEN313 (Computer Embedded Systems)/Project/BitonicSorter.sv Line: 95
    Warning (13310): Register "r_reg11[7]" is converted into an equivalent circuit using register "r_reg11[7]~_emulated" and latch "r_reg11[7]~29" File: C:/Users/sony/Desktop/UOB/Semester 7 (Spring 24-25)/CPEN313 (Computer Embedded Systems)/Project/BitonicSorter.sv Line: 95
    Warning (13310): Register "r_reg11[8]" is converted into an equivalent circuit using register "r_reg11[8]~_emulated" and latch "r_reg11[8]~33" File: C:/Users/sony/Desktop/UOB/Semester 7 (Spring 24-25)/CPEN313 (Computer Embedded Systems)/Project/BitonicSorter.sv Line: 95
    Warning (13310): Register "r_reg11[9]" is converted into an equivalent circuit using register "r_reg11[9]~_emulated" and latch "r_reg11[9]~37" File: C:/Users/sony/Desktop/UOB/Semester 7 (Spring 24-25)/CPEN313 (Computer Embedded Systems)/Project/BitonicSorter.sv Line: 95
    Warning (13310): Register "r_reg11[10]" is converted into an equivalent circuit using register "r_reg11[10]~_emulated" and latch "r_reg11[10]~41" File: C:/Users/sony/Desktop/UOB/Semester 7 (Spring 24-25)/CPEN313 (Computer Embedded Systems)/Project/BitonicSorter.sv Line: 95
    Warning (13310): Register "r_reg11[11]" is converted into an equivalent circuit using register "r_reg11[11]~_emulated" and latch "r_reg11[11]~45" File: C:/Users/sony/Desktop/UOB/Semester 7 (Spring 24-25)/CPEN313 (Computer Embedded Systems)/Project/BitonicSorter.sv Line: 95
    Warning (13310): Register "r_reg11[12]" is converted into an equivalent circuit using register "r_reg11[12]~_emulated" and latch "r_reg11[12]~49" File: C:/Users/sony/Desktop/UOB/Semester 7 (Spring 24-25)/CPEN313 (Computer Embedded Systems)/Project/BitonicSorter.sv Line: 95
    Warning (13310): Register "r_reg11[13]" is converted into an equivalent circuit using register "r_reg11[13]~_emulated" and latch "r_reg11[13]~53" File: C:/Users/sony/Desktop/UOB/Semester 7 (Spring 24-25)/CPEN313 (Computer Embedded Systems)/Project/BitonicSorter.sv Line: 95
    Warning (13310): Register "r_reg11[14]" is converted into an equivalent circuit using register "r_reg11[14]~_emulated" and latch "r_reg11[14]~57" File: C:/Users/sony/Desktop/UOB/Semester 7 (Spring 24-25)/CPEN313 (Computer Embedded Systems)/Project/BitonicSorter.sv Line: 95
    Warning (13310): Register "r_reg11[15]" is converted into an equivalent circuit using register "r_reg11[15]~_emulated" and latch "r_reg11[15]~61" File: C:/Users/sony/Desktop/UOB/Semester 7 (Spring 24-25)/CPEN313 (Computer Embedded Systems)/Project/BitonicSorter.sv Line: 95
    Warning (13310): Register "r_reg12[0]" is converted into an equivalent circuit using register "r_reg12[0]~_emulated" and latch "r_reg12[0]~1" File: C:/Users/sony/Desktop/UOB/Semester 7 (Spring 24-25)/CPEN313 (Computer Embedded Systems)/Project/BitonicSorter.sv Line: 95
    Warning (13310): Register "r_reg12[1]" is converted into an equivalent circuit using register "r_reg12[1]~_emulated" and latch "r_reg12[1]~5" File: C:/Users/sony/Desktop/UOB/Semester 7 (Spring 24-25)/CPEN313 (Computer Embedded Systems)/Project/BitonicSorter.sv Line: 95
    Warning (13310): Register "r_reg12[2]" is converted into an equivalent circuit using register "r_reg12[2]~_emulated" and latch "r_reg12[2]~9" File: C:/Users/sony/Desktop/UOB/Semester 7 (Spring 24-25)/CPEN313 (Computer Embedded Systems)/Project/BitonicSorter.sv Line: 95
    Warning (13310): Register "r_reg12[3]" is converted into an equivalent circuit using register "r_reg12[3]~_emulated" and latch "r_reg12[3]~13" File: C:/Users/sony/Desktop/UOB/Semester 7 (Spring 24-25)/CPEN313 (Computer Embedded Systems)/Project/BitonicSorter.sv Line: 95
    Warning (13310): Register "r_reg12[4]" is converted into an equivalent circuit using register "r_reg12[4]~_emulated" and latch "r_reg12[4]~17" File: C:/Users/sony/Desktop/UOB/Semester 7 (Spring 24-25)/CPEN313 (Computer Embedded Systems)/Project/BitonicSorter.sv Line: 95
    Warning (13310): Register "r_reg12[5]" is converted into an equivalent circuit using register "r_reg12[5]~_emulated" and latch "r_reg12[5]~21" File: C:/Users/sony/Desktop/UOB/Semester 7 (Spring 24-25)/CPEN313 (Computer Embedded Systems)/Project/BitonicSorter.sv Line: 95
    Warning (13310): Register "r_reg12[6]" is converted into an equivalent circuit using register "r_reg12[6]~_emulated" and latch "r_reg12[6]~25" File: C:/Users/sony/Desktop/UOB/Semester 7 (Spring 24-25)/CPEN313 (Computer Embedded Systems)/Project/BitonicSorter.sv Line: 95
    Warning (13310): Register "r_reg12[7]" is converted into an equivalent circuit using register "r_reg12[7]~_emulated" and latch "r_reg12[7]~29" File: C:/Users/sony/Desktop/UOB/Semester 7 (Spring 24-25)/CPEN313 (Computer Embedded Systems)/Project/BitonicSorter.sv Line: 95
    Warning (13310): Register "r_reg12[8]" is converted into an equivalent circuit using register "r_reg12[8]~_emulated" and latch "r_reg12[8]~33" File: C:/Users/sony/Desktop/UOB/Semester 7 (Spring 24-25)/CPEN313 (Computer Embedded Systems)/Project/BitonicSorter.sv Line: 95
    Warning (13310): Register "r_reg12[9]" is converted into an equivalent circuit using register "r_reg12[9]~_emulated" and latch "r_reg12[9]~37" File: C:/Users/sony/Desktop/UOB/Semester 7 (Spring 24-25)/CPEN313 (Computer Embedded Systems)/Project/BitonicSorter.sv Line: 95
    Warning (13310): Register "r_reg12[10]" is converted into an equivalent circuit using register "r_reg12[10]~_emulated" and latch "r_reg12[10]~41" File: C:/Users/sony/Desktop/UOB/Semester 7 (Spring 24-25)/CPEN313 (Computer Embedded Systems)/Project/BitonicSorter.sv Line: 95
    Warning (13310): Register "r_reg12[11]" is converted into an equivalent circuit using register "r_reg12[11]~_emulated" and latch "r_reg12[11]~45" File: C:/Users/sony/Desktop/UOB/Semester 7 (Spring 24-25)/CPEN313 (Computer Embedded Systems)/Project/BitonicSorter.sv Line: 95
    Warning (13310): Register "r_reg12[12]" is converted into an equivalent circuit using register "r_reg12[12]~_emulated" and latch "r_reg12[12]~49" File: C:/Users/sony/Desktop/UOB/Semester 7 (Spring 24-25)/CPEN313 (Computer Embedded Systems)/Project/BitonicSorter.sv Line: 95
    Warning (13310): Register "r_reg12[13]" is converted into an equivalent circuit using register "r_reg12[13]~_emulated" and latch "r_reg12[13]~53" File: C:/Users/sony/Desktop/UOB/Semester 7 (Spring 24-25)/CPEN313 (Computer Embedded Systems)/Project/BitonicSorter.sv Line: 95
    Warning (13310): Register "r_reg12[14]" is converted into an equivalent circuit using register "r_reg12[14]~_emulated" and latch "r_reg12[14]~57" File: C:/Users/sony/Desktop/UOB/Semester 7 (Spring 24-25)/CPEN313 (Computer Embedded Systems)/Project/BitonicSorter.sv Line: 95
    Warning (13310): Register "r_reg12[15]" is converted into an equivalent circuit using register "r_reg12[15]~_emulated" and latch "r_reg12[15]~61" File: C:/Users/sony/Desktop/UOB/Semester 7 (Spring 24-25)/CPEN313 (Computer Embedded Systems)/Project/BitonicSorter.sv Line: 95
    Warning (13310): Register "r_reg13[0]" is converted into an equivalent circuit using register "r_reg13[0]~_emulated" and latch "r_reg13[0]~1" File: C:/Users/sony/Desktop/UOB/Semester 7 (Spring 24-25)/CPEN313 (Computer Embedded Systems)/Project/BitonicSorter.sv Line: 95
    Warning (13310): Register "r_reg13[1]" is converted into an equivalent circuit using register "r_reg13[1]~_emulated" and latch "r_reg13[1]~5" File: C:/Users/sony/Desktop/UOB/Semester 7 (Spring 24-25)/CPEN313 (Computer Embedded Systems)/Project/BitonicSorter.sv Line: 95
    Warning (13310): Register "r_reg13[2]" is converted into an equivalent circuit using register "r_reg13[2]~_emulated" and latch "r_reg13[2]~9" File: C:/Users/sony/Desktop/UOB/Semester 7 (Spring 24-25)/CPEN313 (Computer Embedded Systems)/Project/BitonicSorter.sv Line: 95
    Warning (13310): Register "r_reg13[3]" is converted into an equivalent circuit using register "r_reg13[3]~_emulated" and latch "r_reg13[3]~13" File: C:/Users/sony/Desktop/UOB/Semester 7 (Spring 24-25)/CPEN313 (Computer Embedded Systems)/Project/BitonicSorter.sv Line: 95
    Warning (13310): Register "r_reg13[4]" is converted into an equivalent circuit using register "r_reg13[4]~_emulated" and latch "r_reg13[4]~17" File: C:/Users/sony/Desktop/UOB/Semester 7 (Spring 24-25)/CPEN313 (Computer Embedded Systems)/Project/BitonicSorter.sv Line: 95
    Warning (13310): Register "r_reg13[5]" is converted into an equivalent circuit using register "r_reg13[5]~_emulated" and latch "r_reg13[5]~21" File: C:/Users/sony/Desktop/UOB/Semester 7 (Spring 24-25)/CPEN313 (Computer Embedded Systems)/Project/BitonicSorter.sv Line: 95
    Warning (13310): Register "r_reg13[6]" is converted into an equivalent circuit using register "r_reg13[6]~_emulated" and latch "r_reg13[6]~25" File: C:/Users/sony/Desktop/UOB/Semester 7 (Spring 24-25)/CPEN313 (Computer Embedded Systems)/Project/BitonicSorter.sv Line: 95
    Warning (13310): Register "r_reg13[7]" is converted into an equivalent circuit using register "r_reg13[7]~_emulated" and latch "r_reg13[7]~29" File: C:/Users/sony/Desktop/UOB/Semester 7 (Spring 24-25)/CPEN313 (Computer Embedded Systems)/Project/BitonicSorter.sv Line: 95
    Warning (13310): Register "r_reg13[8]" is converted into an equivalent circuit using register "r_reg13[8]~_emulated" and latch "r_reg13[8]~33" File: C:/Users/sony/Desktop/UOB/Semester 7 (Spring 24-25)/CPEN313 (Computer Embedded Systems)/Project/BitonicSorter.sv Line: 95
    Warning (13310): Register "r_reg13[9]" is converted into an equivalent circuit using register "r_reg13[9]~_emulated" and latch "r_reg13[9]~37" File: C:/Users/sony/Desktop/UOB/Semester 7 (Spring 24-25)/CPEN313 (Computer Embedded Systems)/Project/BitonicSorter.sv Line: 95
    Warning (13310): Register "r_reg13[10]" is converted into an equivalent circuit using register "r_reg13[10]~_emulated" and latch "r_reg13[10]~41" File: C:/Users/sony/Desktop/UOB/Semester 7 (Spring 24-25)/CPEN313 (Computer Embedded Systems)/Project/BitonicSorter.sv Line: 95
    Warning (13310): Register "r_reg13[11]" is converted into an equivalent circuit using register "r_reg13[11]~_emulated" and latch "r_reg13[11]~45" File: C:/Users/sony/Desktop/UOB/Semester 7 (Spring 24-25)/CPEN313 (Computer Embedded Systems)/Project/BitonicSorter.sv Line: 95
    Warning (13310): Register "r_reg13[12]" is converted into an equivalent circuit using register "r_reg13[12]~_emulated" and latch "r_reg13[12]~49" File: C:/Users/sony/Desktop/UOB/Semester 7 (Spring 24-25)/CPEN313 (Computer Embedded Systems)/Project/BitonicSorter.sv Line: 95
    Warning (13310): Register "r_reg13[13]" is converted into an equivalent circuit using register "r_reg13[13]~_emulated" and latch "r_reg13[13]~53" File: C:/Users/sony/Desktop/UOB/Semester 7 (Spring 24-25)/CPEN313 (Computer Embedded Systems)/Project/BitonicSorter.sv Line: 95
    Warning (13310): Register "r_reg13[14]" is converted into an equivalent circuit using register "r_reg13[14]~_emulated" and latch "r_reg13[14]~57" File: C:/Users/sony/Desktop/UOB/Semester 7 (Spring 24-25)/CPEN313 (Computer Embedded Systems)/Project/BitonicSorter.sv Line: 95
    Warning (13310): Register "r_reg13[15]" is converted into an equivalent circuit using register "r_reg13[15]~_emulated" and latch "r_reg13[15]~61" File: C:/Users/sony/Desktop/UOB/Semester 7 (Spring 24-25)/CPEN313 (Computer Embedded Systems)/Project/BitonicSorter.sv Line: 95
    Warning (13310): Register "r_reg14[0]" is converted into an equivalent circuit using register "r_reg14[0]~_emulated" and latch "r_reg14[0]~1" File: C:/Users/sony/Desktop/UOB/Semester 7 (Spring 24-25)/CPEN313 (Computer Embedded Systems)/Project/BitonicSorter.sv Line: 95
    Warning (13310): Register "r_reg14[1]" is converted into an equivalent circuit using register "r_reg14[1]~_emulated" and latch "r_reg14[1]~5" File: C:/Users/sony/Desktop/UOB/Semester 7 (Spring 24-25)/CPEN313 (Computer Embedded Systems)/Project/BitonicSorter.sv Line: 95
    Warning (13310): Register "r_reg14[2]" is converted into an equivalent circuit using register "r_reg14[2]~_emulated" and latch "r_reg14[2]~9" File: C:/Users/sony/Desktop/UOB/Semester 7 (Spring 24-25)/CPEN313 (Computer Embedded Systems)/Project/BitonicSorter.sv Line: 95
    Warning (13310): Register "r_reg14[3]" is converted into an equivalent circuit using register "r_reg14[3]~_emulated" and latch "r_reg14[3]~13" File: C:/Users/sony/Desktop/UOB/Semester 7 (Spring 24-25)/CPEN313 (Computer Embedded Systems)/Project/BitonicSorter.sv Line: 95
    Warning (13310): Register "r_reg14[4]" is converted into an equivalent circuit using register "r_reg14[4]~_emulated" and latch "r_reg14[4]~17" File: C:/Users/sony/Desktop/UOB/Semester 7 (Spring 24-25)/CPEN313 (Computer Embedded Systems)/Project/BitonicSorter.sv Line: 95
    Warning (13310): Register "r_reg14[5]" is converted into an equivalent circuit using register "r_reg14[5]~_emulated" and latch "r_reg14[5]~21" File: C:/Users/sony/Desktop/UOB/Semester 7 (Spring 24-25)/CPEN313 (Computer Embedded Systems)/Project/BitonicSorter.sv Line: 95
    Warning (13310): Register "r_reg14[6]" is converted into an equivalent circuit using register "r_reg14[6]~_emulated" and latch "r_reg14[6]~25" File: C:/Users/sony/Desktop/UOB/Semester 7 (Spring 24-25)/CPEN313 (Computer Embedded Systems)/Project/BitonicSorter.sv Line: 95
    Warning (13310): Register "r_reg14[7]" is converted into an equivalent circuit using register "r_reg14[7]~_emulated" and latch "r_reg14[7]~29" File: C:/Users/sony/Desktop/UOB/Semester 7 (Spring 24-25)/CPEN313 (Computer Embedded Systems)/Project/BitonicSorter.sv Line: 95
    Warning (13310): Register "r_reg14[8]" is converted into an equivalent circuit using register "r_reg14[8]~_emulated" and latch "r_reg14[8]~33" File: C:/Users/sony/Desktop/UOB/Semester 7 (Spring 24-25)/CPEN313 (Computer Embedded Systems)/Project/BitonicSorter.sv Line: 95
    Warning (13310): Register "r_reg14[9]" is converted into an equivalent circuit using register "r_reg14[9]~_emulated" and latch "r_reg14[9]~37" File: C:/Users/sony/Desktop/UOB/Semester 7 (Spring 24-25)/CPEN313 (Computer Embedded Systems)/Project/BitonicSorter.sv Line: 95
    Warning (13310): Register "r_reg14[10]" is converted into an equivalent circuit using register "r_reg14[10]~_emulated" and latch "r_reg14[10]~41" File: C:/Users/sony/Desktop/UOB/Semester 7 (Spring 24-25)/CPEN313 (Computer Embedded Systems)/Project/BitonicSorter.sv Line: 95
    Warning (13310): Register "r_reg14[11]" is converted into an equivalent circuit using register "r_reg14[11]~_emulated" and latch "r_reg14[11]~45" File: C:/Users/sony/Desktop/UOB/Semester 7 (Spring 24-25)/CPEN313 (Computer Embedded Systems)/Project/BitonicSorter.sv Line: 95
    Warning (13310): Register "r_reg14[12]" is converted into an equivalent circuit using register "r_reg14[12]~_emulated" and latch "r_reg14[12]~49" File: C:/Users/sony/Desktop/UOB/Semester 7 (Spring 24-25)/CPEN313 (Computer Embedded Systems)/Project/BitonicSorter.sv Line: 95
    Warning (13310): Register "r_reg14[13]" is converted into an equivalent circuit using register "r_reg14[13]~_emulated" and latch "r_reg14[13]~53" File: C:/Users/sony/Desktop/UOB/Semester 7 (Spring 24-25)/CPEN313 (Computer Embedded Systems)/Project/BitonicSorter.sv Line: 95
    Warning (13310): Register "r_reg14[14]" is converted into an equivalent circuit using register "r_reg14[14]~_emulated" and latch "r_reg14[14]~57" File: C:/Users/sony/Desktop/UOB/Semester 7 (Spring 24-25)/CPEN313 (Computer Embedded Systems)/Project/BitonicSorter.sv Line: 95
    Warning (13310): Register "r_reg14[15]" is converted into an equivalent circuit using register "r_reg14[15]~_emulated" and latch "r_reg14[15]~61" File: C:/Users/sony/Desktop/UOB/Semester 7 (Spring 24-25)/CPEN313 (Computer Embedded Systems)/Project/BitonicSorter.sv Line: 95
    Warning (13310): Register "r_reg15[0]" is converted into an equivalent circuit using register "r_reg15[0]~_emulated" and latch "r_reg15[0]~1" File: C:/Users/sony/Desktop/UOB/Semester 7 (Spring 24-25)/CPEN313 (Computer Embedded Systems)/Project/BitonicSorter.sv Line: 95
    Warning (13310): Register "r_reg15[1]" is converted into an equivalent circuit using register "r_reg15[1]~_emulated" and latch "r_reg15[1]~5" File: C:/Users/sony/Desktop/UOB/Semester 7 (Spring 24-25)/CPEN313 (Computer Embedded Systems)/Project/BitonicSorter.sv Line: 95
    Warning (13310): Register "r_reg15[2]" is converted into an equivalent circuit using register "r_reg15[2]~_emulated" and latch "r_reg15[2]~9" File: C:/Users/sony/Desktop/UOB/Semester 7 (Spring 24-25)/CPEN313 (Computer Embedded Systems)/Project/BitonicSorter.sv Line: 95
    Warning (13310): Register "r_reg15[3]" is converted into an equivalent circuit using register "r_reg15[3]~_emulated" and latch "r_reg15[3]~13" File: C:/Users/sony/Desktop/UOB/Semester 7 (Spring 24-25)/CPEN313 (Computer Embedded Systems)/Project/BitonicSorter.sv Line: 95
    Warning (13310): Register "r_reg15[4]" is converted into an equivalent circuit using register "r_reg15[4]~_emulated" and latch "r_reg15[4]~17" File: C:/Users/sony/Desktop/UOB/Semester 7 (Spring 24-25)/CPEN313 (Computer Embedded Systems)/Project/BitonicSorter.sv Line: 95
    Warning (13310): Register "r_reg15[5]" is converted into an equivalent circuit using register "r_reg15[5]~_emulated" and latch "r_reg15[5]~21" File: C:/Users/sony/Desktop/UOB/Semester 7 (Spring 24-25)/CPEN313 (Computer Embedded Systems)/Project/BitonicSorter.sv Line: 95
    Warning (13310): Register "r_reg15[6]" is converted into an equivalent circuit using register "r_reg15[6]~_emulated" and latch "r_reg15[6]~25" File: C:/Users/sony/Desktop/UOB/Semester 7 (Spring 24-25)/CPEN313 (Computer Embedded Systems)/Project/BitonicSorter.sv Line: 95
    Warning (13310): Register "r_reg15[7]" is converted into an equivalent circuit using register "r_reg15[7]~_emulated" and latch "r_reg15[7]~29" File: C:/Users/sony/Desktop/UOB/Semester 7 (Spring 24-25)/CPEN313 (Computer Embedded Systems)/Project/BitonicSorter.sv Line: 95
    Warning (13310): Register "r_reg15[8]" is converted into an equivalent circuit using register "r_reg15[8]~_emulated" and latch "r_reg15[8]~33" File: C:/Users/sony/Desktop/UOB/Semester 7 (Spring 24-25)/CPEN313 (Computer Embedded Systems)/Project/BitonicSorter.sv Line: 95
    Warning (13310): Register "r_reg15[9]" is converted into an equivalent circuit using register "r_reg15[9]~_emulated" and latch "r_reg15[9]~37" File: C:/Users/sony/Desktop/UOB/Semester 7 (Spring 24-25)/CPEN313 (Computer Embedded Systems)/Project/BitonicSorter.sv Line: 95
    Warning (13310): Register "r_reg15[10]" is converted into an equivalent circuit using register "r_reg15[10]~_emulated" and latch "r_reg15[10]~41" File: C:/Users/sony/Desktop/UOB/Semester 7 (Spring 24-25)/CPEN313 (Computer Embedded Systems)/Project/BitonicSorter.sv Line: 95
    Warning (13310): Register "r_reg15[11]" is converted into an equivalent circuit using register "r_reg15[11]~_emulated" and latch "r_reg15[11]~45" File: C:/Users/sony/Desktop/UOB/Semester 7 (Spring 24-25)/CPEN313 (Computer Embedded Systems)/Project/BitonicSorter.sv Line: 95
    Warning (13310): Register "r_reg15[12]" is converted into an equivalent circuit using register "r_reg15[12]~_emulated" and latch "r_reg15[12]~49" File: C:/Users/sony/Desktop/UOB/Semester 7 (Spring 24-25)/CPEN313 (Computer Embedded Systems)/Project/BitonicSorter.sv Line: 95
    Warning (13310): Register "r_reg15[13]" is converted into an equivalent circuit using register "r_reg15[13]~_emulated" and latch "r_reg15[13]~53" File: C:/Users/sony/Desktop/UOB/Semester 7 (Spring 24-25)/CPEN313 (Computer Embedded Systems)/Project/BitonicSorter.sv Line: 95
    Warning (13310): Register "r_reg15[14]" is converted into an equivalent circuit using register "r_reg15[14]~_emulated" and latch "r_reg15[14]~57" File: C:/Users/sony/Desktop/UOB/Semester 7 (Spring 24-25)/CPEN313 (Computer Embedded Systems)/Project/BitonicSorter.sv Line: 95
    Warning (13310): Register "r_reg15[15]" is converted into an equivalent circuit using register "r_reg15[15]~_emulated" and latch "r_reg15[15]~61" File: C:/Users/sony/Desktop/UOB/Semester 7 (Spring 24-25)/CPEN313 (Computer Embedded Systems)/Project/BitonicSorter.sv Line: 95
    Warning (13310): Register "r_reg16[0]" is converted into an equivalent circuit using register "r_reg16[0]~_emulated" and latch "r_reg16[0]~1" File: C:/Users/sony/Desktop/UOB/Semester 7 (Spring 24-25)/CPEN313 (Computer Embedded Systems)/Project/BitonicSorter.sv Line: 95
    Warning (13310): Register "r_reg16[1]" is converted into an equivalent circuit using register "r_reg16[1]~_emulated" and latch "r_reg16[1]~5" File: C:/Users/sony/Desktop/UOB/Semester 7 (Spring 24-25)/CPEN313 (Computer Embedded Systems)/Project/BitonicSorter.sv Line: 95
    Warning (13310): Register "r_reg16[2]" is converted into an equivalent circuit using register "r_reg16[2]~_emulated" and latch "r_reg16[2]~9" File: C:/Users/sony/Desktop/UOB/Semester 7 (Spring 24-25)/CPEN313 (Computer Embedded Systems)/Project/BitonicSorter.sv Line: 95
    Warning (13310): Register "r_reg16[3]" is converted into an equivalent circuit using register "r_reg16[3]~_emulated" and latch "r_reg16[3]~13" File: C:/Users/sony/Desktop/UOB/Semester 7 (Spring 24-25)/CPEN313 (Computer Embedded Systems)/Project/BitonicSorter.sv Line: 95
    Warning (13310): Register "r_reg16[4]" is converted into an equivalent circuit using register "r_reg16[4]~_emulated" and latch "r_reg16[4]~17" File: C:/Users/sony/Desktop/UOB/Semester 7 (Spring 24-25)/CPEN313 (Computer Embedded Systems)/Project/BitonicSorter.sv Line: 95
    Warning (13310): Register "r_reg16[5]" is converted into an equivalent circuit using register "r_reg16[5]~_emulated" and latch "r_reg16[5]~21" File: C:/Users/sony/Desktop/UOB/Semester 7 (Spring 24-25)/CPEN313 (Computer Embedded Systems)/Project/BitonicSorter.sv Line: 95
    Warning (13310): Register "r_reg16[6]" is converted into an equivalent circuit using register "r_reg16[6]~_emulated" and latch "r_reg16[6]~25" File: C:/Users/sony/Desktop/UOB/Semester 7 (Spring 24-25)/CPEN313 (Computer Embedded Systems)/Project/BitonicSorter.sv Line: 95
    Warning (13310): Register "r_reg16[7]" is converted into an equivalent circuit using register "r_reg16[7]~_emulated" and latch "r_reg16[7]~29" File: C:/Users/sony/Desktop/UOB/Semester 7 (Spring 24-25)/CPEN313 (Computer Embedded Systems)/Project/BitonicSorter.sv Line: 95
    Warning (13310): Register "r_reg16[8]" is converted into an equivalent circuit using register "r_reg16[8]~_emulated" and latch "r_reg16[8]~33" File: C:/Users/sony/Desktop/UOB/Semester 7 (Spring 24-25)/CPEN313 (Computer Embedded Systems)/Project/BitonicSorter.sv Line: 95
    Warning (13310): Register "r_reg16[9]" is converted into an equivalent circuit using register "r_reg16[9]~_emulated" and latch "r_reg16[9]~37" File: C:/Users/sony/Desktop/UOB/Semester 7 (Spring 24-25)/CPEN313 (Computer Embedded Systems)/Project/BitonicSorter.sv Line: 95
    Warning (13310): Register "r_reg16[10]" is converted into an equivalent circuit using register "r_reg16[10]~_emulated" and latch "r_reg16[10]~41" File: C:/Users/sony/Desktop/UOB/Semester 7 (Spring 24-25)/CPEN313 (Computer Embedded Systems)/Project/BitonicSorter.sv Line: 95
    Warning (13310): Register "r_reg16[11]" is converted into an equivalent circuit using register "r_reg16[11]~_emulated" and latch "r_reg16[11]~45" File: C:/Users/sony/Desktop/UOB/Semester 7 (Spring 24-25)/CPEN313 (Computer Embedded Systems)/Project/BitonicSorter.sv Line: 95
    Warning (13310): Register "r_reg16[12]" is converted into an equivalent circuit using register "r_reg16[12]~_emulated" and latch "r_reg16[12]~49" File: C:/Users/sony/Desktop/UOB/Semester 7 (Spring 24-25)/CPEN313 (Computer Embedded Systems)/Project/BitonicSorter.sv Line: 95
    Warning (13310): Register "r_reg16[13]" is converted into an equivalent circuit using register "r_reg16[13]~_emulated" and latch "r_reg16[13]~53" File: C:/Users/sony/Desktop/UOB/Semester 7 (Spring 24-25)/CPEN313 (Computer Embedded Systems)/Project/BitonicSorter.sv Line: 95
    Warning (13310): Register "r_reg16[14]" is converted into an equivalent circuit using register "r_reg16[14]~_emulated" and latch "r_reg16[14]~57" File: C:/Users/sony/Desktop/UOB/Semester 7 (Spring 24-25)/CPEN313 (Computer Embedded Systems)/Project/BitonicSorter.sv Line: 95
    Warning (13310): Register "r_reg16[15]" is converted into an equivalent circuit using register "r_reg16[15]~_emulated" and latch "r_reg16[15]~61" File: C:/Users/sony/Desktop/UOB/Semester 7 (Spring 24-25)/CPEN313 (Computer Embedded Systems)/Project/BitonicSorter.sv Line: 95
    Warning (13310): Register "r_reg17[0]" is converted into an equivalent circuit using register "r_reg17[0]~_emulated" and latch "r_reg17[0]~1" File: C:/Users/sony/Desktop/UOB/Semester 7 (Spring 24-25)/CPEN313 (Computer Embedded Systems)/Project/BitonicSorter.sv Line: 95
    Warning (13310): Register "r_reg17[1]" is converted into an equivalent circuit using register "r_reg17[1]~_emulated" and latch "r_reg17[1]~5" File: C:/Users/sony/Desktop/UOB/Semester 7 (Spring 24-25)/CPEN313 (Computer Embedded Systems)/Project/BitonicSorter.sv Line: 95
    Warning (13310): Register "r_reg17[2]" is converted into an equivalent circuit using register "r_reg17[2]~_emulated" and latch "r_reg17[2]~9" File: C:/Users/sony/Desktop/UOB/Semester 7 (Spring 24-25)/CPEN313 (Computer Embedded Systems)/Project/BitonicSorter.sv Line: 95
    Warning (13310): Register "r_reg17[3]" is converted into an equivalent circuit using register "r_reg17[3]~_emulated" and latch "r_reg17[3]~13" File: C:/Users/sony/Desktop/UOB/Semester 7 (Spring 24-25)/CPEN313 (Computer Embedded Systems)/Project/BitonicSorter.sv Line: 95
    Warning (13310): Register "r_reg17[4]" is converted into an equivalent circuit using register "r_reg17[4]~_emulated" and latch "r_reg17[4]~17" File: C:/Users/sony/Desktop/UOB/Semester 7 (Spring 24-25)/CPEN313 (Computer Embedded Systems)/Project/BitonicSorter.sv Line: 95
    Warning (13310): Register "r_reg17[5]" is converted into an equivalent circuit using register "r_reg17[5]~_emulated" and latch "r_reg17[5]~21" File: C:/Users/sony/Desktop/UOB/Semester 7 (Spring 24-25)/CPEN313 (Computer Embedded Systems)/Project/BitonicSorter.sv Line: 95
    Warning (13310): Register "r_reg17[6]" is converted into an equivalent circuit using register "r_reg17[6]~_emulated" and latch "r_reg17[6]~25" File: C:/Users/sony/Desktop/UOB/Semester 7 (Spring 24-25)/CPEN313 (Computer Embedded Systems)/Project/BitonicSorter.sv Line: 95
    Warning (13310): Register "r_reg17[7]" is converted into an equivalent circuit using register "r_reg17[7]~_emulated" and latch "r_reg17[7]~29" File: C:/Users/sony/Desktop/UOB/Semester 7 (Spring 24-25)/CPEN313 (Computer Embedded Systems)/Project/BitonicSorter.sv Line: 95
    Warning (13310): Register "r_reg17[8]" is converted into an equivalent circuit using register "r_reg17[8]~_emulated" and latch "r_reg17[8]~33" File: C:/Users/sony/Desktop/UOB/Semester 7 (Spring 24-25)/CPEN313 (Computer Embedded Systems)/Project/BitonicSorter.sv Line: 95
    Warning (13310): Register "r_reg17[9]" is converted into an equivalent circuit using register "r_reg17[9]~_emulated" and latch "r_reg17[9]~37" File: C:/Users/sony/Desktop/UOB/Semester 7 (Spring 24-25)/CPEN313 (Computer Embedded Systems)/Project/BitonicSorter.sv Line: 95
    Warning (13310): Register "r_reg17[10]" is converted into an equivalent circuit using register "r_reg17[10]~_emulated" and latch "r_reg17[10]~41" File: C:/Users/sony/Desktop/UOB/Semester 7 (Spring 24-25)/CPEN313 (Computer Embedded Systems)/Project/BitonicSorter.sv Line: 95
    Warning (13310): Register "r_reg17[11]" is converted into an equivalent circuit using register "r_reg17[11]~_emulated" and latch "r_reg17[11]~45" File: C:/Users/sony/Desktop/UOB/Semester 7 (Spring 24-25)/CPEN313 (Computer Embedded Systems)/Project/BitonicSorter.sv Line: 95
    Warning (13310): Register "r_reg17[12]" is converted into an equivalent circuit using register "r_reg17[12]~_emulated" and latch "r_reg17[12]~49" File: C:/Users/sony/Desktop/UOB/Semester 7 (Spring 24-25)/CPEN313 (Computer Embedded Systems)/Project/BitonicSorter.sv Line: 95
    Warning (13310): Register "r_reg17[13]" is converted into an equivalent circuit using register "r_reg17[13]~_emulated" and latch "r_reg17[13]~53" File: C:/Users/sony/Desktop/UOB/Semester 7 (Spring 24-25)/CPEN313 (Computer Embedded Systems)/Project/BitonicSorter.sv Line: 95
    Warning (13310): Register "r_reg17[14]" is converted into an equivalent circuit using register "r_reg17[14]~_emulated" and latch "r_reg17[14]~57" File: C:/Users/sony/Desktop/UOB/Semester 7 (Spring 24-25)/CPEN313 (Computer Embedded Systems)/Project/BitonicSorter.sv Line: 95
    Warning (13310): Register "r_reg17[15]" is converted into an equivalent circuit using register "r_reg17[15]~_emulated" and latch "r_reg17[15]~61" File: C:/Users/sony/Desktop/UOB/Semester 7 (Spring 24-25)/CPEN313 (Computer Embedded Systems)/Project/BitonicSorter.sv Line: 95
    Warning (13310): Register "r_reg18[0]" is converted into an equivalent circuit using register "r_reg18[0]~_emulated" and latch "r_reg18[0]~1" File: C:/Users/sony/Desktop/UOB/Semester 7 (Spring 24-25)/CPEN313 (Computer Embedded Systems)/Project/BitonicSorter.sv Line: 95
    Warning (13310): Register "r_reg18[1]" is converted into an equivalent circuit using register "r_reg18[1]~_emulated" and latch "r_reg18[1]~5" File: C:/Users/sony/Desktop/UOB/Semester 7 (Spring 24-25)/CPEN313 (Computer Embedded Systems)/Project/BitonicSorter.sv Line: 95
    Warning (13310): Register "r_reg18[2]" is converted into an equivalent circuit using register "r_reg18[2]~_emulated" and latch "r_reg18[2]~9" File: C:/Users/sony/Desktop/UOB/Semester 7 (Spring 24-25)/CPEN313 (Computer Embedded Systems)/Project/BitonicSorter.sv Line: 95
    Warning (13310): Register "r_reg18[3]" is converted into an equivalent circuit using register "r_reg18[3]~_emulated" and latch "r_reg18[3]~13" File: C:/Users/sony/Desktop/UOB/Semester 7 (Spring 24-25)/CPEN313 (Computer Embedded Systems)/Project/BitonicSorter.sv Line: 95
    Warning (13310): Register "r_reg18[4]" is converted into an equivalent circuit using register "r_reg18[4]~_emulated" and latch "r_reg18[4]~17" File: C:/Users/sony/Desktop/UOB/Semester 7 (Spring 24-25)/CPEN313 (Computer Embedded Systems)/Project/BitonicSorter.sv Line: 95
    Warning (13310): Register "r_reg18[5]" is converted into an equivalent circuit using register "r_reg18[5]~_emulated" and latch "r_reg18[5]~21" File: C:/Users/sony/Desktop/UOB/Semester 7 (Spring 24-25)/CPEN313 (Computer Embedded Systems)/Project/BitonicSorter.sv Line: 95
    Warning (13310): Register "r_reg18[6]" is converted into an equivalent circuit using register "r_reg18[6]~_emulated" and latch "r_reg18[6]~25" File: C:/Users/sony/Desktop/UOB/Semester 7 (Spring 24-25)/CPEN313 (Computer Embedded Systems)/Project/BitonicSorter.sv Line: 95
    Warning (13310): Register "r_reg18[7]" is converted into an equivalent circuit using register "r_reg18[7]~_emulated" and latch "r_reg18[7]~29" File: C:/Users/sony/Desktop/UOB/Semester 7 (Spring 24-25)/CPEN313 (Computer Embedded Systems)/Project/BitonicSorter.sv Line: 95
    Warning (13310): Register "r_reg18[8]" is converted into an equivalent circuit using register "r_reg18[8]~_emulated" and latch "r_reg18[8]~33" File: C:/Users/sony/Desktop/UOB/Semester 7 (Spring 24-25)/CPEN313 (Computer Embedded Systems)/Project/BitonicSorter.sv Line: 95
    Warning (13310): Register "r_reg18[9]" is converted into an equivalent circuit using register "r_reg18[9]~_emulated" and latch "r_reg18[9]~37" File: C:/Users/sony/Desktop/UOB/Semester 7 (Spring 24-25)/CPEN313 (Computer Embedded Systems)/Project/BitonicSorter.sv Line: 95
    Warning (13310): Register "r_reg18[10]" is converted into an equivalent circuit using register "r_reg18[10]~_emulated" and latch "r_reg18[10]~41" File: C:/Users/sony/Desktop/UOB/Semester 7 (Spring 24-25)/CPEN313 (Computer Embedded Systems)/Project/BitonicSorter.sv Line: 95
    Warning (13310): Register "r_reg18[11]" is converted into an equivalent circuit using register "r_reg18[11]~_emulated" and latch "r_reg18[11]~45" File: C:/Users/sony/Desktop/UOB/Semester 7 (Spring 24-25)/CPEN313 (Computer Embedded Systems)/Project/BitonicSorter.sv Line: 95
    Warning (13310): Register "r_reg18[12]" is converted into an equivalent circuit using register "r_reg18[12]~_emulated" and latch "r_reg18[12]~49" File: C:/Users/sony/Desktop/UOB/Semester 7 (Spring 24-25)/CPEN313 (Computer Embedded Systems)/Project/BitonicSorter.sv Line: 95
    Warning (13310): Register "r_reg18[13]" is converted into an equivalent circuit using register "r_reg18[13]~_emulated" and latch "r_reg18[13]~53" File: C:/Users/sony/Desktop/UOB/Semester 7 (Spring 24-25)/CPEN313 (Computer Embedded Systems)/Project/BitonicSorter.sv Line: 95
    Warning (13310): Register "r_reg18[14]" is converted into an equivalent circuit using register "r_reg18[14]~_emulated" and latch "r_reg18[14]~57" File: C:/Users/sony/Desktop/UOB/Semester 7 (Spring 24-25)/CPEN313 (Computer Embedded Systems)/Project/BitonicSorter.sv Line: 95
    Warning (13310): Register "r_reg18[15]" is converted into an equivalent circuit using register "r_reg18[15]~_emulated" and latch "r_reg18[15]~61" File: C:/Users/sony/Desktop/UOB/Semester 7 (Spring 24-25)/CPEN313 (Computer Embedded Systems)/Project/BitonicSorter.sv Line: 95
    Warning (13310): Register "r_reg19[0]" is converted into an equivalent circuit using register "r_reg19[0]~_emulated" and latch "r_reg19[0]~1" File: C:/Users/sony/Desktop/UOB/Semester 7 (Spring 24-25)/CPEN313 (Computer Embedded Systems)/Project/BitonicSorter.sv Line: 95
    Warning (13310): Register "r_reg19[1]" is converted into an equivalent circuit using register "r_reg19[1]~_emulated" and latch "r_reg19[1]~5" File: C:/Users/sony/Desktop/UOB/Semester 7 (Spring 24-25)/CPEN313 (Computer Embedded Systems)/Project/BitonicSorter.sv Line: 95
    Warning (13310): Register "r_reg19[2]" is converted into an equivalent circuit using register "r_reg19[2]~_emulated" and latch "r_reg19[2]~9" File: C:/Users/sony/Desktop/UOB/Semester 7 (Spring 24-25)/CPEN313 (Computer Embedded Systems)/Project/BitonicSorter.sv Line: 95
    Warning (13310): Register "r_reg19[3]" is converted into an equivalent circuit using register "r_reg19[3]~_emulated" and latch "r_reg19[3]~13" File: C:/Users/sony/Desktop/UOB/Semester 7 (Spring 24-25)/CPEN313 (Computer Embedded Systems)/Project/BitonicSorter.sv Line: 95
    Warning (13310): Register "r_reg19[4]" is converted into an equivalent circuit using register "r_reg19[4]~_emulated" and latch "r_reg19[4]~17" File: C:/Users/sony/Desktop/UOB/Semester 7 (Spring 24-25)/CPEN313 (Computer Embedded Systems)/Project/BitonicSorter.sv Line: 95
    Warning (13310): Register "r_reg19[5]" is converted into an equivalent circuit using register "r_reg19[5]~_emulated" and latch "r_reg19[5]~21" File: C:/Users/sony/Desktop/UOB/Semester 7 (Spring 24-25)/CPEN313 (Computer Embedded Systems)/Project/BitonicSorter.sv Line: 95
    Warning (13310): Register "r_reg19[6]" is converted into an equivalent circuit using register "r_reg19[6]~_emulated" and latch "r_reg19[6]~25" File: C:/Users/sony/Desktop/UOB/Semester 7 (Spring 24-25)/CPEN313 (Computer Embedded Systems)/Project/BitonicSorter.sv Line: 95
    Warning (13310): Register "r_reg19[7]" is converted into an equivalent circuit using register "r_reg19[7]~_emulated" and latch "r_reg19[7]~29" File: C:/Users/sony/Desktop/UOB/Semester 7 (Spring 24-25)/CPEN313 (Computer Embedded Systems)/Project/BitonicSorter.sv Line: 95
    Warning (13310): Register "r_reg19[8]" is converted into an equivalent circuit using register "r_reg19[8]~_emulated" and latch "r_reg19[8]~33" File: C:/Users/sony/Desktop/UOB/Semester 7 (Spring 24-25)/CPEN313 (Computer Embedded Systems)/Project/BitonicSorter.sv Line: 95
    Warning (13310): Register "r_reg19[9]" is converted into an equivalent circuit using register "r_reg19[9]~_emulated" and latch "r_reg19[9]~37" File: C:/Users/sony/Desktop/UOB/Semester 7 (Spring 24-25)/CPEN313 (Computer Embedded Systems)/Project/BitonicSorter.sv Line: 95
    Warning (13310): Register "r_reg19[10]" is converted into an equivalent circuit using register "r_reg19[10]~_emulated" and latch "r_reg19[10]~41" File: C:/Users/sony/Desktop/UOB/Semester 7 (Spring 24-25)/CPEN313 (Computer Embedded Systems)/Project/BitonicSorter.sv Line: 95
    Warning (13310): Register "r_reg19[11]" is converted into an equivalent circuit using register "r_reg19[11]~_emulated" and latch "r_reg19[11]~45" File: C:/Users/sony/Desktop/UOB/Semester 7 (Spring 24-25)/CPEN313 (Computer Embedded Systems)/Project/BitonicSorter.sv Line: 95
    Warning (13310): Register "r_reg19[12]" is converted into an equivalent circuit using register "r_reg19[12]~_emulated" and latch "r_reg19[12]~49" File: C:/Users/sony/Desktop/UOB/Semester 7 (Spring 24-25)/CPEN313 (Computer Embedded Systems)/Project/BitonicSorter.sv Line: 95
    Warning (13310): Register "r_reg19[13]" is converted into an equivalent circuit using register "r_reg19[13]~_emulated" and latch "r_reg19[13]~53" File: C:/Users/sony/Desktop/UOB/Semester 7 (Spring 24-25)/CPEN313 (Computer Embedded Systems)/Project/BitonicSorter.sv Line: 95
    Warning (13310): Register "r_reg19[14]" is converted into an equivalent circuit using register "r_reg19[14]~_emulated" and latch "r_reg19[14]~57" File: C:/Users/sony/Desktop/UOB/Semester 7 (Spring 24-25)/CPEN313 (Computer Embedded Systems)/Project/BitonicSorter.sv Line: 95
    Warning (13310): Register "r_reg19[15]" is converted into an equivalent circuit using register "r_reg19[15]~_emulated" and latch "r_reg19[15]~61" File: C:/Users/sony/Desktop/UOB/Semester 7 (Spring 24-25)/CPEN313 (Computer Embedded Systems)/Project/BitonicSorter.sv Line: 95
    Warning (13310): Register "r_reg20[0]" is converted into an equivalent circuit using register "r_reg20[0]~_emulated" and latch "r_reg20[0]~1" File: C:/Users/sony/Desktop/UOB/Semester 7 (Spring 24-25)/CPEN313 (Computer Embedded Systems)/Project/BitonicSorter.sv Line: 95
    Warning (13310): Register "r_reg20[1]" is converted into an equivalent circuit using register "r_reg20[1]~_emulated" and latch "r_reg20[1]~5" File: C:/Users/sony/Desktop/UOB/Semester 7 (Spring 24-25)/CPEN313 (Computer Embedded Systems)/Project/BitonicSorter.sv Line: 95
    Warning (13310): Register "r_reg20[2]" is converted into an equivalent circuit using register "r_reg20[2]~_emulated" and latch "r_reg20[2]~9" File: C:/Users/sony/Desktop/UOB/Semester 7 (Spring 24-25)/CPEN313 (Computer Embedded Systems)/Project/BitonicSorter.sv Line: 95
    Warning (13310): Register "r_reg20[3]" is converted into an equivalent circuit using register "r_reg20[3]~_emulated" and latch "r_reg20[3]~13" File: C:/Users/sony/Desktop/UOB/Semester 7 (Spring 24-25)/CPEN313 (Computer Embedded Systems)/Project/BitonicSorter.sv Line: 95
    Warning (13310): Register "r_reg20[4]" is converted into an equivalent circuit using register "r_reg20[4]~_emulated" and latch "r_reg20[4]~17" File: C:/Users/sony/Desktop/UOB/Semester 7 (Spring 24-25)/CPEN313 (Computer Embedded Systems)/Project/BitonicSorter.sv Line: 95
    Warning (13310): Register "r_reg20[5]" is converted into an equivalent circuit using register "r_reg20[5]~_emulated" and latch "r_reg20[5]~21" File: C:/Users/sony/Desktop/UOB/Semester 7 (Spring 24-25)/CPEN313 (Computer Embedded Systems)/Project/BitonicSorter.sv Line: 95
    Warning (13310): Register "r_reg20[6]" is converted into an equivalent circuit using register "r_reg20[6]~_emulated" and latch "r_reg20[6]~25" File: C:/Users/sony/Desktop/UOB/Semester 7 (Spring 24-25)/CPEN313 (Computer Embedded Systems)/Project/BitonicSorter.sv Line: 95
    Warning (13310): Register "r_reg20[7]" is converted into an equivalent circuit using register "r_reg20[7]~_emulated" and latch "r_reg20[7]~29" File: C:/Users/sony/Desktop/UOB/Semester 7 (Spring 24-25)/CPEN313 (Computer Embedded Systems)/Project/BitonicSorter.sv Line: 95
    Warning (13310): Register "r_reg20[8]" is converted into an equivalent circuit using register "r_reg20[8]~_emulated" and latch "r_reg20[8]~33" File: C:/Users/sony/Desktop/UOB/Semester 7 (Spring 24-25)/CPEN313 (Computer Embedded Systems)/Project/BitonicSorter.sv Line: 95
    Warning (13310): Register "r_reg20[9]" is converted into an equivalent circuit using register "r_reg20[9]~_emulated" and latch "r_reg20[9]~37" File: C:/Users/sony/Desktop/UOB/Semester 7 (Spring 24-25)/CPEN313 (Computer Embedded Systems)/Project/BitonicSorter.sv Line: 95
    Warning (13310): Register "r_reg20[10]" is converted into an equivalent circuit using register "r_reg20[10]~_emulated" and latch "r_reg20[10]~41" File: C:/Users/sony/Desktop/UOB/Semester 7 (Spring 24-25)/CPEN313 (Computer Embedded Systems)/Project/BitonicSorter.sv Line: 95
    Warning (13310): Register "r_reg20[11]" is converted into an equivalent circuit using register "r_reg20[11]~_emulated" and latch "r_reg20[11]~45" File: C:/Users/sony/Desktop/UOB/Semester 7 (Spring 24-25)/CPEN313 (Computer Embedded Systems)/Project/BitonicSorter.sv Line: 95
    Warning (13310): Register "r_reg20[12]" is converted into an equivalent circuit using register "r_reg20[12]~_emulated" and latch "r_reg20[12]~49" File: C:/Users/sony/Desktop/UOB/Semester 7 (Spring 24-25)/CPEN313 (Computer Embedded Systems)/Project/BitonicSorter.sv Line: 95
    Warning (13310): Register "r_reg20[13]" is converted into an equivalent circuit using register "r_reg20[13]~_emulated" and latch "r_reg20[13]~53" File: C:/Users/sony/Desktop/UOB/Semester 7 (Spring 24-25)/CPEN313 (Computer Embedded Systems)/Project/BitonicSorter.sv Line: 95
    Warning (13310): Register "r_reg20[14]" is converted into an equivalent circuit using register "r_reg20[14]~_emulated" and latch "r_reg20[14]~57" File: C:/Users/sony/Desktop/UOB/Semester 7 (Spring 24-25)/CPEN313 (Computer Embedded Systems)/Project/BitonicSorter.sv Line: 95
    Warning (13310): Register "r_reg20[15]" is converted into an equivalent circuit using register "r_reg20[15]~_emulated" and latch "r_reg20[15]~61" File: C:/Users/sony/Desktop/UOB/Semester 7 (Spring 24-25)/CPEN313 (Computer Embedded Systems)/Project/BitonicSorter.sv Line: 95
    Warning (13310): Register "r_reg21[0]" is converted into an equivalent circuit using register "r_reg21[0]~_emulated" and latch "r_reg21[0]~1" File: C:/Users/sony/Desktop/UOB/Semester 7 (Spring 24-25)/CPEN313 (Computer Embedded Systems)/Project/BitonicSorter.sv Line: 95
    Warning (13310): Register "r_reg21[1]" is converted into an equivalent circuit using register "r_reg21[1]~_emulated" and latch "r_reg21[1]~5" File: C:/Users/sony/Desktop/UOB/Semester 7 (Spring 24-25)/CPEN313 (Computer Embedded Systems)/Project/BitonicSorter.sv Line: 95
    Warning (13310): Register "r_reg21[2]" is converted into an equivalent circuit using register "r_reg21[2]~_emulated" and latch "r_reg21[2]~9" File: C:/Users/sony/Desktop/UOB/Semester 7 (Spring 24-25)/CPEN313 (Computer Embedded Systems)/Project/BitonicSorter.sv Line: 95
    Warning (13310): Register "r_reg21[3]" is converted into an equivalent circuit using register "r_reg21[3]~_emulated" and latch "r_reg21[3]~13" File: C:/Users/sony/Desktop/UOB/Semester 7 (Spring 24-25)/CPEN313 (Computer Embedded Systems)/Project/BitonicSorter.sv Line: 95
    Warning (13310): Register "r_reg21[4]" is converted into an equivalent circuit using register "r_reg21[4]~_emulated" and latch "r_reg21[4]~17" File: C:/Users/sony/Desktop/UOB/Semester 7 (Spring 24-25)/CPEN313 (Computer Embedded Systems)/Project/BitonicSorter.sv Line: 95
    Warning (13310): Register "r_reg21[5]" is converted into an equivalent circuit using register "r_reg21[5]~_emulated" and latch "r_reg21[5]~21" File: C:/Users/sony/Desktop/UOB/Semester 7 (Spring 24-25)/CPEN313 (Computer Embedded Systems)/Project/BitonicSorter.sv Line: 95
    Warning (13310): Register "r_reg21[6]" is converted into an equivalent circuit using register "r_reg21[6]~_emulated" and latch "r_reg21[6]~25" File: C:/Users/sony/Desktop/UOB/Semester 7 (Spring 24-25)/CPEN313 (Computer Embedded Systems)/Project/BitonicSorter.sv Line: 95
    Warning (13310): Register "r_reg21[7]" is converted into an equivalent circuit using register "r_reg21[7]~_emulated" and latch "r_reg21[7]~29" File: C:/Users/sony/Desktop/UOB/Semester 7 (Spring 24-25)/CPEN313 (Computer Embedded Systems)/Project/BitonicSorter.sv Line: 95
    Warning (13310): Register "r_reg21[8]" is converted into an equivalent circuit using register "r_reg21[8]~_emulated" and latch "r_reg21[8]~33" File: C:/Users/sony/Desktop/UOB/Semester 7 (Spring 24-25)/CPEN313 (Computer Embedded Systems)/Project/BitonicSorter.sv Line: 95
    Warning (13310): Register "r_reg21[9]" is converted into an equivalent circuit using register "r_reg21[9]~_emulated" and latch "r_reg21[9]~37" File: C:/Users/sony/Desktop/UOB/Semester 7 (Spring 24-25)/CPEN313 (Computer Embedded Systems)/Project/BitonicSorter.sv Line: 95
    Warning (13310): Register "r_reg21[10]" is converted into an equivalent circuit using register "r_reg21[10]~_emulated" and latch "r_reg21[10]~41" File: C:/Users/sony/Desktop/UOB/Semester 7 (Spring 24-25)/CPEN313 (Computer Embedded Systems)/Project/BitonicSorter.sv Line: 95
    Warning (13310): Register "r_reg21[11]" is converted into an equivalent circuit using register "r_reg21[11]~_emulated" and latch "r_reg21[11]~45" File: C:/Users/sony/Desktop/UOB/Semester 7 (Spring 24-25)/CPEN313 (Computer Embedded Systems)/Project/BitonicSorter.sv Line: 95
    Warning (13310): Register "r_reg21[12]" is converted into an equivalent circuit using register "r_reg21[12]~_emulated" and latch "r_reg21[12]~49" File: C:/Users/sony/Desktop/UOB/Semester 7 (Spring 24-25)/CPEN313 (Computer Embedded Systems)/Project/BitonicSorter.sv Line: 95
    Warning (13310): Register "r_reg21[13]" is converted into an equivalent circuit using register "r_reg21[13]~_emulated" and latch "r_reg21[13]~53" File: C:/Users/sony/Desktop/UOB/Semester 7 (Spring 24-25)/CPEN313 (Computer Embedded Systems)/Project/BitonicSorter.sv Line: 95
    Warning (13310): Register "r_reg21[14]" is converted into an equivalent circuit using register "r_reg21[14]~_emulated" and latch "r_reg21[14]~57" File: C:/Users/sony/Desktop/UOB/Semester 7 (Spring 24-25)/CPEN313 (Computer Embedded Systems)/Project/BitonicSorter.sv Line: 95
    Warning (13310): Register "r_reg21[15]" is converted into an equivalent circuit using register "r_reg21[15]~_emulated" and latch "r_reg21[15]~61" File: C:/Users/sony/Desktop/UOB/Semester 7 (Spring 24-25)/CPEN313 (Computer Embedded Systems)/Project/BitonicSorter.sv Line: 95
    Warning (13310): Register "r_reg22[0]" is converted into an equivalent circuit using register "r_reg22[0]~_emulated" and latch "r_reg22[0]~1" File: C:/Users/sony/Desktop/UOB/Semester 7 (Spring 24-25)/CPEN313 (Computer Embedded Systems)/Project/BitonicSorter.sv Line: 95
    Warning (13310): Register "r_reg22[1]" is converted into an equivalent circuit using register "r_reg22[1]~_emulated" and latch "r_reg22[1]~5" File: C:/Users/sony/Desktop/UOB/Semester 7 (Spring 24-25)/CPEN313 (Computer Embedded Systems)/Project/BitonicSorter.sv Line: 95
    Warning (13310): Register "r_reg22[2]" is converted into an equivalent circuit using register "r_reg22[2]~_emulated" and latch "r_reg22[2]~9" File: C:/Users/sony/Desktop/UOB/Semester 7 (Spring 24-25)/CPEN313 (Computer Embedded Systems)/Project/BitonicSorter.sv Line: 95
    Warning (13310): Register "r_reg22[3]" is converted into an equivalent circuit using register "r_reg22[3]~_emulated" and latch "r_reg22[3]~13" File: C:/Users/sony/Desktop/UOB/Semester 7 (Spring 24-25)/CPEN313 (Computer Embedded Systems)/Project/BitonicSorter.sv Line: 95
    Warning (13310): Register "r_reg22[4]" is converted into an equivalent circuit using register "r_reg22[4]~_emulated" and latch "r_reg22[4]~17" File: C:/Users/sony/Desktop/UOB/Semester 7 (Spring 24-25)/CPEN313 (Computer Embedded Systems)/Project/BitonicSorter.sv Line: 95
    Warning (13310): Register "r_reg22[5]" is converted into an equivalent circuit using register "r_reg22[5]~_emulated" and latch "r_reg22[5]~21" File: C:/Users/sony/Desktop/UOB/Semester 7 (Spring 24-25)/CPEN313 (Computer Embedded Systems)/Project/BitonicSorter.sv Line: 95
    Warning (13310): Register "r_reg22[6]" is converted into an equivalent circuit using register "r_reg22[6]~_emulated" and latch "r_reg22[6]~25" File: C:/Users/sony/Desktop/UOB/Semester 7 (Spring 24-25)/CPEN313 (Computer Embedded Systems)/Project/BitonicSorter.sv Line: 95
    Warning (13310): Register "r_reg22[7]" is converted into an equivalent circuit using register "r_reg22[7]~_emulated" and latch "r_reg22[7]~29" File: C:/Users/sony/Desktop/UOB/Semester 7 (Spring 24-25)/CPEN313 (Computer Embedded Systems)/Project/BitonicSorter.sv Line: 95
    Warning (13310): Register "r_reg22[8]" is converted into an equivalent circuit using register "r_reg22[8]~_emulated" and latch "r_reg22[8]~33" File: C:/Users/sony/Desktop/UOB/Semester 7 (Spring 24-25)/CPEN313 (Computer Embedded Systems)/Project/BitonicSorter.sv Line: 95
    Warning (13310): Register "r_reg22[9]" is converted into an equivalent circuit using register "r_reg22[9]~_emulated" and latch "r_reg22[9]~37" File: C:/Users/sony/Desktop/UOB/Semester 7 (Spring 24-25)/CPEN313 (Computer Embedded Systems)/Project/BitonicSorter.sv Line: 95
    Warning (13310): Register "r_reg22[10]" is converted into an equivalent circuit using register "r_reg22[10]~_emulated" and latch "r_reg22[10]~41" File: C:/Users/sony/Desktop/UOB/Semester 7 (Spring 24-25)/CPEN313 (Computer Embedded Systems)/Project/BitonicSorter.sv Line: 95
    Warning (13310): Register "r_reg22[11]" is converted into an equivalent circuit using register "r_reg22[11]~_emulated" and latch "r_reg22[11]~45" File: C:/Users/sony/Desktop/UOB/Semester 7 (Spring 24-25)/CPEN313 (Computer Embedded Systems)/Project/BitonicSorter.sv Line: 95
    Warning (13310): Register "r_reg22[12]" is converted into an equivalent circuit using register "r_reg22[12]~_emulated" and latch "r_reg22[12]~49" File: C:/Users/sony/Desktop/UOB/Semester 7 (Spring 24-25)/CPEN313 (Computer Embedded Systems)/Project/BitonicSorter.sv Line: 95
    Warning (13310): Register "r_reg22[13]" is converted into an equivalent circuit using register "r_reg22[13]~_emulated" and latch "r_reg22[13]~53" File: C:/Users/sony/Desktop/UOB/Semester 7 (Spring 24-25)/CPEN313 (Computer Embedded Systems)/Project/BitonicSorter.sv Line: 95
    Warning (13310): Register "r_reg22[14]" is converted into an equivalent circuit using register "r_reg22[14]~_emulated" and latch "r_reg22[14]~57" File: C:/Users/sony/Desktop/UOB/Semester 7 (Spring 24-25)/CPEN313 (Computer Embedded Systems)/Project/BitonicSorter.sv Line: 95
    Warning (13310): Register "r_reg22[15]" is converted into an equivalent circuit using register "r_reg22[15]~_emulated" and latch "r_reg22[15]~61" File: C:/Users/sony/Desktop/UOB/Semester 7 (Spring 24-25)/CPEN313 (Computer Embedded Systems)/Project/BitonicSorter.sv Line: 95
    Warning (13310): Register "r_reg23[0]" is converted into an equivalent circuit using register "r_reg23[0]~_emulated" and latch "r_reg23[0]~1" File: C:/Users/sony/Desktop/UOB/Semester 7 (Spring 24-25)/CPEN313 (Computer Embedded Systems)/Project/BitonicSorter.sv Line: 95
    Warning (13310): Register "r_reg23[1]" is converted into an equivalent circuit using register "r_reg23[1]~_emulated" and latch "r_reg23[1]~5" File: C:/Users/sony/Desktop/UOB/Semester 7 (Spring 24-25)/CPEN313 (Computer Embedded Systems)/Project/BitonicSorter.sv Line: 95
    Warning (13310): Register "r_reg23[2]" is converted into an equivalent circuit using register "r_reg23[2]~_emulated" and latch "r_reg23[2]~9" File: C:/Users/sony/Desktop/UOB/Semester 7 (Spring 24-25)/CPEN313 (Computer Embedded Systems)/Project/BitonicSorter.sv Line: 95
    Warning (13310): Register "r_reg23[3]" is converted into an equivalent circuit using register "r_reg23[3]~_emulated" and latch "r_reg23[3]~13" File: C:/Users/sony/Desktop/UOB/Semester 7 (Spring 24-25)/CPEN313 (Computer Embedded Systems)/Project/BitonicSorter.sv Line: 95
    Warning (13310): Register "r_reg23[4]" is converted into an equivalent circuit using register "r_reg23[4]~_emulated" and latch "r_reg23[4]~17" File: C:/Users/sony/Desktop/UOB/Semester 7 (Spring 24-25)/CPEN313 (Computer Embedded Systems)/Project/BitonicSorter.sv Line: 95
    Warning (13310): Register "r_reg23[5]" is converted into an equivalent circuit using register "r_reg23[5]~_emulated" and latch "r_reg23[5]~21" File: C:/Users/sony/Desktop/UOB/Semester 7 (Spring 24-25)/CPEN313 (Computer Embedded Systems)/Project/BitonicSorter.sv Line: 95
    Warning (13310): Register "r_reg23[6]" is converted into an equivalent circuit using register "r_reg23[6]~_emulated" and latch "r_reg23[6]~25" File: C:/Users/sony/Desktop/UOB/Semester 7 (Spring 24-25)/CPEN313 (Computer Embedded Systems)/Project/BitonicSorter.sv Line: 95
    Warning (13310): Register "r_reg23[7]" is converted into an equivalent circuit using register "r_reg23[7]~_emulated" and latch "r_reg23[7]~29" File: C:/Users/sony/Desktop/UOB/Semester 7 (Spring 24-25)/CPEN313 (Computer Embedded Systems)/Project/BitonicSorter.sv Line: 95
    Warning (13310): Register "r_reg23[8]" is converted into an equivalent circuit using register "r_reg23[8]~_emulated" and latch "r_reg23[8]~33" File: C:/Users/sony/Desktop/UOB/Semester 7 (Spring 24-25)/CPEN313 (Computer Embedded Systems)/Project/BitonicSorter.sv Line: 95
    Warning (13310): Register "r_reg23[9]" is converted into an equivalent circuit using register "r_reg23[9]~_emulated" and latch "r_reg23[9]~37" File: C:/Users/sony/Desktop/UOB/Semester 7 (Spring 24-25)/CPEN313 (Computer Embedded Systems)/Project/BitonicSorter.sv Line: 95
    Warning (13310): Register "r_reg23[10]" is converted into an equivalent circuit using register "r_reg23[10]~_emulated" and latch "r_reg23[10]~41" File: C:/Users/sony/Desktop/UOB/Semester 7 (Spring 24-25)/CPEN313 (Computer Embedded Systems)/Project/BitonicSorter.sv Line: 95
    Warning (13310): Register "r_reg23[11]" is converted into an equivalent circuit using register "r_reg23[11]~_emulated" and latch "r_reg23[11]~45" File: C:/Users/sony/Desktop/UOB/Semester 7 (Spring 24-25)/CPEN313 (Computer Embedded Systems)/Project/BitonicSorter.sv Line: 95
    Warning (13310): Register "r_reg23[12]" is converted into an equivalent circuit using register "r_reg23[12]~_emulated" and latch "r_reg23[12]~49" File: C:/Users/sony/Desktop/UOB/Semester 7 (Spring 24-25)/CPEN313 (Computer Embedded Systems)/Project/BitonicSorter.sv Line: 95
    Warning (13310): Register "r_reg23[13]" is converted into an equivalent circuit using register "r_reg23[13]~_emulated" and latch "r_reg23[13]~53" File: C:/Users/sony/Desktop/UOB/Semester 7 (Spring 24-25)/CPEN313 (Computer Embedded Systems)/Project/BitonicSorter.sv Line: 95
    Warning (13310): Register "r_reg23[14]" is converted into an equivalent circuit using register "r_reg23[14]~_emulated" and latch "r_reg23[14]~57" File: C:/Users/sony/Desktop/UOB/Semester 7 (Spring 24-25)/CPEN313 (Computer Embedded Systems)/Project/BitonicSorter.sv Line: 95
    Warning (13310): Register "r_reg23[15]" is converted into an equivalent circuit using register "r_reg23[15]~_emulated" and latch "r_reg23[15]~61" File: C:/Users/sony/Desktop/UOB/Semester 7 (Spring 24-25)/CPEN313 (Computer Embedded Systems)/Project/BitonicSorter.sv Line: 95
    Warning (13310): Register "r_reg24[0]" is converted into an equivalent circuit using register "r_reg24[0]~_emulated" and latch "r_reg24[0]~1" File: C:/Users/sony/Desktop/UOB/Semester 7 (Spring 24-25)/CPEN313 (Computer Embedded Systems)/Project/BitonicSorter.sv Line: 95
    Warning (13310): Register "r_reg24[1]" is converted into an equivalent circuit using register "r_reg24[1]~_emulated" and latch "r_reg24[1]~5" File: C:/Users/sony/Desktop/UOB/Semester 7 (Spring 24-25)/CPEN313 (Computer Embedded Systems)/Project/BitonicSorter.sv Line: 95
    Warning (13310): Register "r_reg24[2]" is converted into an equivalent circuit using register "r_reg24[2]~_emulated" and latch "r_reg24[2]~9" File: C:/Users/sony/Desktop/UOB/Semester 7 (Spring 24-25)/CPEN313 (Computer Embedded Systems)/Project/BitonicSorter.sv Line: 95
    Warning (13310): Register "r_reg24[3]" is converted into an equivalent circuit using register "r_reg24[3]~_emulated" and latch "r_reg24[3]~13" File: C:/Users/sony/Desktop/UOB/Semester 7 (Spring 24-25)/CPEN313 (Computer Embedded Systems)/Project/BitonicSorter.sv Line: 95
    Warning (13310): Register "r_reg24[4]" is converted into an equivalent circuit using register "r_reg24[4]~_emulated" and latch "r_reg24[4]~17" File: C:/Users/sony/Desktop/UOB/Semester 7 (Spring 24-25)/CPEN313 (Computer Embedded Systems)/Project/BitonicSorter.sv Line: 95
    Warning (13310): Register "r_reg24[5]" is converted into an equivalent circuit using register "r_reg24[5]~_emulated" and latch "r_reg24[5]~21" File: C:/Users/sony/Desktop/UOB/Semester 7 (Spring 24-25)/CPEN313 (Computer Embedded Systems)/Project/BitonicSorter.sv Line: 95
    Warning (13310): Register "r_reg24[6]" is converted into an equivalent circuit using register "r_reg24[6]~_emulated" and latch "r_reg24[6]~25" File: C:/Users/sony/Desktop/UOB/Semester 7 (Spring 24-25)/CPEN313 (Computer Embedded Systems)/Project/BitonicSorter.sv Line: 95
    Warning (13310): Register "r_reg24[7]" is converted into an equivalent circuit using register "r_reg24[7]~_emulated" and latch "r_reg24[7]~29" File: C:/Users/sony/Desktop/UOB/Semester 7 (Spring 24-25)/CPEN313 (Computer Embedded Systems)/Project/BitonicSorter.sv Line: 95
    Warning (13310): Register "r_reg24[8]" is converted into an equivalent circuit using register "r_reg24[8]~_emulated" and latch "r_reg24[8]~33" File: C:/Users/sony/Desktop/UOB/Semester 7 (Spring 24-25)/CPEN313 (Computer Embedded Systems)/Project/BitonicSorter.sv Line: 95
    Warning (13310): Register "r_reg24[9]" is converted into an equivalent circuit using register "r_reg24[9]~_emulated" and latch "r_reg24[9]~37" File: C:/Users/sony/Desktop/UOB/Semester 7 (Spring 24-25)/CPEN313 (Computer Embedded Systems)/Project/BitonicSorter.sv Line: 95
    Warning (13310): Register "r_reg24[10]" is converted into an equivalent circuit using register "r_reg24[10]~_emulated" and latch "r_reg24[10]~41" File: C:/Users/sony/Desktop/UOB/Semester 7 (Spring 24-25)/CPEN313 (Computer Embedded Systems)/Project/BitonicSorter.sv Line: 95
    Warning (13310): Register "r_reg24[11]" is converted into an equivalent circuit using register "r_reg24[11]~_emulated" and latch "r_reg24[11]~45" File: C:/Users/sony/Desktop/UOB/Semester 7 (Spring 24-25)/CPEN313 (Computer Embedded Systems)/Project/BitonicSorter.sv Line: 95
    Warning (13310): Register "r_reg24[12]" is converted into an equivalent circuit using register "r_reg24[12]~_emulated" and latch "r_reg24[12]~49" File: C:/Users/sony/Desktop/UOB/Semester 7 (Spring 24-25)/CPEN313 (Computer Embedded Systems)/Project/BitonicSorter.sv Line: 95
    Warning (13310): Register "r_reg24[13]" is converted into an equivalent circuit using register "r_reg24[13]~_emulated" and latch "r_reg24[13]~53" File: C:/Users/sony/Desktop/UOB/Semester 7 (Spring 24-25)/CPEN313 (Computer Embedded Systems)/Project/BitonicSorter.sv Line: 95
    Warning (13310): Register "r_reg24[14]" is converted into an equivalent circuit using register "r_reg24[14]~_emulated" and latch "r_reg24[14]~57" File: C:/Users/sony/Desktop/UOB/Semester 7 (Spring 24-25)/CPEN313 (Computer Embedded Systems)/Project/BitonicSorter.sv Line: 95
    Warning (13310): Register "r_reg24[15]" is converted into an equivalent circuit using register "r_reg24[15]~_emulated" and latch "r_reg24[15]~61" File: C:/Users/sony/Desktop/UOB/Semester 7 (Spring 24-25)/CPEN313 (Computer Embedded Systems)/Project/BitonicSorter.sv Line: 95
    Warning (13310): Register "r_reg25[0]" is converted into an equivalent circuit using register "r_reg25[0]~_emulated" and latch "r_reg25[0]~1" File: C:/Users/sony/Desktop/UOB/Semester 7 (Spring 24-25)/CPEN313 (Computer Embedded Systems)/Project/BitonicSorter.sv Line: 95
    Warning (13310): Register "r_reg25[1]" is converted into an equivalent circuit using register "r_reg25[1]~_emulated" and latch "r_reg25[1]~5" File: C:/Users/sony/Desktop/UOB/Semester 7 (Spring 24-25)/CPEN313 (Computer Embedded Systems)/Project/BitonicSorter.sv Line: 95
    Warning (13310): Register "r_reg25[2]" is converted into an equivalent circuit using register "r_reg25[2]~_emulated" and latch "r_reg25[2]~9" File: C:/Users/sony/Desktop/UOB/Semester 7 (Spring 24-25)/CPEN313 (Computer Embedded Systems)/Project/BitonicSorter.sv Line: 95
    Warning (13310): Register "r_reg25[3]" is converted into an equivalent circuit using register "r_reg25[3]~_emulated" and latch "r_reg25[3]~13" File: C:/Users/sony/Desktop/UOB/Semester 7 (Spring 24-25)/CPEN313 (Computer Embedded Systems)/Project/BitonicSorter.sv Line: 95
    Warning (13310): Register "r_reg25[4]" is converted into an equivalent circuit using register "r_reg25[4]~_emulated" and latch "r_reg25[4]~17" File: C:/Users/sony/Desktop/UOB/Semester 7 (Spring 24-25)/CPEN313 (Computer Embedded Systems)/Project/BitonicSorter.sv Line: 95
    Warning (13310): Register "r_reg25[5]" is converted into an equivalent circuit using register "r_reg25[5]~_emulated" and latch "r_reg25[5]~21" File: C:/Users/sony/Desktop/UOB/Semester 7 (Spring 24-25)/CPEN313 (Computer Embedded Systems)/Project/BitonicSorter.sv Line: 95
    Warning (13310): Register "r_reg25[6]" is converted into an equivalent circuit using register "r_reg25[6]~_emulated" and latch "r_reg25[6]~25" File: C:/Users/sony/Desktop/UOB/Semester 7 (Spring 24-25)/CPEN313 (Computer Embedded Systems)/Project/BitonicSorter.sv Line: 95
    Warning (13310): Register "r_reg25[7]" is converted into an equivalent circuit using register "r_reg25[7]~_emulated" and latch "r_reg25[7]~29" File: C:/Users/sony/Desktop/UOB/Semester 7 (Spring 24-25)/CPEN313 (Computer Embedded Systems)/Project/BitonicSorter.sv Line: 95
    Warning (13310): Register "r_reg25[8]" is converted into an equivalent circuit using register "r_reg25[8]~_emulated" and latch "r_reg25[8]~33" File: C:/Users/sony/Desktop/UOB/Semester 7 (Spring 24-25)/CPEN313 (Computer Embedded Systems)/Project/BitonicSorter.sv Line: 95
    Warning (13310): Register "r_reg25[9]" is converted into an equivalent circuit using register "r_reg25[9]~_emulated" and latch "r_reg25[9]~37" File: C:/Users/sony/Desktop/UOB/Semester 7 (Spring 24-25)/CPEN313 (Computer Embedded Systems)/Project/BitonicSorter.sv Line: 95
    Warning (13310): Register "r_reg25[10]" is converted into an equivalent circuit using register "r_reg25[10]~_emulated" and latch "r_reg25[10]~41" File: C:/Users/sony/Desktop/UOB/Semester 7 (Spring 24-25)/CPEN313 (Computer Embedded Systems)/Project/BitonicSorter.sv Line: 95
    Warning (13310): Register "r_reg25[11]" is converted into an equivalent circuit using register "r_reg25[11]~_emulated" and latch "r_reg25[11]~45" File: C:/Users/sony/Desktop/UOB/Semester 7 (Spring 24-25)/CPEN313 (Computer Embedded Systems)/Project/BitonicSorter.sv Line: 95
    Warning (13310): Register "r_reg25[12]" is converted into an equivalent circuit using register "r_reg25[12]~_emulated" and latch "r_reg25[12]~49" File: C:/Users/sony/Desktop/UOB/Semester 7 (Spring 24-25)/CPEN313 (Computer Embedded Systems)/Project/BitonicSorter.sv Line: 95
    Warning (13310): Register "r_reg25[13]" is converted into an equivalent circuit using register "r_reg25[13]~_emulated" and latch "r_reg25[13]~53" File: C:/Users/sony/Desktop/UOB/Semester 7 (Spring 24-25)/CPEN313 (Computer Embedded Systems)/Project/BitonicSorter.sv Line: 95
    Warning (13310): Register "r_reg25[14]" is converted into an equivalent circuit using register "r_reg25[14]~_emulated" and latch "r_reg25[14]~57" File: C:/Users/sony/Desktop/UOB/Semester 7 (Spring 24-25)/CPEN313 (Computer Embedded Systems)/Project/BitonicSorter.sv Line: 95
    Warning (13310): Register "r_reg25[15]" is converted into an equivalent circuit using register "r_reg25[15]~_emulated" and latch "r_reg25[15]~61" File: C:/Users/sony/Desktop/UOB/Semester 7 (Spring 24-25)/CPEN313 (Computer Embedded Systems)/Project/BitonicSorter.sv Line: 95
    Warning (13310): Register "r_reg26[0]" is converted into an equivalent circuit using register "r_reg26[0]~_emulated" and latch "r_reg26[0]~1" File: C:/Users/sony/Desktop/UOB/Semester 7 (Spring 24-25)/CPEN313 (Computer Embedded Systems)/Project/BitonicSorter.sv Line: 95
    Warning (13310): Register "r_reg26[1]" is converted into an equivalent circuit using register "r_reg26[1]~_emulated" and latch "r_reg26[1]~5" File: C:/Users/sony/Desktop/UOB/Semester 7 (Spring 24-25)/CPEN313 (Computer Embedded Systems)/Project/BitonicSorter.sv Line: 95
    Warning (13310): Register "r_reg26[2]" is converted into an equivalent circuit using register "r_reg26[2]~_emulated" and latch "r_reg26[2]~9" File: C:/Users/sony/Desktop/UOB/Semester 7 (Spring 24-25)/CPEN313 (Computer Embedded Systems)/Project/BitonicSorter.sv Line: 95
    Warning (13310): Register "r_reg26[3]" is converted into an equivalent circuit using register "r_reg26[3]~_emulated" and latch "r_reg26[3]~13" File: C:/Users/sony/Desktop/UOB/Semester 7 (Spring 24-25)/CPEN313 (Computer Embedded Systems)/Project/BitonicSorter.sv Line: 95
    Warning (13310): Register "r_reg26[4]" is converted into an equivalent circuit using register "r_reg26[4]~_emulated" and latch "r_reg26[4]~17" File: C:/Users/sony/Desktop/UOB/Semester 7 (Spring 24-25)/CPEN313 (Computer Embedded Systems)/Project/BitonicSorter.sv Line: 95
    Warning (13310): Register "r_reg26[5]" is converted into an equivalent circuit using register "r_reg26[5]~_emulated" and latch "r_reg26[5]~21" File: C:/Users/sony/Desktop/UOB/Semester 7 (Spring 24-25)/CPEN313 (Computer Embedded Systems)/Project/BitonicSorter.sv Line: 95
    Warning (13310): Register "r_reg26[6]" is converted into an equivalent circuit using register "r_reg26[6]~_emulated" and latch "r_reg26[6]~25" File: C:/Users/sony/Desktop/UOB/Semester 7 (Spring 24-25)/CPEN313 (Computer Embedded Systems)/Project/BitonicSorter.sv Line: 95
    Warning (13310): Register "r_reg26[7]" is converted into an equivalent circuit using register "r_reg26[7]~_emulated" and latch "r_reg26[7]~29" File: C:/Users/sony/Desktop/UOB/Semester 7 (Spring 24-25)/CPEN313 (Computer Embedded Systems)/Project/BitonicSorter.sv Line: 95
    Warning (13310): Register "r_reg26[8]" is converted into an equivalent circuit using register "r_reg26[8]~_emulated" and latch "r_reg26[8]~33" File: C:/Users/sony/Desktop/UOB/Semester 7 (Spring 24-25)/CPEN313 (Computer Embedded Systems)/Project/BitonicSorter.sv Line: 95
    Warning (13310): Register "r_reg26[9]" is converted into an equivalent circuit using register "r_reg26[9]~_emulated" and latch "r_reg26[9]~37" File: C:/Users/sony/Desktop/UOB/Semester 7 (Spring 24-25)/CPEN313 (Computer Embedded Systems)/Project/BitonicSorter.sv Line: 95
    Warning (13310): Register "r_reg26[10]" is converted into an equivalent circuit using register "r_reg26[10]~_emulated" and latch "r_reg26[10]~41" File: C:/Users/sony/Desktop/UOB/Semester 7 (Spring 24-25)/CPEN313 (Computer Embedded Systems)/Project/BitonicSorter.sv Line: 95
    Warning (13310): Register "r_reg26[11]" is converted into an equivalent circuit using register "r_reg26[11]~_emulated" and latch "r_reg26[11]~45" File: C:/Users/sony/Desktop/UOB/Semester 7 (Spring 24-25)/CPEN313 (Computer Embedded Systems)/Project/BitonicSorter.sv Line: 95
    Warning (13310): Register "r_reg26[12]" is converted into an equivalent circuit using register "r_reg26[12]~_emulated" and latch "r_reg26[12]~49" File: C:/Users/sony/Desktop/UOB/Semester 7 (Spring 24-25)/CPEN313 (Computer Embedded Systems)/Project/BitonicSorter.sv Line: 95
    Warning (13310): Register "r_reg26[13]" is converted into an equivalent circuit using register "r_reg26[13]~_emulated" and latch "r_reg26[13]~53" File: C:/Users/sony/Desktop/UOB/Semester 7 (Spring 24-25)/CPEN313 (Computer Embedded Systems)/Project/BitonicSorter.sv Line: 95
    Warning (13310): Register "r_reg26[14]" is converted into an equivalent circuit using register "r_reg26[14]~_emulated" and latch "r_reg26[14]~57" File: C:/Users/sony/Desktop/UOB/Semester 7 (Spring 24-25)/CPEN313 (Computer Embedded Systems)/Project/BitonicSorter.sv Line: 95
    Warning (13310): Register "r_reg26[15]" is converted into an equivalent circuit using register "r_reg26[15]~_emulated" and latch "r_reg26[15]~61" File: C:/Users/sony/Desktop/UOB/Semester 7 (Spring 24-25)/CPEN313 (Computer Embedded Systems)/Project/BitonicSorter.sv Line: 95
    Warning (13310): Register "r_reg27[0]" is converted into an equivalent circuit using register "r_reg27[0]~_emulated" and latch "r_reg27[0]~1" File: C:/Users/sony/Desktop/UOB/Semester 7 (Spring 24-25)/CPEN313 (Computer Embedded Systems)/Project/BitonicSorter.sv Line: 95
    Warning (13310): Register "r_reg27[1]" is converted into an equivalent circuit using register "r_reg27[1]~_emulated" and latch "r_reg27[1]~5" File: C:/Users/sony/Desktop/UOB/Semester 7 (Spring 24-25)/CPEN313 (Computer Embedded Systems)/Project/BitonicSorter.sv Line: 95
    Warning (13310): Register "r_reg27[2]" is converted into an equivalent circuit using register "r_reg27[2]~_emulated" and latch "r_reg27[2]~9" File: C:/Users/sony/Desktop/UOB/Semester 7 (Spring 24-25)/CPEN313 (Computer Embedded Systems)/Project/BitonicSorter.sv Line: 95
    Warning (13310): Register "r_reg27[3]" is converted into an equivalent circuit using register "r_reg27[3]~_emulated" and latch "r_reg27[3]~13" File: C:/Users/sony/Desktop/UOB/Semester 7 (Spring 24-25)/CPEN313 (Computer Embedded Systems)/Project/BitonicSorter.sv Line: 95
    Warning (13310): Register "r_reg27[4]" is converted into an equivalent circuit using register "r_reg27[4]~_emulated" and latch "r_reg27[4]~17" File: C:/Users/sony/Desktop/UOB/Semester 7 (Spring 24-25)/CPEN313 (Computer Embedded Systems)/Project/BitonicSorter.sv Line: 95
    Warning (13310): Register "r_reg27[5]" is converted into an equivalent circuit using register "r_reg27[5]~_emulated" and latch "r_reg27[5]~21" File: C:/Users/sony/Desktop/UOB/Semester 7 (Spring 24-25)/CPEN313 (Computer Embedded Systems)/Project/BitonicSorter.sv Line: 95
    Warning (13310): Register "r_reg27[6]" is converted into an equivalent circuit using register "r_reg27[6]~_emulated" and latch "r_reg27[6]~25" File: C:/Users/sony/Desktop/UOB/Semester 7 (Spring 24-25)/CPEN313 (Computer Embedded Systems)/Project/BitonicSorter.sv Line: 95
    Warning (13310): Register "r_reg27[7]" is converted into an equivalent circuit using register "r_reg27[7]~_emulated" and latch "r_reg27[7]~29" File: C:/Users/sony/Desktop/UOB/Semester 7 (Spring 24-25)/CPEN313 (Computer Embedded Systems)/Project/BitonicSorter.sv Line: 95
    Warning (13310): Register "r_reg27[8]" is converted into an equivalent circuit using register "r_reg27[8]~_emulated" and latch "r_reg27[8]~33" File: C:/Users/sony/Desktop/UOB/Semester 7 (Spring 24-25)/CPEN313 (Computer Embedded Systems)/Project/BitonicSorter.sv Line: 95
    Warning (13310): Register "r_reg27[9]" is converted into an equivalent circuit using register "r_reg27[9]~_emulated" and latch "r_reg27[9]~37" File: C:/Users/sony/Desktop/UOB/Semester 7 (Spring 24-25)/CPEN313 (Computer Embedded Systems)/Project/BitonicSorter.sv Line: 95
    Warning (13310): Register "r_reg27[10]" is converted into an equivalent circuit using register "r_reg27[10]~_emulated" and latch "r_reg27[10]~41" File: C:/Users/sony/Desktop/UOB/Semester 7 (Spring 24-25)/CPEN313 (Computer Embedded Systems)/Project/BitonicSorter.sv Line: 95
    Warning (13310): Register "r_reg27[11]" is converted into an equivalent circuit using register "r_reg27[11]~_emulated" and latch "r_reg27[11]~45" File: C:/Users/sony/Desktop/UOB/Semester 7 (Spring 24-25)/CPEN313 (Computer Embedded Systems)/Project/BitonicSorter.sv Line: 95
    Warning (13310): Register "r_reg27[12]" is converted into an equivalent circuit using register "r_reg27[12]~_emulated" and latch "r_reg27[12]~49" File: C:/Users/sony/Desktop/UOB/Semester 7 (Spring 24-25)/CPEN313 (Computer Embedded Systems)/Project/BitonicSorter.sv Line: 95
    Warning (13310): Register "r_reg27[13]" is converted into an equivalent circuit using register "r_reg27[13]~_emulated" and latch "r_reg27[13]~53" File: C:/Users/sony/Desktop/UOB/Semester 7 (Spring 24-25)/CPEN313 (Computer Embedded Systems)/Project/BitonicSorter.sv Line: 95
    Warning (13310): Register "r_reg27[14]" is converted into an equivalent circuit using register "r_reg27[14]~_emulated" and latch "r_reg27[14]~57" File: C:/Users/sony/Desktop/UOB/Semester 7 (Spring 24-25)/CPEN313 (Computer Embedded Systems)/Project/BitonicSorter.sv Line: 95
    Warning (13310): Register "r_reg27[15]" is converted into an equivalent circuit using register "r_reg27[15]~_emulated" and latch "r_reg27[15]~61" File: C:/Users/sony/Desktop/UOB/Semester 7 (Spring 24-25)/CPEN313 (Computer Embedded Systems)/Project/BitonicSorter.sv Line: 95
    Warning (13310): Register "r_reg28[0]" is converted into an equivalent circuit using register "r_reg28[0]~_emulated" and latch "r_reg28[0]~1" File: C:/Users/sony/Desktop/UOB/Semester 7 (Spring 24-25)/CPEN313 (Computer Embedded Systems)/Project/BitonicSorter.sv Line: 95
    Warning (13310): Register "r_reg28[1]" is converted into an equivalent circuit using register "r_reg28[1]~_emulated" and latch "r_reg28[1]~5" File: C:/Users/sony/Desktop/UOB/Semester 7 (Spring 24-25)/CPEN313 (Computer Embedded Systems)/Project/BitonicSorter.sv Line: 95
    Warning (13310): Register "r_reg28[2]" is converted into an equivalent circuit using register "r_reg28[2]~_emulated" and latch "r_reg28[2]~9" File: C:/Users/sony/Desktop/UOB/Semester 7 (Spring 24-25)/CPEN313 (Computer Embedded Systems)/Project/BitonicSorter.sv Line: 95
    Warning (13310): Register "r_reg28[3]" is converted into an equivalent circuit using register "r_reg28[3]~_emulated" and latch "r_reg28[3]~13" File: C:/Users/sony/Desktop/UOB/Semester 7 (Spring 24-25)/CPEN313 (Computer Embedded Systems)/Project/BitonicSorter.sv Line: 95
    Warning (13310): Register "r_reg28[4]" is converted into an equivalent circuit using register "r_reg28[4]~_emulated" and latch "r_reg28[4]~17" File: C:/Users/sony/Desktop/UOB/Semester 7 (Spring 24-25)/CPEN313 (Computer Embedded Systems)/Project/BitonicSorter.sv Line: 95
    Warning (13310): Register "r_reg28[5]" is converted into an equivalent circuit using register "r_reg28[5]~_emulated" and latch "r_reg28[5]~21" File: C:/Users/sony/Desktop/UOB/Semester 7 (Spring 24-25)/CPEN313 (Computer Embedded Systems)/Project/BitonicSorter.sv Line: 95
    Warning (13310): Register "r_reg28[6]" is converted into an equivalent circuit using register "r_reg28[6]~_emulated" and latch "r_reg28[6]~25" File: C:/Users/sony/Desktop/UOB/Semester 7 (Spring 24-25)/CPEN313 (Computer Embedded Systems)/Project/BitonicSorter.sv Line: 95
    Warning (13310): Register "r_reg28[7]" is converted into an equivalent circuit using register "r_reg28[7]~_emulated" and latch "r_reg28[7]~29" File: C:/Users/sony/Desktop/UOB/Semester 7 (Spring 24-25)/CPEN313 (Computer Embedded Systems)/Project/BitonicSorter.sv Line: 95
    Warning (13310): Register "r_reg28[8]" is converted into an equivalent circuit using register "r_reg28[8]~_emulated" and latch "r_reg28[8]~33" File: C:/Users/sony/Desktop/UOB/Semester 7 (Spring 24-25)/CPEN313 (Computer Embedded Systems)/Project/BitonicSorter.sv Line: 95
    Warning (13310): Register "r_reg28[9]" is converted into an equivalent circuit using register "r_reg28[9]~_emulated" and latch "r_reg28[9]~37" File: C:/Users/sony/Desktop/UOB/Semester 7 (Spring 24-25)/CPEN313 (Computer Embedded Systems)/Project/BitonicSorter.sv Line: 95
    Warning (13310): Register "r_reg28[10]" is converted into an equivalent circuit using register "r_reg28[10]~_emulated" and latch "r_reg28[10]~41" File: C:/Users/sony/Desktop/UOB/Semester 7 (Spring 24-25)/CPEN313 (Computer Embedded Systems)/Project/BitonicSorter.sv Line: 95
    Warning (13310): Register "r_reg28[11]" is converted into an equivalent circuit using register "r_reg28[11]~_emulated" and latch "r_reg28[11]~45" File: C:/Users/sony/Desktop/UOB/Semester 7 (Spring 24-25)/CPEN313 (Computer Embedded Systems)/Project/BitonicSorter.sv Line: 95
    Warning (13310): Register "r_reg28[12]" is converted into an equivalent circuit using register "r_reg28[12]~_emulated" and latch "r_reg28[12]~49" File: C:/Users/sony/Desktop/UOB/Semester 7 (Spring 24-25)/CPEN313 (Computer Embedded Systems)/Project/BitonicSorter.sv Line: 95
    Warning (13310): Register "r_reg28[13]" is converted into an equivalent circuit using register "r_reg28[13]~_emulated" and latch "r_reg28[13]~53" File: C:/Users/sony/Desktop/UOB/Semester 7 (Spring 24-25)/CPEN313 (Computer Embedded Systems)/Project/BitonicSorter.sv Line: 95
    Warning (13310): Register "r_reg28[14]" is converted into an equivalent circuit using register "r_reg28[14]~_emulated" and latch "r_reg28[14]~57" File: C:/Users/sony/Desktop/UOB/Semester 7 (Spring 24-25)/CPEN313 (Computer Embedded Systems)/Project/BitonicSorter.sv Line: 95
    Warning (13310): Register "r_reg28[15]" is converted into an equivalent circuit using register "r_reg28[15]~_emulated" and latch "r_reg28[15]~61" File: C:/Users/sony/Desktop/UOB/Semester 7 (Spring 24-25)/CPEN313 (Computer Embedded Systems)/Project/BitonicSorter.sv Line: 95
    Warning (13310): Register "r_reg29[0]" is converted into an equivalent circuit using register "r_reg29[0]~_emulated" and latch "r_reg29[0]~1" File: C:/Users/sony/Desktop/UOB/Semester 7 (Spring 24-25)/CPEN313 (Computer Embedded Systems)/Project/BitonicSorter.sv Line: 95
    Warning (13310): Register "r_reg29[1]" is converted into an equivalent circuit using register "r_reg29[1]~_emulated" and latch "r_reg29[1]~5" File: C:/Users/sony/Desktop/UOB/Semester 7 (Spring 24-25)/CPEN313 (Computer Embedded Systems)/Project/BitonicSorter.sv Line: 95
    Warning (13310): Register "r_reg29[2]" is converted into an equivalent circuit using register "r_reg29[2]~_emulated" and latch "r_reg29[2]~9" File: C:/Users/sony/Desktop/UOB/Semester 7 (Spring 24-25)/CPEN313 (Computer Embedded Systems)/Project/BitonicSorter.sv Line: 95
    Warning (13310): Register "r_reg29[3]" is converted into an equivalent circuit using register "r_reg29[3]~_emulated" and latch "r_reg29[3]~13" File: C:/Users/sony/Desktop/UOB/Semester 7 (Spring 24-25)/CPEN313 (Computer Embedded Systems)/Project/BitonicSorter.sv Line: 95
    Warning (13310): Register "r_reg29[4]" is converted into an equivalent circuit using register "r_reg29[4]~_emulated" and latch "r_reg29[4]~17" File: C:/Users/sony/Desktop/UOB/Semester 7 (Spring 24-25)/CPEN313 (Computer Embedded Systems)/Project/BitonicSorter.sv Line: 95
    Warning (13310): Register "r_reg29[5]" is converted into an equivalent circuit using register "r_reg29[5]~_emulated" and latch "r_reg29[5]~21" File: C:/Users/sony/Desktop/UOB/Semester 7 (Spring 24-25)/CPEN313 (Computer Embedded Systems)/Project/BitonicSorter.sv Line: 95
    Warning (13310): Register "r_reg29[6]" is converted into an equivalent circuit using register "r_reg29[6]~_emulated" and latch "r_reg29[6]~25" File: C:/Users/sony/Desktop/UOB/Semester 7 (Spring 24-25)/CPEN313 (Computer Embedded Systems)/Project/BitonicSorter.sv Line: 95
    Warning (13310): Register "r_reg29[7]" is converted into an equivalent circuit using register "r_reg29[7]~_emulated" and latch "r_reg29[7]~29" File: C:/Users/sony/Desktop/UOB/Semester 7 (Spring 24-25)/CPEN313 (Computer Embedded Systems)/Project/BitonicSorter.sv Line: 95
    Warning (13310): Register "r_reg29[8]" is converted into an equivalent circuit using register "r_reg29[8]~_emulated" and latch "r_reg29[8]~33" File: C:/Users/sony/Desktop/UOB/Semester 7 (Spring 24-25)/CPEN313 (Computer Embedded Systems)/Project/BitonicSorter.sv Line: 95
    Warning (13310): Register "r_reg29[9]" is converted into an equivalent circuit using register "r_reg29[9]~_emulated" and latch "r_reg29[9]~37" File: C:/Users/sony/Desktop/UOB/Semester 7 (Spring 24-25)/CPEN313 (Computer Embedded Systems)/Project/BitonicSorter.sv Line: 95
    Warning (13310): Register "r_reg29[10]" is converted into an equivalent circuit using register "r_reg29[10]~_emulated" and latch "r_reg29[10]~41" File: C:/Users/sony/Desktop/UOB/Semester 7 (Spring 24-25)/CPEN313 (Computer Embedded Systems)/Project/BitonicSorter.sv Line: 95
    Warning (13310): Register "r_reg29[11]" is converted into an equivalent circuit using register "r_reg29[11]~_emulated" and latch "r_reg29[11]~45" File: C:/Users/sony/Desktop/UOB/Semester 7 (Spring 24-25)/CPEN313 (Computer Embedded Systems)/Project/BitonicSorter.sv Line: 95
    Warning (13310): Register "r_reg29[12]" is converted into an equivalent circuit using register "r_reg29[12]~_emulated" and latch "r_reg29[12]~49" File: C:/Users/sony/Desktop/UOB/Semester 7 (Spring 24-25)/CPEN313 (Computer Embedded Systems)/Project/BitonicSorter.sv Line: 95
    Warning (13310): Register "r_reg29[13]" is converted into an equivalent circuit using register "r_reg29[13]~_emulated" and latch "r_reg29[13]~53" File: C:/Users/sony/Desktop/UOB/Semester 7 (Spring 24-25)/CPEN313 (Computer Embedded Systems)/Project/BitonicSorter.sv Line: 95
    Warning (13310): Register "r_reg29[14]" is converted into an equivalent circuit using register "r_reg29[14]~_emulated" and latch "r_reg29[14]~57" File: C:/Users/sony/Desktop/UOB/Semester 7 (Spring 24-25)/CPEN313 (Computer Embedded Systems)/Project/BitonicSorter.sv Line: 95
    Warning (13310): Register "r_reg29[15]" is converted into an equivalent circuit using register "r_reg29[15]~_emulated" and latch "r_reg29[15]~61" File: C:/Users/sony/Desktop/UOB/Semester 7 (Spring 24-25)/CPEN313 (Computer Embedded Systems)/Project/BitonicSorter.sv Line: 95
    Warning (13310): Register "r_reg30[0]" is converted into an equivalent circuit using register "r_reg30[0]~_emulated" and latch "r_reg30[0]~1" File: C:/Users/sony/Desktop/UOB/Semester 7 (Spring 24-25)/CPEN313 (Computer Embedded Systems)/Project/BitonicSorter.sv Line: 95
    Warning (13310): Register "r_reg30[1]" is converted into an equivalent circuit using register "r_reg30[1]~_emulated" and latch "r_reg30[1]~5" File: C:/Users/sony/Desktop/UOB/Semester 7 (Spring 24-25)/CPEN313 (Computer Embedded Systems)/Project/BitonicSorter.sv Line: 95
    Warning (13310): Register "r_reg30[2]" is converted into an equivalent circuit using register "r_reg30[2]~_emulated" and latch "r_reg30[2]~9" File: C:/Users/sony/Desktop/UOB/Semester 7 (Spring 24-25)/CPEN313 (Computer Embedded Systems)/Project/BitonicSorter.sv Line: 95
    Warning (13310): Register "r_reg30[3]" is converted into an equivalent circuit using register "r_reg30[3]~_emulated" and latch "r_reg30[3]~13" File: C:/Users/sony/Desktop/UOB/Semester 7 (Spring 24-25)/CPEN313 (Computer Embedded Systems)/Project/BitonicSorter.sv Line: 95
    Warning (13310): Register "r_reg30[4]" is converted into an equivalent circuit using register "r_reg30[4]~_emulated" and latch "r_reg30[4]~17" File: C:/Users/sony/Desktop/UOB/Semester 7 (Spring 24-25)/CPEN313 (Computer Embedded Systems)/Project/BitonicSorter.sv Line: 95
    Warning (13310): Register "r_reg30[5]" is converted into an equivalent circuit using register "r_reg30[5]~_emulated" and latch "r_reg30[5]~21" File: C:/Users/sony/Desktop/UOB/Semester 7 (Spring 24-25)/CPEN313 (Computer Embedded Systems)/Project/BitonicSorter.sv Line: 95
    Warning (13310): Register "r_reg30[6]" is converted into an equivalent circuit using register "r_reg30[6]~_emulated" and latch "r_reg30[6]~25" File: C:/Users/sony/Desktop/UOB/Semester 7 (Spring 24-25)/CPEN313 (Computer Embedded Systems)/Project/BitonicSorter.sv Line: 95
    Warning (13310): Register "r_reg30[7]" is converted into an equivalent circuit using register "r_reg30[7]~_emulated" and latch "r_reg30[7]~29" File: C:/Users/sony/Desktop/UOB/Semester 7 (Spring 24-25)/CPEN313 (Computer Embedded Systems)/Project/BitonicSorter.sv Line: 95
    Warning (13310): Register "r_reg30[8]" is converted into an equivalent circuit using register "r_reg30[8]~_emulated" and latch "r_reg30[8]~33" File: C:/Users/sony/Desktop/UOB/Semester 7 (Spring 24-25)/CPEN313 (Computer Embedded Systems)/Project/BitonicSorter.sv Line: 95
    Warning (13310): Register "r_reg30[9]" is converted into an equivalent circuit using register "r_reg30[9]~_emulated" and latch "r_reg30[9]~37" File: C:/Users/sony/Desktop/UOB/Semester 7 (Spring 24-25)/CPEN313 (Computer Embedded Systems)/Project/BitonicSorter.sv Line: 95
    Warning (13310): Register "r_reg30[10]" is converted into an equivalent circuit using register "r_reg30[10]~_emulated" and latch "r_reg30[10]~41" File: C:/Users/sony/Desktop/UOB/Semester 7 (Spring 24-25)/CPEN313 (Computer Embedded Systems)/Project/BitonicSorter.sv Line: 95
    Warning (13310): Register "r_reg30[11]" is converted into an equivalent circuit using register "r_reg30[11]~_emulated" and latch "r_reg30[11]~45" File: C:/Users/sony/Desktop/UOB/Semester 7 (Spring 24-25)/CPEN313 (Computer Embedded Systems)/Project/BitonicSorter.sv Line: 95
    Warning (13310): Register "r_reg30[12]" is converted into an equivalent circuit using register "r_reg30[12]~_emulated" and latch "r_reg30[12]~49" File: C:/Users/sony/Desktop/UOB/Semester 7 (Spring 24-25)/CPEN313 (Computer Embedded Systems)/Project/BitonicSorter.sv Line: 95
    Warning (13310): Register "r_reg30[13]" is converted into an equivalent circuit using register "r_reg30[13]~_emulated" and latch "r_reg30[13]~53" File: C:/Users/sony/Desktop/UOB/Semester 7 (Spring 24-25)/CPEN313 (Computer Embedded Systems)/Project/BitonicSorter.sv Line: 95
    Warning (13310): Register "r_reg30[14]" is converted into an equivalent circuit using register "r_reg30[14]~_emulated" and latch "r_reg30[14]~57" File: C:/Users/sony/Desktop/UOB/Semester 7 (Spring 24-25)/CPEN313 (Computer Embedded Systems)/Project/BitonicSorter.sv Line: 95
    Warning (13310): Register "r_reg30[15]" is converted into an equivalent circuit using register "r_reg30[15]~_emulated" and latch "r_reg30[15]~61" File: C:/Users/sony/Desktop/UOB/Semester 7 (Spring 24-25)/CPEN313 (Computer Embedded Systems)/Project/BitonicSorter.sv Line: 95
    Warning (13310): Register "r_reg31[0]" is converted into an equivalent circuit using register "r_reg31[0]~_emulated" and latch "r_reg31[0]~1" File: C:/Users/sony/Desktop/UOB/Semester 7 (Spring 24-25)/CPEN313 (Computer Embedded Systems)/Project/BitonicSorter.sv Line: 95
    Warning (13310): Register "r_reg31[1]" is converted into an equivalent circuit using register "r_reg31[1]~_emulated" and latch "r_reg31[1]~5" File: C:/Users/sony/Desktop/UOB/Semester 7 (Spring 24-25)/CPEN313 (Computer Embedded Systems)/Project/BitonicSorter.sv Line: 95
    Warning (13310): Register "r_reg31[2]" is converted into an equivalent circuit using register "r_reg31[2]~_emulated" and latch "r_reg31[2]~9" File: C:/Users/sony/Desktop/UOB/Semester 7 (Spring 24-25)/CPEN313 (Computer Embedded Systems)/Project/BitonicSorter.sv Line: 95
    Warning (13310): Register "r_reg31[3]" is converted into an equivalent circuit using register "r_reg31[3]~_emulated" and latch "r_reg31[3]~13" File: C:/Users/sony/Desktop/UOB/Semester 7 (Spring 24-25)/CPEN313 (Computer Embedded Systems)/Project/BitonicSorter.sv Line: 95
    Warning (13310): Register "r_reg31[4]" is converted into an equivalent circuit using register "r_reg31[4]~_emulated" and latch "r_reg31[4]~17" File: C:/Users/sony/Desktop/UOB/Semester 7 (Spring 24-25)/CPEN313 (Computer Embedded Systems)/Project/BitonicSorter.sv Line: 95
    Warning (13310): Register "r_reg31[5]" is converted into an equivalent circuit using register "r_reg31[5]~_emulated" and latch "r_reg31[5]~21" File: C:/Users/sony/Desktop/UOB/Semester 7 (Spring 24-25)/CPEN313 (Computer Embedded Systems)/Project/BitonicSorter.sv Line: 95
    Warning (13310): Register "r_reg31[6]" is converted into an equivalent circuit using register "r_reg31[6]~_emulated" and latch "r_reg31[6]~25" File: C:/Users/sony/Desktop/UOB/Semester 7 (Spring 24-25)/CPEN313 (Computer Embedded Systems)/Project/BitonicSorter.sv Line: 95
    Warning (13310): Register "r_reg31[7]" is converted into an equivalent circuit using register "r_reg31[7]~_emulated" and latch "r_reg31[7]~29" File: C:/Users/sony/Desktop/UOB/Semester 7 (Spring 24-25)/CPEN313 (Computer Embedded Systems)/Project/BitonicSorter.sv Line: 95
    Warning (13310): Register "r_reg31[8]" is converted into an equivalent circuit using register "r_reg31[8]~_emulated" and latch "r_reg31[8]~33" File: C:/Users/sony/Desktop/UOB/Semester 7 (Spring 24-25)/CPEN313 (Computer Embedded Systems)/Project/BitonicSorter.sv Line: 95
    Warning (13310): Register "r_reg31[9]" is converted into an equivalent circuit using register "r_reg31[9]~_emulated" and latch "r_reg31[9]~37" File: C:/Users/sony/Desktop/UOB/Semester 7 (Spring 24-25)/CPEN313 (Computer Embedded Systems)/Project/BitonicSorter.sv Line: 95
    Warning (13310): Register "r_reg31[10]" is converted into an equivalent circuit using register "r_reg31[10]~_emulated" and latch "r_reg31[10]~41" File: C:/Users/sony/Desktop/UOB/Semester 7 (Spring 24-25)/CPEN313 (Computer Embedded Systems)/Project/BitonicSorter.sv Line: 95
    Warning (13310): Register "r_reg31[11]" is converted into an equivalent circuit using register "r_reg31[11]~_emulated" and latch "r_reg31[11]~45" File: C:/Users/sony/Desktop/UOB/Semester 7 (Spring 24-25)/CPEN313 (Computer Embedded Systems)/Project/BitonicSorter.sv Line: 95
    Warning (13310): Register "r_reg31[12]" is converted into an equivalent circuit using register "r_reg31[12]~_emulated" and latch "r_reg31[12]~49" File: C:/Users/sony/Desktop/UOB/Semester 7 (Spring 24-25)/CPEN313 (Computer Embedded Systems)/Project/BitonicSorter.sv Line: 95
    Warning (13310): Register "r_reg31[13]" is converted into an equivalent circuit using register "r_reg31[13]~_emulated" and latch "r_reg31[13]~53" File: C:/Users/sony/Desktop/UOB/Semester 7 (Spring 24-25)/CPEN313 (Computer Embedded Systems)/Project/BitonicSorter.sv Line: 95
    Warning (13310): Register "r_reg31[14]" is converted into an equivalent circuit using register "r_reg31[14]~_emulated" and latch "r_reg31[14]~57" File: C:/Users/sony/Desktop/UOB/Semester 7 (Spring 24-25)/CPEN313 (Computer Embedded Systems)/Project/BitonicSorter.sv Line: 95
    Warning (13310): Register "r_reg31[15]" is converted into an equivalent circuit using register "r_reg31[15]~_emulated" and latch "r_reg31[15]~61" File: C:/Users/sony/Desktop/UOB/Semester 7 (Spring 24-25)/CPEN313 (Computer Embedded Systems)/Project/BitonicSorter.sv Line: 95
Info (286030): Timing-Driven Synthesis is running
Info (16010): Generating hard_block partition "hard_block:auto_generated_inst"
    Info (16011): Adding 0 node(s), including 0 DDIO, 0 PLL, 0 transceiver and 0 LCELL
Info (15717): Design contains 1024 virtual pins; timing numbers associated with paths containing virtual pins are estimates
    Info (15719): Pin "y0[0]" is virtual output pin File: C:/Users/sony/Desktop/UOB/Semester 7 (Spring 24-25)/CPEN313 (Computer Embedded Systems)/Project/BitonicSorter.sv Line: 6
    Info (15719): Pin "y0[1]" is virtual output pin File: C:/Users/sony/Desktop/UOB/Semester 7 (Spring 24-25)/CPEN313 (Computer Embedded Systems)/Project/BitonicSorter.sv Line: 6
    Info (15719): Pin "y0[2]" is virtual output pin File: C:/Users/sony/Desktop/UOB/Semester 7 (Spring 24-25)/CPEN313 (Computer Embedded Systems)/Project/BitonicSorter.sv Line: 6
    Info (15719): Pin "y0[3]" is virtual output pin File: C:/Users/sony/Desktop/UOB/Semester 7 (Spring 24-25)/CPEN313 (Computer Embedded Systems)/Project/BitonicSorter.sv Line: 6
    Info (15719): Pin "y0[4]" is virtual output pin File: C:/Users/sony/Desktop/UOB/Semester 7 (Spring 24-25)/CPEN313 (Computer Embedded Systems)/Project/BitonicSorter.sv Line: 6
    Info (15719): Pin "y0[5]" is virtual output pin File: C:/Users/sony/Desktop/UOB/Semester 7 (Spring 24-25)/CPEN313 (Computer Embedded Systems)/Project/BitonicSorter.sv Line: 6
    Info (15719): Pin "y0[6]" is virtual output pin File: C:/Users/sony/Desktop/UOB/Semester 7 (Spring 24-25)/CPEN313 (Computer Embedded Systems)/Project/BitonicSorter.sv Line: 6
    Info (15719): Pin "y0[7]" is virtual output pin File: C:/Users/sony/Desktop/UOB/Semester 7 (Spring 24-25)/CPEN313 (Computer Embedded Systems)/Project/BitonicSorter.sv Line: 6
    Info (15719): Pin "y0[8]" is virtual output pin File: C:/Users/sony/Desktop/UOB/Semester 7 (Spring 24-25)/CPEN313 (Computer Embedded Systems)/Project/BitonicSorter.sv Line: 6
    Info (15719): Pin "y0[9]" is virtual output pin File: C:/Users/sony/Desktop/UOB/Semester 7 (Spring 24-25)/CPEN313 (Computer Embedded Systems)/Project/BitonicSorter.sv Line: 6
    Info (15719): Pin "y0[10]" is virtual output pin File: C:/Users/sony/Desktop/UOB/Semester 7 (Spring 24-25)/CPEN313 (Computer Embedded Systems)/Project/BitonicSorter.sv Line: 6
    Info (15719): Pin "y0[11]" is virtual output pin File: C:/Users/sony/Desktop/UOB/Semester 7 (Spring 24-25)/CPEN313 (Computer Embedded Systems)/Project/BitonicSorter.sv Line: 6
    Info (15719): Pin "y0[12]" is virtual output pin File: C:/Users/sony/Desktop/UOB/Semester 7 (Spring 24-25)/CPEN313 (Computer Embedded Systems)/Project/BitonicSorter.sv Line: 6
    Info (15719): Pin "y0[13]" is virtual output pin File: C:/Users/sony/Desktop/UOB/Semester 7 (Spring 24-25)/CPEN313 (Computer Embedded Systems)/Project/BitonicSorter.sv Line: 6
    Info (15719): Pin "y0[14]" is virtual output pin File: C:/Users/sony/Desktop/UOB/Semester 7 (Spring 24-25)/CPEN313 (Computer Embedded Systems)/Project/BitonicSorter.sv Line: 6
    Info (15719): Pin "y0[15]" is virtual output pin File: C:/Users/sony/Desktop/UOB/Semester 7 (Spring 24-25)/CPEN313 (Computer Embedded Systems)/Project/BitonicSorter.sv Line: 6
    Info (15719): Pin "y1[0]" is virtual output pin File: C:/Users/sony/Desktop/UOB/Semester 7 (Spring 24-25)/CPEN313 (Computer Embedded Systems)/Project/BitonicSorter.sv Line: 6
    Info (15719): Pin "y1[1]" is virtual output pin File: C:/Users/sony/Desktop/UOB/Semester 7 (Spring 24-25)/CPEN313 (Computer Embedded Systems)/Project/BitonicSorter.sv Line: 6
    Info (15719): Pin "y1[2]" is virtual output pin File: C:/Users/sony/Desktop/UOB/Semester 7 (Spring 24-25)/CPEN313 (Computer Embedded Systems)/Project/BitonicSorter.sv Line: 6
    Info (15719): Pin "y1[3]" is virtual output pin File: C:/Users/sony/Desktop/UOB/Semester 7 (Spring 24-25)/CPEN313 (Computer Embedded Systems)/Project/BitonicSorter.sv Line: 6
    Info (15719): Pin "y1[4]" is virtual output pin File: C:/Users/sony/Desktop/UOB/Semester 7 (Spring 24-25)/CPEN313 (Computer Embedded Systems)/Project/BitonicSorter.sv Line: 6
    Info (15719): Pin "y1[5]" is virtual output pin File: C:/Users/sony/Desktop/UOB/Semester 7 (Spring 24-25)/CPEN313 (Computer Embedded Systems)/Project/BitonicSorter.sv Line: 6
    Info (15719): Pin "y1[6]" is virtual output pin File: C:/Users/sony/Desktop/UOB/Semester 7 (Spring 24-25)/CPEN313 (Computer Embedded Systems)/Project/BitonicSorter.sv Line: 6
    Info (15719): Pin "y1[7]" is virtual output pin File: C:/Users/sony/Desktop/UOB/Semester 7 (Spring 24-25)/CPEN313 (Computer Embedded Systems)/Project/BitonicSorter.sv Line: 6
    Info (15719): Pin "y1[8]" is virtual output pin File: C:/Users/sony/Desktop/UOB/Semester 7 (Spring 24-25)/CPEN313 (Computer Embedded Systems)/Project/BitonicSorter.sv Line: 6
    Info (15719): Pin "y1[9]" is virtual output pin File: C:/Users/sony/Desktop/UOB/Semester 7 (Spring 24-25)/CPEN313 (Computer Embedded Systems)/Project/BitonicSorter.sv Line: 6
    Info (15719): Pin "y1[10]" is virtual output pin File: C:/Users/sony/Desktop/UOB/Semester 7 (Spring 24-25)/CPEN313 (Computer Embedded Systems)/Project/BitonicSorter.sv Line: 6
    Info (15719): Pin "y1[11]" is virtual output pin File: C:/Users/sony/Desktop/UOB/Semester 7 (Spring 24-25)/CPEN313 (Computer Embedded Systems)/Project/BitonicSorter.sv Line: 6
    Info (15719): Pin "y1[12]" is virtual output pin File: C:/Users/sony/Desktop/UOB/Semester 7 (Spring 24-25)/CPEN313 (Computer Embedded Systems)/Project/BitonicSorter.sv Line: 6
    Info (15719): Pin "y1[13]" is virtual output pin File: C:/Users/sony/Desktop/UOB/Semester 7 (Spring 24-25)/CPEN313 (Computer Embedded Systems)/Project/BitonicSorter.sv Line: 6
    Info (15719): Pin "y1[14]" is virtual output pin File: C:/Users/sony/Desktop/UOB/Semester 7 (Spring 24-25)/CPEN313 (Computer Embedded Systems)/Project/BitonicSorter.sv Line: 6
    Info (15719): Pin "y1[15]" is virtual output pin File: C:/Users/sony/Desktop/UOB/Semester 7 (Spring 24-25)/CPEN313 (Computer Embedded Systems)/Project/BitonicSorter.sv Line: 6
    Info (15719): Pin "y2[0]" is virtual output pin File: C:/Users/sony/Desktop/UOB/Semester 7 (Spring 24-25)/CPEN313 (Computer Embedded Systems)/Project/BitonicSorter.sv Line: 6
    Info (15719): Pin "y2[1]" is virtual output pin File: C:/Users/sony/Desktop/UOB/Semester 7 (Spring 24-25)/CPEN313 (Computer Embedded Systems)/Project/BitonicSorter.sv Line: 6
    Info (15719): Pin "y2[2]" is virtual output pin File: C:/Users/sony/Desktop/UOB/Semester 7 (Spring 24-25)/CPEN313 (Computer Embedded Systems)/Project/BitonicSorter.sv Line: 6
    Info (15719): Pin "y2[3]" is virtual output pin File: C:/Users/sony/Desktop/UOB/Semester 7 (Spring 24-25)/CPEN313 (Computer Embedded Systems)/Project/BitonicSorter.sv Line: 6
    Info (15719): Pin "y2[4]" is virtual output pin File: C:/Users/sony/Desktop/UOB/Semester 7 (Spring 24-25)/CPEN313 (Computer Embedded Systems)/Project/BitonicSorter.sv Line: 6
    Info (15719): Pin "y2[5]" is virtual output pin File: C:/Users/sony/Desktop/UOB/Semester 7 (Spring 24-25)/CPEN313 (Computer Embedded Systems)/Project/BitonicSorter.sv Line: 6
    Info (15719): Pin "y2[6]" is virtual output pin File: C:/Users/sony/Desktop/UOB/Semester 7 (Spring 24-25)/CPEN313 (Computer Embedded Systems)/Project/BitonicSorter.sv Line: 6
    Info (15719): Pin "y2[7]" is virtual output pin File: C:/Users/sony/Desktop/UOB/Semester 7 (Spring 24-25)/CPEN313 (Computer Embedded Systems)/Project/BitonicSorter.sv Line: 6
    Info (15719): Pin "y2[8]" is virtual output pin File: C:/Users/sony/Desktop/UOB/Semester 7 (Spring 24-25)/CPEN313 (Computer Embedded Systems)/Project/BitonicSorter.sv Line: 6
    Info (15719): Pin "y2[9]" is virtual output pin File: C:/Users/sony/Desktop/UOB/Semester 7 (Spring 24-25)/CPEN313 (Computer Embedded Systems)/Project/BitonicSorter.sv Line: 6
    Info (15719): Pin "y2[10]" is virtual output pin File: C:/Users/sony/Desktop/UOB/Semester 7 (Spring 24-25)/CPEN313 (Computer Embedded Systems)/Project/BitonicSorter.sv Line: 6
    Info (15719): Pin "y2[11]" is virtual output pin File: C:/Users/sony/Desktop/UOB/Semester 7 (Spring 24-25)/CPEN313 (Computer Embedded Systems)/Project/BitonicSorter.sv Line: 6
    Info (15719): Pin "y2[12]" is virtual output pin File: C:/Users/sony/Desktop/UOB/Semester 7 (Spring 24-25)/CPEN313 (Computer Embedded Systems)/Project/BitonicSorter.sv Line: 6
    Info (15719): Pin "y2[13]" is virtual output pin File: C:/Users/sony/Desktop/UOB/Semester 7 (Spring 24-25)/CPEN313 (Computer Embedded Systems)/Project/BitonicSorter.sv Line: 6
    Info (15719): Pin "y2[14]" is virtual output pin File: C:/Users/sony/Desktop/UOB/Semester 7 (Spring 24-25)/CPEN313 (Computer Embedded Systems)/Project/BitonicSorter.sv Line: 6
    Info (15719): Pin "y2[15]" is virtual output pin File: C:/Users/sony/Desktop/UOB/Semester 7 (Spring 24-25)/CPEN313 (Computer Embedded Systems)/Project/BitonicSorter.sv Line: 6
    Info (15719): Pin "y3[0]" is virtual output pin File: C:/Users/sony/Desktop/UOB/Semester 7 (Spring 24-25)/CPEN313 (Computer Embedded Systems)/Project/BitonicSorter.sv Line: 6
    Info (15719): Pin "y3[1]" is virtual output pin File: C:/Users/sony/Desktop/UOB/Semester 7 (Spring 24-25)/CPEN313 (Computer Embedded Systems)/Project/BitonicSorter.sv Line: 6
    Info (15719): Pin "y3[2]" is virtual output pin File: C:/Users/sony/Desktop/UOB/Semester 7 (Spring 24-25)/CPEN313 (Computer Embedded Systems)/Project/BitonicSorter.sv Line: 6
    Info (15719): Pin "y3[3]" is virtual output pin File: C:/Users/sony/Desktop/UOB/Semester 7 (Spring 24-25)/CPEN313 (Computer Embedded Systems)/Project/BitonicSorter.sv Line: 6
    Info (15719): Pin "y3[4]" is virtual output pin File: C:/Users/sony/Desktop/UOB/Semester 7 (Spring 24-25)/CPEN313 (Computer Embedded Systems)/Project/BitonicSorter.sv Line: 6
    Info (15719): Pin "y3[5]" is virtual output pin File: C:/Users/sony/Desktop/UOB/Semester 7 (Spring 24-25)/CPEN313 (Computer Embedded Systems)/Project/BitonicSorter.sv Line: 6
    Info (15719): Pin "y3[6]" is virtual output pin File: C:/Users/sony/Desktop/UOB/Semester 7 (Spring 24-25)/CPEN313 (Computer Embedded Systems)/Project/BitonicSorter.sv Line: 6
    Info (15719): Pin "y3[7]" is virtual output pin File: C:/Users/sony/Desktop/UOB/Semester 7 (Spring 24-25)/CPEN313 (Computer Embedded Systems)/Project/BitonicSorter.sv Line: 6
    Info (15719): Pin "y3[8]" is virtual output pin File: C:/Users/sony/Desktop/UOB/Semester 7 (Spring 24-25)/CPEN313 (Computer Embedded Systems)/Project/BitonicSorter.sv Line: 6
    Info (15719): Pin "y3[9]" is virtual output pin File: C:/Users/sony/Desktop/UOB/Semester 7 (Spring 24-25)/CPEN313 (Computer Embedded Systems)/Project/BitonicSorter.sv Line: 6
    Info (15719): Pin "y3[10]" is virtual output pin File: C:/Users/sony/Desktop/UOB/Semester 7 (Spring 24-25)/CPEN313 (Computer Embedded Systems)/Project/BitonicSorter.sv Line: 6
    Info (15719): Pin "y3[11]" is virtual output pin File: C:/Users/sony/Desktop/UOB/Semester 7 (Spring 24-25)/CPEN313 (Computer Embedded Systems)/Project/BitonicSorter.sv Line: 6
    Info (15719): Pin "y3[12]" is virtual output pin File: C:/Users/sony/Desktop/UOB/Semester 7 (Spring 24-25)/CPEN313 (Computer Embedded Systems)/Project/BitonicSorter.sv Line: 6
    Info (15719): Pin "y3[13]" is virtual output pin File: C:/Users/sony/Desktop/UOB/Semester 7 (Spring 24-25)/CPEN313 (Computer Embedded Systems)/Project/BitonicSorter.sv Line: 6
    Info (15719): Pin "y3[14]" is virtual output pin File: C:/Users/sony/Desktop/UOB/Semester 7 (Spring 24-25)/CPEN313 (Computer Embedded Systems)/Project/BitonicSorter.sv Line: 6
    Info (15719): Pin "y3[15]" is virtual output pin File: C:/Users/sony/Desktop/UOB/Semester 7 (Spring 24-25)/CPEN313 (Computer Embedded Systems)/Project/BitonicSorter.sv Line: 6
    Info (15719): Pin "y4[0]" is virtual output pin File: C:/Users/sony/Desktop/UOB/Semester 7 (Spring 24-25)/CPEN313 (Computer Embedded Systems)/Project/BitonicSorter.sv Line: 6
    Info (15719): Pin "y4[1]" is virtual output pin File: C:/Users/sony/Desktop/UOB/Semester 7 (Spring 24-25)/CPEN313 (Computer Embedded Systems)/Project/BitonicSorter.sv Line: 6
    Info (15719): Pin "y4[2]" is virtual output pin File: C:/Users/sony/Desktop/UOB/Semester 7 (Spring 24-25)/CPEN313 (Computer Embedded Systems)/Project/BitonicSorter.sv Line: 6
    Info (15719): Pin "y4[3]" is virtual output pin File: C:/Users/sony/Desktop/UOB/Semester 7 (Spring 24-25)/CPEN313 (Computer Embedded Systems)/Project/BitonicSorter.sv Line: 6
    Info (15719): Pin "y4[4]" is virtual output pin File: C:/Users/sony/Desktop/UOB/Semester 7 (Spring 24-25)/CPEN313 (Computer Embedded Systems)/Project/BitonicSorter.sv Line: 6
    Info (15719): Pin "y4[5]" is virtual output pin File: C:/Users/sony/Desktop/UOB/Semester 7 (Spring 24-25)/CPEN313 (Computer Embedded Systems)/Project/BitonicSorter.sv Line: 6
    Info (15719): Pin "y4[6]" is virtual output pin File: C:/Users/sony/Desktop/UOB/Semester 7 (Spring 24-25)/CPEN313 (Computer Embedded Systems)/Project/BitonicSorter.sv Line: 6
    Info (15719): Pin "y4[7]" is virtual output pin File: C:/Users/sony/Desktop/UOB/Semester 7 (Spring 24-25)/CPEN313 (Computer Embedded Systems)/Project/BitonicSorter.sv Line: 6
    Info (15719): Pin "y4[8]" is virtual output pin File: C:/Users/sony/Desktop/UOB/Semester 7 (Spring 24-25)/CPEN313 (Computer Embedded Systems)/Project/BitonicSorter.sv Line: 6
    Info (15719): Pin "y4[9]" is virtual output pin File: C:/Users/sony/Desktop/UOB/Semester 7 (Spring 24-25)/CPEN313 (Computer Embedded Systems)/Project/BitonicSorter.sv Line: 6
    Info (15719): Pin "y4[10]" is virtual output pin File: C:/Users/sony/Desktop/UOB/Semester 7 (Spring 24-25)/CPEN313 (Computer Embedded Systems)/Project/BitonicSorter.sv Line: 6
    Info (15719): Pin "y4[11]" is virtual output pin File: C:/Users/sony/Desktop/UOB/Semester 7 (Spring 24-25)/CPEN313 (Computer Embedded Systems)/Project/BitonicSorter.sv Line: 6
    Info (15719): Pin "y4[12]" is virtual output pin File: C:/Users/sony/Desktop/UOB/Semester 7 (Spring 24-25)/CPEN313 (Computer Embedded Systems)/Project/BitonicSorter.sv Line: 6
    Info (15719): Pin "y4[13]" is virtual output pin File: C:/Users/sony/Desktop/UOB/Semester 7 (Spring 24-25)/CPEN313 (Computer Embedded Systems)/Project/BitonicSorter.sv Line: 6
    Info (15719): Pin "y4[14]" is virtual output pin File: C:/Users/sony/Desktop/UOB/Semester 7 (Spring 24-25)/CPEN313 (Computer Embedded Systems)/Project/BitonicSorter.sv Line: 6
    Info (15719): Pin "y4[15]" is virtual output pin File: C:/Users/sony/Desktop/UOB/Semester 7 (Spring 24-25)/CPEN313 (Computer Embedded Systems)/Project/BitonicSorter.sv Line: 6
    Info (15719): Pin "y5[0]" is virtual output pin File: C:/Users/sony/Desktop/UOB/Semester 7 (Spring 24-25)/CPEN313 (Computer Embedded Systems)/Project/BitonicSorter.sv Line: 6
    Info (15719): Pin "y5[1]" is virtual output pin File: C:/Users/sony/Desktop/UOB/Semester 7 (Spring 24-25)/CPEN313 (Computer Embedded Systems)/Project/BitonicSorter.sv Line: 6
    Info (15719): Pin "y5[2]" is virtual output pin File: C:/Users/sony/Desktop/UOB/Semester 7 (Spring 24-25)/CPEN313 (Computer Embedded Systems)/Project/BitonicSorter.sv Line: 6
    Info (15719): Pin "y5[3]" is virtual output pin File: C:/Users/sony/Desktop/UOB/Semester 7 (Spring 24-25)/CPEN313 (Computer Embedded Systems)/Project/BitonicSorter.sv Line: 6
    Info (15719): Pin "y5[4]" is virtual output pin File: C:/Users/sony/Desktop/UOB/Semester 7 (Spring 24-25)/CPEN313 (Computer Embedded Systems)/Project/BitonicSorter.sv Line: 6
    Info (15719): Pin "y5[5]" is virtual output pin File: C:/Users/sony/Desktop/UOB/Semester 7 (Spring 24-25)/CPEN313 (Computer Embedded Systems)/Project/BitonicSorter.sv Line: 6
    Info (15719): Pin "y5[6]" is virtual output pin File: C:/Users/sony/Desktop/UOB/Semester 7 (Spring 24-25)/CPEN313 (Computer Embedded Systems)/Project/BitonicSorter.sv Line: 6
    Info (15719): Pin "y5[7]" is virtual output pin File: C:/Users/sony/Desktop/UOB/Semester 7 (Spring 24-25)/CPEN313 (Computer Embedded Systems)/Project/BitonicSorter.sv Line: 6
    Info (15719): Pin "y5[8]" is virtual output pin File: C:/Users/sony/Desktop/UOB/Semester 7 (Spring 24-25)/CPEN313 (Computer Embedded Systems)/Project/BitonicSorter.sv Line: 6
    Info (15719): Pin "y5[9]" is virtual output pin File: C:/Users/sony/Desktop/UOB/Semester 7 (Spring 24-25)/CPEN313 (Computer Embedded Systems)/Project/BitonicSorter.sv Line: 6
    Info (15719): Pin "y5[10]" is virtual output pin File: C:/Users/sony/Desktop/UOB/Semester 7 (Spring 24-25)/CPEN313 (Computer Embedded Systems)/Project/BitonicSorter.sv Line: 6
    Info (15719): Pin "y5[11]" is virtual output pin File: C:/Users/sony/Desktop/UOB/Semester 7 (Spring 24-25)/CPEN313 (Computer Embedded Systems)/Project/BitonicSorter.sv Line: 6
    Info (15719): Pin "y5[12]" is virtual output pin File: C:/Users/sony/Desktop/UOB/Semester 7 (Spring 24-25)/CPEN313 (Computer Embedded Systems)/Project/BitonicSorter.sv Line: 6
    Info (15719): Pin "y5[13]" is virtual output pin File: C:/Users/sony/Desktop/UOB/Semester 7 (Spring 24-25)/CPEN313 (Computer Embedded Systems)/Project/BitonicSorter.sv Line: 6
    Info (15719): Pin "y5[14]" is virtual output pin File: C:/Users/sony/Desktop/UOB/Semester 7 (Spring 24-25)/CPEN313 (Computer Embedded Systems)/Project/BitonicSorter.sv Line: 6
    Info (15719): Pin "y5[15]" is virtual output pin File: C:/Users/sony/Desktop/UOB/Semester 7 (Spring 24-25)/CPEN313 (Computer Embedded Systems)/Project/BitonicSorter.sv Line: 6
    Info (15719): Pin "y6[0]" is virtual output pin File: C:/Users/sony/Desktop/UOB/Semester 7 (Spring 24-25)/CPEN313 (Computer Embedded Systems)/Project/BitonicSorter.sv Line: 6
    Info (15719): Pin "y6[1]" is virtual output pin File: C:/Users/sony/Desktop/UOB/Semester 7 (Spring 24-25)/CPEN313 (Computer Embedded Systems)/Project/BitonicSorter.sv Line: 6
    Info (15719): Pin "y6[2]" is virtual output pin File: C:/Users/sony/Desktop/UOB/Semester 7 (Spring 24-25)/CPEN313 (Computer Embedded Systems)/Project/BitonicSorter.sv Line: 6
    Info (15719): Pin "y6[3]" is virtual output pin File: C:/Users/sony/Desktop/UOB/Semester 7 (Spring 24-25)/CPEN313 (Computer Embedded Systems)/Project/BitonicSorter.sv Line: 6
    Info (15719): Pin "y6[4]" is virtual output pin File: C:/Users/sony/Desktop/UOB/Semester 7 (Spring 24-25)/CPEN313 (Computer Embedded Systems)/Project/BitonicSorter.sv Line: 6
    Info (15719): Pin "y6[5]" is virtual output pin File: C:/Users/sony/Desktop/UOB/Semester 7 (Spring 24-25)/CPEN313 (Computer Embedded Systems)/Project/BitonicSorter.sv Line: 6
    Info (15719): Pin "y6[6]" is virtual output pin File: C:/Users/sony/Desktop/UOB/Semester 7 (Spring 24-25)/CPEN313 (Computer Embedded Systems)/Project/BitonicSorter.sv Line: 6
    Info (15719): Pin "y6[7]" is virtual output pin File: C:/Users/sony/Desktop/UOB/Semester 7 (Spring 24-25)/CPEN313 (Computer Embedded Systems)/Project/BitonicSorter.sv Line: 6
    Info (15719): Pin "y6[8]" is virtual output pin File: C:/Users/sony/Desktop/UOB/Semester 7 (Spring 24-25)/CPEN313 (Computer Embedded Systems)/Project/BitonicSorter.sv Line: 6
    Info (15719): Pin "y6[9]" is virtual output pin File: C:/Users/sony/Desktop/UOB/Semester 7 (Spring 24-25)/CPEN313 (Computer Embedded Systems)/Project/BitonicSorter.sv Line: 6
    Info (15719): Pin "y6[10]" is virtual output pin File: C:/Users/sony/Desktop/UOB/Semester 7 (Spring 24-25)/CPEN313 (Computer Embedded Systems)/Project/BitonicSorter.sv Line: 6
    Info (15719): Pin "y6[11]" is virtual output pin File: C:/Users/sony/Desktop/UOB/Semester 7 (Spring 24-25)/CPEN313 (Computer Embedded Systems)/Project/BitonicSorter.sv Line: 6
    Info (15719): Pin "y6[12]" is virtual output pin File: C:/Users/sony/Desktop/UOB/Semester 7 (Spring 24-25)/CPEN313 (Computer Embedded Systems)/Project/BitonicSorter.sv Line: 6
    Info (15719): Pin "y6[13]" is virtual output pin File: C:/Users/sony/Desktop/UOB/Semester 7 (Spring 24-25)/CPEN313 (Computer Embedded Systems)/Project/BitonicSorter.sv Line: 6
    Info (15719): Pin "y6[14]" is virtual output pin File: C:/Users/sony/Desktop/UOB/Semester 7 (Spring 24-25)/CPEN313 (Computer Embedded Systems)/Project/BitonicSorter.sv Line: 6
    Info (15719): Pin "y6[15]" is virtual output pin File: C:/Users/sony/Desktop/UOB/Semester 7 (Spring 24-25)/CPEN313 (Computer Embedded Systems)/Project/BitonicSorter.sv Line: 6
    Info (15719): Pin "y7[0]" is virtual output pin File: C:/Users/sony/Desktop/UOB/Semester 7 (Spring 24-25)/CPEN313 (Computer Embedded Systems)/Project/BitonicSorter.sv Line: 6
    Info (15719): Pin "y7[1]" is virtual output pin File: C:/Users/sony/Desktop/UOB/Semester 7 (Spring 24-25)/CPEN313 (Computer Embedded Systems)/Project/BitonicSorter.sv Line: 6
    Info (15719): Pin "y7[2]" is virtual output pin File: C:/Users/sony/Desktop/UOB/Semester 7 (Spring 24-25)/CPEN313 (Computer Embedded Systems)/Project/BitonicSorter.sv Line: 6
    Info (15719): Pin "y7[3]" is virtual output pin File: C:/Users/sony/Desktop/UOB/Semester 7 (Spring 24-25)/CPEN313 (Computer Embedded Systems)/Project/BitonicSorter.sv Line: 6
    Info (15719): Pin "y7[4]" is virtual output pin File: C:/Users/sony/Desktop/UOB/Semester 7 (Spring 24-25)/CPEN313 (Computer Embedded Systems)/Project/BitonicSorter.sv Line: 6
    Info (15719): Pin "y7[5]" is virtual output pin File: C:/Users/sony/Desktop/UOB/Semester 7 (Spring 24-25)/CPEN313 (Computer Embedded Systems)/Project/BitonicSorter.sv Line: 6
    Info (15719): Pin "y7[6]" is virtual output pin File: C:/Users/sony/Desktop/UOB/Semester 7 (Spring 24-25)/CPEN313 (Computer Embedded Systems)/Project/BitonicSorter.sv Line: 6
    Info (15719): Pin "y7[7]" is virtual output pin File: C:/Users/sony/Desktop/UOB/Semester 7 (Spring 24-25)/CPEN313 (Computer Embedded Systems)/Project/BitonicSorter.sv Line: 6
    Info (15719): Pin "y7[8]" is virtual output pin File: C:/Users/sony/Desktop/UOB/Semester 7 (Spring 24-25)/CPEN313 (Computer Embedded Systems)/Project/BitonicSorter.sv Line: 6
    Info (15719): Pin "y7[9]" is virtual output pin File: C:/Users/sony/Desktop/UOB/Semester 7 (Spring 24-25)/CPEN313 (Computer Embedded Systems)/Project/BitonicSorter.sv Line: 6
    Info (15719): Pin "y7[10]" is virtual output pin File: C:/Users/sony/Desktop/UOB/Semester 7 (Spring 24-25)/CPEN313 (Computer Embedded Systems)/Project/BitonicSorter.sv Line: 6
    Info (15719): Pin "y7[11]" is virtual output pin File: C:/Users/sony/Desktop/UOB/Semester 7 (Spring 24-25)/CPEN313 (Computer Embedded Systems)/Project/BitonicSorter.sv Line: 6
    Info (15719): Pin "y7[12]" is virtual output pin File: C:/Users/sony/Desktop/UOB/Semester 7 (Spring 24-25)/CPEN313 (Computer Embedded Systems)/Project/BitonicSorter.sv Line: 6
    Info (15719): Pin "y7[13]" is virtual output pin File: C:/Users/sony/Desktop/UOB/Semester 7 (Spring 24-25)/CPEN313 (Computer Embedded Systems)/Project/BitonicSorter.sv Line: 6
    Info (15719): Pin "y7[14]" is virtual output pin File: C:/Users/sony/Desktop/UOB/Semester 7 (Spring 24-25)/CPEN313 (Computer Embedded Systems)/Project/BitonicSorter.sv Line: 6
    Info (15719): Pin "y7[15]" is virtual output pin File: C:/Users/sony/Desktop/UOB/Semester 7 (Spring 24-25)/CPEN313 (Computer Embedded Systems)/Project/BitonicSorter.sv Line: 6
    Info (15719): Pin "y8[0]" is virtual output pin File: C:/Users/sony/Desktop/UOB/Semester 7 (Spring 24-25)/CPEN313 (Computer Embedded Systems)/Project/BitonicSorter.sv Line: 7
    Info (15719): Pin "y8[1]" is virtual output pin File: C:/Users/sony/Desktop/UOB/Semester 7 (Spring 24-25)/CPEN313 (Computer Embedded Systems)/Project/BitonicSorter.sv Line: 7
    Info (15719): Pin "y8[2]" is virtual output pin File: C:/Users/sony/Desktop/UOB/Semester 7 (Spring 24-25)/CPEN313 (Computer Embedded Systems)/Project/BitonicSorter.sv Line: 7
    Info (15719): Pin "y8[3]" is virtual output pin File: C:/Users/sony/Desktop/UOB/Semester 7 (Spring 24-25)/CPEN313 (Computer Embedded Systems)/Project/BitonicSorter.sv Line: 7
    Info (15719): Pin "y8[4]" is virtual output pin File: C:/Users/sony/Desktop/UOB/Semester 7 (Spring 24-25)/CPEN313 (Computer Embedded Systems)/Project/BitonicSorter.sv Line: 7
    Info (15719): Pin "y8[5]" is virtual output pin File: C:/Users/sony/Desktop/UOB/Semester 7 (Spring 24-25)/CPEN313 (Computer Embedded Systems)/Project/BitonicSorter.sv Line: 7
    Info (15719): Pin "y8[6]" is virtual output pin File: C:/Users/sony/Desktop/UOB/Semester 7 (Spring 24-25)/CPEN313 (Computer Embedded Systems)/Project/BitonicSorter.sv Line: 7
    Info (15719): Pin "y8[7]" is virtual output pin File: C:/Users/sony/Desktop/UOB/Semester 7 (Spring 24-25)/CPEN313 (Computer Embedded Systems)/Project/BitonicSorter.sv Line: 7
    Info (15719): Pin "y8[8]" is virtual output pin File: C:/Users/sony/Desktop/UOB/Semester 7 (Spring 24-25)/CPEN313 (Computer Embedded Systems)/Project/BitonicSorter.sv Line: 7
    Info (15719): Pin "y8[9]" is virtual output pin File: C:/Users/sony/Desktop/UOB/Semester 7 (Spring 24-25)/CPEN313 (Computer Embedded Systems)/Project/BitonicSorter.sv Line: 7
    Info (15719): Pin "y8[10]" is virtual output pin File: C:/Users/sony/Desktop/UOB/Semester 7 (Spring 24-25)/CPEN313 (Computer Embedded Systems)/Project/BitonicSorter.sv Line: 7
    Info (15719): Pin "y8[11]" is virtual output pin File: C:/Users/sony/Desktop/UOB/Semester 7 (Spring 24-25)/CPEN313 (Computer Embedded Systems)/Project/BitonicSorter.sv Line: 7
    Info (15719): Pin "y8[12]" is virtual output pin File: C:/Users/sony/Desktop/UOB/Semester 7 (Spring 24-25)/CPEN313 (Computer Embedded Systems)/Project/BitonicSorter.sv Line: 7
    Info (15719): Pin "y8[13]" is virtual output pin File: C:/Users/sony/Desktop/UOB/Semester 7 (Spring 24-25)/CPEN313 (Computer Embedded Systems)/Project/BitonicSorter.sv Line: 7
    Info (15719): Pin "y8[14]" is virtual output pin File: C:/Users/sony/Desktop/UOB/Semester 7 (Spring 24-25)/CPEN313 (Computer Embedded Systems)/Project/BitonicSorter.sv Line: 7
    Info (15719): Pin "y8[15]" is virtual output pin File: C:/Users/sony/Desktop/UOB/Semester 7 (Spring 24-25)/CPEN313 (Computer Embedded Systems)/Project/BitonicSorter.sv Line: 7
    Info (15719): Pin "y9[0]" is virtual output pin File: C:/Users/sony/Desktop/UOB/Semester 7 (Spring 24-25)/CPEN313 (Computer Embedded Systems)/Project/BitonicSorter.sv Line: 7
    Info (15719): Pin "y9[1]" is virtual output pin File: C:/Users/sony/Desktop/UOB/Semester 7 (Spring 24-25)/CPEN313 (Computer Embedded Systems)/Project/BitonicSorter.sv Line: 7
    Info (15719): Pin "y9[2]" is virtual output pin File: C:/Users/sony/Desktop/UOB/Semester 7 (Spring 24-25)/CPEN313 (Computer Embedded Systems)/Project/BitonicSorter.sv Line: 7
    Info (15719): Pin "y9[3]" is virtual output pin File: C:/Users/sony/Desktop/UOB/Semester 7 (Spring 24-25)/CPEN313 (Computer Embedded Systems)/Project/BitonicSorter.sv Line: 7
    Info (15719): Pin "y9[4]" is virtual output pin File: C:/Users/sony/Desktop/UOB/Semester 7 (Spring 24-25)/CPEN313 (Computer Embedded Systems)/Project/BitonicSorter.sv Line: 7
    Info (15719): Pin "y9[5]" is virtual output pin File: C:/Users/sony/Desktop/UOB/Semester 7 (Spring 24-25)/CPEN313 (Computer Embedded Systems)/Project/BitonicSorter.sv Line: 7
    Info (15719): Pin "y9[6]" is virtual output pin File: C:/Users/sony/Desktop/UOB/Semester 7 (Spring 24-25)/CPEN313 (Computer Embedded Systems)/Project/BitonicSorter.sv Line: 7
    Info (15719): Pin "y9[7]" is virtual output pin File: C:/Users/sony/Desktop/UOB/Semester 7 (Spring 24-25)/CPEN313 (Computer Embedded Systems)/Project/BitonicSorter.sv Line: 7
    Info (15719): Pin "y9[8]" is virtual output pin File: C:/Users/sony/Desktop/UOB/Semester 7 (Spring 24-25)/CPEN313 (Computer Embedded Systems)/Project/BitonicSorter.sv Line: 7
    Info (15719): Pin "y9[9]" is virtual output pin File: C:/Users/sony/Desktop/UOB/Semester 7 (Spring 24-25)/CPEN313 (Computer Embedded Systems)/Project/BitonicSorter.sv Line: 7
    Info (15719): Pin "y9[10]" is virtual output pin File: C:/Users/sony/Desktop/UOB/Semester 7 (Spring 24-25)/CPEN313 (Computer Embedded Systems)/Project/BitonicSorter.sv Line: 7
    Info (15719): Pin "y9[11]" is virtual output pin File: C:/Users/sony/Desktop/UOB/Semester 7 (Spring 24-25)/CPEN313 (Computer Embedded Systems)/Project/BitonicSorter.sv Line: 7
    Info (15719): Pin "y9[12]" is virtual output pin File: C:/Users/sony/Desktop/UOB/Semester 7 (Spring 24-25)/CPEN313 (Computer Embedded Systems)/Project/BitonicSorter.sv Line: 7
    Info (15719): Pin "y9[13]" is virtual output pin File: C:/Users/sony/Desktop/UOB/Semester 7 (Spring 24-25)/CPEN313 (Computer Embedded Systems)/Project/BitonicSorter.sv Line: 7
    Info (15719): Pin "y9[14]" is virtual output pin File: C:/Users/sony/Desktop/UOB/Semester 7 (Spring 24-25)/CPEN313 (Computer Embedded Systems)/Project/BitonicSorter.sv Line: 7
    Info (15719): Pin "y9[15]" is virtual output pin File: C:/Users/sony/Desktop/UOB/Semester 7 (Spring 24-25)/CPEN313 (Computer Embedded Systems)/Project/BitonicSorter.sv Line: 7
    Info (15719): Pin "y10[0]" is virtual output pin File: C:/Users/sony/Desktop/UOB/Semester 7 (Spring 24-25)/CPEN313 (Computer Embedded Systems)/Project/BitonicSorter.sv Line: 7
    Info (15719): Pin "y10[1]" is virtual output pin File: C:/Users/sony/Desktop/UOB/Semester 7 (Spring 24-25)/CPEN313 (Computer Embedded Systems)/Project/BitonicSorter.sv Line: 7
    Info (15719): Pin "y10[2]" is virtual output pin File: C:/Users/sony/Desktop/UOB/Semester 7 (Spring 24-25)/CPEN313 (Computer Embedded Systems)/Project/BitonicSorter.sv Line: 7
    Info (15719): Pin "y10[3]" is virtual output pin File: C:/Users/sony/Desktop/UOB/Semester 7 (Spring 24-25)/CPEN313 (Computer Embedded Systems)/Project/BitonicSorter.sv Line: 7
    Info (15719): Pin "y10[4]" is virtual output pin File: C:/Users/sony/Desktop/UOB/Semester 7 (Spring 24-25)/CPEN313 (Computer Embedded Systems)/Project/BitonicSorter.sv Line: 7
    Info (15719): Pin "y10[5]" is virtual output pin File: C:/Users/sony/Desktop/UOB/Semester 7 (Spring 24-25)/CPEN313 (Computer Embedded Systems)/Project/BitonicSorter.sv Line: 7
    Info (15719): Pin "y10[6]" is virtual output pin File: C:/Users/sony/Desktop/UOB/Semester 7 (Spring 24-25)/CPEN313 (Computer Embedded Systems)/Project/BitonicSorter.sv Line: 7
    Info (15719): Pin "y10[7]" is virtual output pin File: C:/Users/sony/Desktop/UOB/Semester 7 (Spring 24-25)/CPEN313 (Computer Embedded Systems)/Project/BitonicSorter.sv Line: 7
    Info (15719): Pin "y10[8]" is virtual output pin File: C:/Users/sony/Desktop/UOB/Semester 7 (Spring 24-25)/CPEN313 (Computer Embedded Systems)/Project/BitonicSorter.sv Line: 7
    Info (15719): Pin "y10[9]" is virtual output pin File: C:/Users/sony/Desktop/UOB/Semester 7 (Spring 24-25)/CPEN313 (Computer Embedded Systems)/Project/BitonicSorter.sv Line: 7
    Info (15719): Pin "y10[10]" is virtual output pin File: C:/Users/sony/Desktop/UOB/Semester 7 (Spring 24-25)/CPEN313 (Computer Embedded Systems)/Project/BitonicSorter.sv Line: 7
    Info (15719): Pin "y10[11]" is virtual output pin File: C:/Users/sony/Desktop/UOB/Semester 7 (Spring 24-25)/CPEN313 (Computer Embedded Systems)/Project/BitonicSorter.sv Line: 7
    Info (15719): Pin "y10[12]" is virtual output pin File: C:/Users/sony/Desktop/UOB/Semester 7 (Spring 24-25)/CPEN313 (Computer Embedded Systems)/Project/BitonicSorter.sv Line: 7
    Info (15719): Pin "y10[13]" is virtual output pin File: C:/Users/sony/Desktop/UOB/Semester 7 (Spring 24-25)/CPEN313 (Computer Embedded Systems)/Project/BitonicSorter.sv Line: 7
    Info (15719): Pin "y10[14]" is virtual output pin File: C:/Users/sony/Desktop/UOB/Semester 7 (Spring 24-25)/CPEN313 (Computer Embedded Systems)/Project/BitonicSorter.sv Line: 7
    Info (15719): Pin "y10[15]" is virtual output pin File: C:/Users/sony/Desktop/UOB/Semester 7 (Spring 24-25)/CPEN313 (Computer Embedded Systems)/Project/BitonicSorter.sv Line: 7
    Info (15719): Pin "y11[0]" is virtual output pin File: C:/Users/sony/Desktop/UOB/Semester 7 (Spring 24-25)/CPEN313 (Computer Embedded Systems)/Project/BitonicSorter.sv Line: 7
    Info (15719): Pin "y11[1]" is virtual output pin File: C:/Users/sony/Desktop/UOB/Semester 7 (Spring 24-25)/CPEN313 (Computer Embedded Systems)/Project/BitonicSorter.sv Line: 7
    Info (15719): Pin "y11[2]" is virtual output pin File: C:/Users/sony/Desktop/UOB/Semester 7 (Spring 24-25)/CPEN313 (Computer Embedded Systems)/Project/BitonicSorter.sv Line: 7
    Info (15719): Pin "y11[3]" is virtual output pin File: C:/Users/sony/Desktop/UOB/Semester 7 (Spring 24-25)/CPEN313 (Computer Embedded Systems)/Project/BitonicSorter.sv Line: 7
    Info (15719): Pin "y11[4]" is virtual output pin File: C:/Users/sony/Desktop/UOB/Semester 7 (Spring 24-25)/CPEN313 (Computer Embedded Systems)/Project/BitonicSorter.sv Line: 7
    Info (15719): Pin "y11[5]" is virtual output pin File: C:/Users/sony/Desktop/UOB/Semester 7 (Spring 24-25)/CPEN313 (Computer Embedded Systems)/Project/BitonicSorter.sv Line: 7
    Info (15719): Pin "y11[6]" is virtual output pin File: C:/Users/sony/Desktop/UOB/Semester 7 (Spring 24-25)/CPEN313 (Computer Embedded Systems)/Project/BitonicSorter.sv Line: 7
    Info (15719): Pin "y11[7]" is virtual output pin File: C:/Users/sony/Desktop/UOB/Semester 7 (Spring 24-25)/CPEN313 (Computer Embedded Systems)/Project/BitonicSorter.sv Line: 7
    Info (15719): Pin "y11[8]" is virtual output pin File: C:/Users/sony/Desktop/UOB/Semester 7 (Spring 24-25)/CPEN313 (Computer Embedded Systems)/Project/BitonicSorter.sv Line: 7
    Info (15719): Pin "y11[9]" is virtual output pin File: C:/Users/sony/Desktop/UOB/Semester 7 (Spring 24-25)/CPEN313 (Computer Embedded Systems)/Project/BitonicSorter.sv Line: 7
    Info (15719): Pin "y11[10]" is virtual output pin File: C:/Users/sony/Desktop/UOB/Semester 7 (Spring 24-25)/CPEN313 (Computer Embedded Systems)/Project/BitonicSorter.sv Line: 7
    Info (15719): Pin "y11[11]" is virtual output pin File: C:/Users/sony/Desktop/UOB/Semester 7 (Spring 24-25)/CPEN313 (Computer Embedded Systems)/Project/BitonicSorter.sv Line: 7
    Info (15719): Pin "y11[12]" is virtual output pin File: C:/Users/sony/Desktop/UOB/Semester 7 (Spring 24-25)/CPEN313 (Computer Embedded Systems)/Project/BitonicSorter.sv Line: 7
    Info (15719): Pin "y11[13]" is virtual output pin File: C:/Users/sony/Desktop/UOB/Semester 7 (Spring 24-25)/CPEN313 (Computer Embedded Systems)/Project/BitonicSorter.sv Line: 7
    Info (15719): Pin "y11[14]" is virtual output pin File: C:/Users/sony/Desktop/UOB/Semester 7 (Spring 24-25)/CPEN313 (Computer Embedded Systems)/Project/BitonicSorter.sv Line: 7
    Info (15719): Pin "y11[15]" is virtual output pin File: C:/Users/sony/Desktop/UOB/Semester 7 (Spring 24-25)/CPEN313 (Computer Embedded Systems)/Project/BitonicSorter.sv Line: 7
    Info (15719): Pin "y12[0]" is virtual output pin File: C:/Users/sony/Desktop/UOB/Semester 7 (Spring 24-25)/CPEN313 (Computer Embedded Systems)/Project/BitonicSorter.sv Line: 7
    Info (15719): Pin "y12[1]" is virtual output pin File: C:/Users/sony/Desktop/UOB/Semester 7 (Spring 24-25)/CPEN313 (Computer Embedded Systems)/Project/BitonicSorter.sv Line: 7
    Info (15719): Pin "y12[2]" is virtual output pin File: C:/Users/sony/Desktop/UOB/Semester 7 (Spring 24-25)/CPEN313 (Computer Embedded Systems)/Project/BitonicSorter.sv Line: 7
    Info (15719): Pin "y12[3]" is virtual output pin File: C:/Users/sony/Desktop/UOB/Semester 7 (Spring 24-25)/CPEN313 (Computer Embedded Systems)/Project/BitonicSorter.sv Line: 7
    Info (15719): Pin "y12[4]" is virtual output pin File: C:/Users/sony/Desktop/UOB/Semester 7 (Spring 24-25)/CPEN313 (Computer Embedded Systems)/Project/BitonicSorter.sv Line: 7
    Info (15719): Pin "y12[5]" is virtual output pin File: C:/Users/sony/Desktop/UOB/Semester 7 (Spring 24-25)/CPEN313 (Computer Embedded Systems)/Project/BitonicSorter.sv Line: 7
    Info (15719): Pin "y12[6]" is virtual output pin File: C:/Users/sony/Desktop/UOB/Semester 7 (Spring 24-25)/CPEN313 (Computer Embedded Systems)/Project/BitonicSorter.sv Line: 7
    Info (15719): Pin "y12[7]" is virtual output pin File: C:/Users/sony/Desktop/UOB/Semester 7 (Spring 24-25)/CPEN313 (Computer Embedded Systems)/Project/BitonicSorter.sv Line: 7
    Info (15719): Pin "y12[8]" is virtual output pin File: C:/Users/sony/Desktop/UOB/Semester 7 (Spring 24-25)/CPEN313 (Computer Embedded Systems)/Project/BitonicSorter.sv Line: 7
    Info (15719): Pin "y12[9]" is virtual output pin File: C:/Users/sony/Desktop/UOB/Semester 7 (Spring 24-25)/CPEN313 (Computer Embedded Systems)/Project/BitonicSorter.sv Line: 7
    Info (15719): Pin "y12[10]" is virtual output pin File: C:/Users/sony/Desktop/UOB/Semester 7 (Spring 24-25)/CPEN313 (Computer Embedded Systems)/Project/BitonicSorter.sv Line: 7
    Info (15719): Pin "y12[11]" is virtual output pin File: C:/Users/sony/Desktop/UOB/Semester 7 (Spring 24-25)/CPEN313 (Computer Embedded Systems)/Project/BitonicSorter.sv Line: 7
    Info (15719): Pin "y12[12]" is virtual output pin File: C:/Users/sony/Desktop/UOB/Semester 7 (Spring 24-25)/CPEN313 (Computer Embedded Systems)/Project/BitonicSorter.sv Line: 7
    Info (15719): Pin "y12[13]" is virtual output pin File: C:/Users/sony/Desktop/UOB/Semester 7 (Spring 24-25)/CPEN313 (Computer Embedded Systems)/Project/BitonicSorter.sv Line: 7
    Info (15719): Pin "y12[14]" is virtual output pin File: C:/Users/sony/Desktop/UOB/Semester 7 (Spring 24-25)/CPEN313 (Computer Embedded Systems)/Project/BitonicSorter.sv Line: 7
    Info (15719): Pin "y12[15]" is virtual output pin File: C:/Users/sony/Desktop/UOB/Semester 7 (Spring 24-25)/CPEN313 (Computer Embedded Systems)/Project/BitonicSorter.sv Line: 7
    Info (15719): Pin "y13[0]" is virtual output pin File: C:/Users/sony/Desktop/UOB/Semester 7 (Spring 24-25)/CPEN313 (Computer Embedded Systems)/Project/BitonicSorter.sv Line: 7
    Info (15719): Pin "y13[1]" is virtual output pin File: C:/Users/sony/Desktop/UOB/Semester 7 (Spring 24-25)/CPEN313 (Computer Embedded Systems)/Project/BitonicSorter.sv Line: 7
    Info (15719): Pin "y13[2]" is virtual output pin File: C:/Users/sony/Desktop/UOB/Semester 7 (Spring 24-25)/CPEN313 (Computer Embedded Systems)/Project/BitonicSorter.sv Line: 7
    Info (15719): Pin "y13[3]" is virtual output pin File: C:/Users/sony/Desktop/UOB/Semester 7 (Spring 24-25)/CPEN313 (Computer Embedded Systems)/Project/BitonicSorter.sv Line: 7
    Info (15719): Pin "y13[4]" is virtual output pin File: C:/Users/sony/Desktop/UOB/Semester 7 (Spring 24-25)/CPEN313 (Computer Embedded Systems)/Project/BitonicSorter.sv Line: 7
    Info (15719): Pin "y13[5]" is virtual output pin File: C:/Users/sony/Desktop/UOB/Semester 7 (Spring 24-25)/CPEN313 (Computer Embedded Systems)/Project/BitonicSorter.sv Line: 7
    Info (15719): Pin "y13[6]" is virtual output pin File: C:/Users/sony/Desktop/UOB/Semester 7 (Spring 24-25)/CPEN313 (Computer Embedded Systems)/Project/BitonicSorter.sv Line: 7
    Info (15719): Pin "y13[7]" is virtual output pin File: C:/Users/sony/Desktop/UOB/Semester 7 (Spring 24-25)/CPEN313 (Computer Embedded Systems)/Project/BitonicSorter.sv Line: 7
    Info (15719): Pin "y13[8]" is virtual output pin File: C:/Users/sony/Desktop/UOB/Semester 7 (Spring 24-25)/CPEN313 (Computer Embedded Systems)/Project/BitonicSorter.sv Line: 7
    Info (15719): Pin "y13[9]" is virtual output pin File: C:/Users/sony/Desktop/UOB/Semester 7 (Spring 24-25)/CPEN313 (Computer Embedded Systems)/Project/BitonicSorter.sv Line: 7
    Info (15719): Pin "y13[10]" is virtual output pin File: C:/Users/sony/Desktop/UOB/Semester 7 (Spring 24-25)/CPEN313 (Computer Embedded Systems)/Project/BitonicSorter.sv Line: 7
    Info (15719): Pin "y13[11]" is virtual output pin File: C:/Users/sony/Desktop/UOB/Semester 7 (Spring 24-25)/CPEN313 (Computer Embedded Systems)/Project/BitonicSorter.sv Line: 7
    Info (15719): Pin "y13[12]" is virtual output pin File: C:/Users/sony/Desktop/UOB/Semester 7 (Spring 24-25)/CPEN313 (Computer Embedded Systems)/Project/BitonicSorter.sv Line: 7
    Info (15719): Pin "y13[13]" is virtual output pin File: C:/Users/sony/Desktop/UOB/Semester 7 (Spring 24-25)/CPEN313 (Computer Embedded Systems)/Project/BitonicSorter.sv Line: 7
    Info (15719): Pin "y13[14]" is virtual output pin File: C:/Users/sony/Desktop/UOB/Semester 7 (Spring 24-25)/CPEN313 (Computer Embedded Systems)/Project/BitonicSorter.sv Line: 7
    Info (15719): Pin "y13[15]" is virtual output pin File: C:/Users/sony/Desktop/UOB/Semester 7 (Spring 24-25)/CPEN313 (Computer Embedded Systems)/Project/BitonicSorter.sv Line: 7
    Info (15719): Pin "y14[0]" is virtual output pin File: C:/Users/sony/Desktop/UOB/Semester 7 (Spring 24-25)/CPEN313 (Computer Embedded Systems)/Project/BitonicSorter.sv Line: 7
    Info (15719): Pin "y14[1]" is virtual output pin File: C:/Users/sony/Desktop/UOB/Semester 7 (Spring 24-25)/CPEN313 (Computer Embedded Systems)/Project/BitonicSorter.sv Line: 7
    Info (15719): Pin "y14[2]" is virtual output pin File: C:/Users/sony/Desktop/UOB/Semester 7 (Spring 24-25)/CPEN313 (Computer Embedded Systems)/Project/BitonicSorter.sv Line: 7
    Info (15719): Pin "y14[3]" is virtual output pin File: C:/Users/sony/Desktop/UOB/Semester 7 (Spring 24-25)/CPEN313 (Computer Embedded Systems)/Project/BitonicSorter.sv Line: 7
    Info (15719): Pin "y14[4]" is virtual output pin File: C:/Users/sony/Desktop/UOB/Semester 7 (Spring 24-25)/CPEN313 (Computer Embedded Systems)/Project/BitonicSorter.sv Line: 7
    Info (15719): Pin "y14[5]" is virtual output pin File: C:/Users/sony/Desktop/UOB/Semester 7 (Spring 24-25)/CPEN313 (Computer Embedded Systems)/Project/BitonicSorter.sv Line: 7
    Info (15719): Pin "y14[6]" is virtual output pin File: C:/Users/sony/Desktop/UOB/Semester 7 (Spring 24-25)/CPEN313 (Computer Embedded Systems)/Project/BitonicSorter.sv Line: 7
    Info (15719): Pin "y14[7]" is virtual output pin File: C:/Users/sony/Desktop/UOB/Semester 7 (Spring 24-25)/CPEN313 (Computer Embedded Systems)/Project/BitonicSorter.sv Line: 7
    Info (15719): Pin "y14[8]" is virtual output pin File: C:/Users/sony/Desktop/UOB/Semester 7 (Spring 24-25)/CPEN313 (Computer Embedded Systems)/Project/BitonicSorter.sv Line: 7
    Info (15719): Pin "y14[9]" is virtual output pin File: C:/Users/sony/Desktop/UOB/Semester 7 (Spring 24-25)/CPEN313 (Computer Embedded Systems)/Project/BitonicSorter.sv Line: 7
    Info (15719): Pin "y14[10]" is virtual output pin File: C:/Users/sony/Desktop/UOB/Semester 7 (Spring 24-25)/CPEN313 (Computer Embedded Systems)/Project/BitonicSorter.sv Line: 7
    Info (15719): Pin "y14[11]" is virtual output pin File: C:/Users/sony/Desktop/UOB/Semester 7 (Spring 24-25)/CPEN313 (Computer Embedded Systems)/Project/BitonicSorter.sv Line: 7
    Info (15719): Pin "y14[12]" is virtual output pin File: C:/Users/sony/Desktop/UOB/Semester 7 (Spring 24-25)/CPEN313 (Computer Embedded Systems)/Project/BitonicSorter.sv Line: 7
    Info (15719): Pin "y14[13]" is virtual output pin File: C:/Users/sony/Desktop/UOB/Semester 7 (Spring 24-25)/CPEN313 (Computer Embedded Systems)/Project/BitonicSorter.sv Line: 7
    Info (15719): Pin "y14[14]" is virtual output pin File: C:/Users/sony/Desktop/UOB/Semester 7 (Spring 24-25)/CPEN313 (Computer Embedded Systems)/Project/BitonicSorter.sv Line: 7
    Info (15719): Pin "y14[15]" is virtual output pin File: C:/Users/sony/Desktop/UOB/Semester 7 (Spring 24-25)/CPEN313 (Computer Embedded Systems)/Project/BitonicSorter.sv Line: 7
    Info (15719): Pin "y15[0]" is virtual output pin File: C:/Users/sony/Desktop/UOB/Semester 7 (Spring 24-25)/CPEN313 (Computer Embedded Systems)/Project/BitonicSorter.sv Line: 7
    Info (15719): Pin "y15[1]" is virtual output pin File: C:/Users/sony/Desktop/UOB/Semester 7 (Spring 24-25)/CPEN313 (Computer Embedded Systems)/Project/BitonicSorter.sv Line: 7
    Info (15719): Pin "y15[2]" is virtual output pin File: C:/Users/sony/Desktop/UOB/Semester 7 (Spring 24-25)/CPEN313 (Computer Embedded Systems)/Project/BitonicSorter.sv Line: 7
    Info (15719): Pin "y15[3]" is virtual output pin File: C:/Users/sony/Desktop/UOB/Semester 7 (Spring 24-25)/CPEN313 (Computer Embedded Systems)/Project/BitonicSorter.sv Line: 7
    Info (15719): Pin "y15[4]" is virtual output pin File: C:/Users/sony/Desktop/UOB/Semester 7 (Spring 24-25)/CPEN313 (Computer Embedded Systems)/Project/BitonicSorter.sv Line: 7
    Info (15719): Pin "y15[5]" is virtual output pin File: C:/Users/sony/Desktop/UOB/Semester 7 (Spring 24-25)/CPEN313 (Computer Embedded Systems)/Project/BitonicSorter.sv Line: 7
    Info (15719): Pin "y15[6]" is virtual output pin File: C:/Users/sony/Desktop/UOB/Semester 7 (Spring 24-25)/CPEN313 (Computer Embedded Systems)/Project/BitonicSorter.sv Line: 7
    Info (15719): Pin "y15[7]" is virtual output pin File: C:/Users/sony/Desktop/UOB/Semester 7 (Spring 24-25)/CPEN313 (Computer Embedded Systems)/Project/BitonicSorter.sv Line: 7
    Info (15719): Pin "y15[8]" is virtual output pin File: C:/Users/sony/Desktop/UOB/Semester 7 (Spring 24-25)/CPEN313 (Computer Embedded Systems)/Project/BitonicSorter.sv Line: 7
    Info (15719): Pin "y15[9]" is virtual output pin File: C:/Users/sony/Desktop/UOB/Semester 7 (Spring 24-25)/CPEN313 (Computer Embedded Systems)/Project/BitonicSorter.sv Line: 7
    Info (15719): Pin "y15[10]" is virtual output pin File: C:/Users/sony/Desktop/UOB/Semester 7 (Spring 24-25)/CPEN313 (Computer Embedded Systems)/Project/BitonicSorter.sv Line: 7
    Info (15719): Pin "y15[11]" is virtual output pin File: C:/Users/sony/Desktop/UOB/Semester 7 (Spring 24-25)/CPEN313 (Computer Embedded Systems)/Project/BitonicSorter.sv Line: 7
    Info (15719): Pin "y15[12]" is virtual output pin File: C:/Users/sony/Desktop/UOB/Semester 7 (Spring 24-25)/CPEN313 (Computer Embedded Systems)/Project/BitonicSorter.sv Line: 7
    Info (15719): Pin "y15[13]" is virtual output pin File: C:/Users/sony/Desktop/UOB/Semester 7 (Spring 24-25)/CPEN313 (Computer Embedded Systems)/Project/BitonicSorter.sv Line: 7
    Info (15719): Pin "y15[14]" is virtual output pin File: C:/Users/sony/Desktop/UOB/Semester 7 (Spring 24-25)/CPEN313 (Computer Embedded Systems)/Project/BitonicSorter.sv Line: 7
    Info (15719): Pin "y15[15]" is virtual output pin File: C:/Users/sony/Desktop/UOB/Semester 7 (Spring 24-25)/CPEN313 (Computer Embedded Systems)/Project/BitonicSorter.sv Line: 7
    Info (15719): Pin "y16[0]" is virtual output pin File: C:/Users/sony/Desktop/UOB/Semester 7 (Spring 24-25)/CPEN313 (Computer Embedded Systems)/Project/BitonicSorter.sv Line: 8
    Info (15719): Pin "y16[1]" is virtual output pin File: C:/Users/sony/Desktop/UOB/Semester 7 (Spring 24-25)/CPEN313 (Computer Embedded Systems)/Project/BitonicSorter.sv Line: 8
    Info (15719): Pin "y16[2]" is virtual output pin File: C:/Users/sony/Desktop/UOB/Semester 7 (Spring 24-25)/CPEN313 (Computer Embedded Systems)/Project/BitonicSorter.sv Line: 8
    Info (15719): Pin "y16[3]" is virtual output pin File: C:/Users/sony/Desktop/UOB/Semester 7 (Spring 24-25)/CPEN313 (Computer Embedded Systems)/Project/BitonicSorter.sv Line: 8
    Info (15719): Pin "y16[4]" is virtual output pin File: C:/Users/sony/Desktop/UOB/Semester 7 (Spring 24-25)/CPEN313 (Computer Embedded Systems)/Project/BitonicSorter.sv Line: 8
    Info (15719): Pin "y16[5]" is virtual output pin File: C:/Users/sony/Desktop/UOB/Semester 7 (Spring 24-25)/CPEN313 (Computer Embedded Systems)/Project/BitonicSorter.sv Line: 8
    Info (15719): Pin "y16[6]" is virtual output pin File: C:/Users/sony/Desktop/UOB/Semester 7 (Spring 24-25)/CPEN313 (Computer Embedded Systems)/Project/BitonicSorter.sv Line: 8
    Info (15719): Pin "y16[7]" is virtual output pin File: C:/Users/sony/Desktop/UOB/Semester 7 (Spring 24-25)/CPEN313 (Computer Embedded Systems)/Project/BitonicSorter.sv Line: 8
    Info (15719): Pin "y16[8]" is virtual output pin File: C:/Users/sony/Desktop/UOB/Semester 7 (Spring 24-25)/CPEN313 (Computer Embedded Systems)/Project/BitonicSorter.sv Line: 8
    Info (15719): Pin "y16[9]" is virtual output pin File: C:/Users/sony/Desktop/UOB/Semester 7 (Spring 24-25)/CPEN313 (Computer Embedded Systems)/Project/BitonicSorter.sv Line: 8
    Info (15719): Pin "y16[10]" is virtual output pin File: C:/Users/sony/Desktop/UOB/Semester 7 (Spring 24-25)/CPEN313 (Computer Embedded Systems)/Project/BitonicSorter.sv Line: 8
    Info (15719): Pin "y16[11]" is virtual output pin File: C:/Users/sony/Desktop/UOB/Semester 7 (Spring 24-25)/CPEN313 (Computer Embedded Systems)/Project/BitonicSorter.sv Line: 8
    Info (15719): Pin "y16[12]" is virtual output pin File: C:/Users/sony/Desktop/UOB/Semester 7 (Spring 24-25)/CPEN313 (Computer Embedded Systems)/Project/BitonicSorter.sv Line: 8
    Info (15719): Pin "y16[13]" is virtual output pin File: C:/Users/sony/Desktop/UOB/Semester 7 (Spring 24-25)/CPEN313 (Computer Embedded Systems)/Project/BitonicSorter.sv Line: 8
    Info (15719): Pin "y16[14]" is virtual output pin File: C:/Users/sony/Desktop/UOB/Semester 7 (Spring 24-25)/CPEN313 (Computer Embedded Systems)/Project/BitonicSorter.sv Line: 8
    Info (15719): Pin "y16[15]" is virtual output pin File: C:/Users/sony/Desktop/UOB/Semester 7 (Spring 24-25)/CPEN313 (Computer Embedded Systems)/Project/BitonicSorter.sv Line: 8
    Info (15719): Pin "y17[0]" is virtual output pin File: C:/Users/sony/Desktop/UOB/Semester 7 (Spring 24-25)/CPEN313 (Computer Embedded Systems)/Project/BitonicSorter.sv Line: 8
    Info (15719): Pin "y17[1]" is virtual output pin File: C:/Users/sony/Desktop/UOB/Semester 7 (Spring 24-25)/CPEN313 (Computer Embedded Systems)/Project/BitonicSorter.sv Line: 8
    Info (15719): Pin "y17[2]" is virtual output pin File: C:/Users/sony/Desktop/UOB/Semester 7 (Spring 24-25)/CPEN313 (Computer Embedded Systems)/Project/BitonicSorter.sv Line: 8
    Info (15719): Pin "y17[3]" is virtual output pin File: C:/Users/sony/Desktop/UOB/Semester 7 (Spring 24-25)/CPEN313 (Computer Embedded Systems)/Project/BitonicSorter.sv Line: 8
    Info (15719): Pin "y17[4]" is virtual output pin File: C:/Users/sony/Desktop/UOB/Semester 7 (Spring 24-25)/CPEN313 (Computer Embedded Systems)/Project/BitonicSorter.sv Line: 8
    Info (15719): Pin "y17[5]" is virtual output pin File: C:/Users/sony/Desktop/UOB/Semester 7 (Spring 24-25)/CPEN313 (Computer Embedded Systems)/Project/BitonicSorter.sv Line: 8
    Info (15719): Pin "y17[6]" is virtual output pin File: C:/Users/sony/Desktop/UOB/Semester 7 (Spring 24-25)/CPEN313 (Computer Embedded Systems)/Project/BitonicSorter.sv Line: 8
    Info (15719): Pin "y17[7]" is virtual output pin File: C:/Users/sony/Desktop/UOB/Semester 7 (Spring 24-25)/CPEN313 (Computer Embedded Systems)/Project/BitonicSorter.sv Line: 8
    Info (15719): Pin "y17[8]" is virtual output pin File: C:/Users/sony/Desktop/UOB/Semester 7 (Spring 24-25)/CPEN313 (Computer Embedded Systems)/Project/BitonicSorter.sv Line: 8
    Info (15719): Pin "y17[9]" is virtual output pin File: C:/Users/sony/Desktop/UOB/Semester 7 (Spring 24-25)/CPEN313 (Computer Embedded Systems)/Project/BitonicSorter.sv Line: 8
    Info (15719): Pin "y17[10]" is virtual output pin File: C:/Users/sony/Desktop/UOB/Semester 7 (Spring 24-25)/CPEN313 (Computer Embedded Systems)/Project/BitonicSorter.sv Line: 8
    Info (15719): Pin "y17[11]" is virtual output pin File: C:/Users/sony/Desktop/UOB/Semester 7 (Spring 24-25)/CPEN313 (Computer Embedded Systems)/Project/BitonicSorter.sv Line: 8
    Info (15719): Pin "y17[12]" is virtual output pin File: C:/Users/sony/Desktop/UOB/Semester 7 (Spring 24-25)/CPEN313 (Computer Embedded Systems)/Project/BitonicSorter.sv Line: 8
    Info (15719): Pin "y17[13]" is virtual output pin File: C:/Users/sony/Desktop/UOB/Semester 7 (Spring 24-25)/CPEN313 (Computer Embedded Systems)/Project/BitonicSorter.sv Line: 8
    Info (15719): Pin "y17[14]" is virtual output pin File: C:/Users/sony/Desktop/UOB/Semester 7 (Spring 24-25)/CPEN313 (Computer Embedded Systems)/Project/BitonicSorter.sv Line: 8
    Info (15719): Pin "y17[15]" is virtual output pin File: C:/Users/sony/Desktop/UOB/Semester 7 (Spring 24-25)/CPEN313 (Computer Embedded Systems)/Project/BitonicSorter.sv Line: 8
    Info (15719): Pin "y18[0]" is virtual output pin File: C:/Users/sony/Desktop/UOB/Semester 7 (Spring 24-25)/CPEN313 (Computer Embedded Systems)/Project/BitonicSorter.sv Line: 8
    Info (15719): Pin "y18[1]" is virtual output pin File: C:/Users/sony/Desktop/UOB/Semester 7 (Spring 24-25)/CPEN313 (Computer Embedded Systems)/Project/BitonicSorter.sv Line: 8
    Info (15719): Pin "y18[2]" is virtual output pin File: C:/Users/sony/Desktop/UOB/Semester 7 (Spring 24-25)/CPEN313 (Computer Embedded Systems)/Project/BitonicSorter.sv Line: 8
    Info (15719): Pin "y18[3]" is virtual output pin File: C:/Users/sony/Desktop/UOB/Semester 7 (Spring 24-25)/CPEN313 (Computer Embedded Systems)/Project/BitonicSorter.sv Line: 8
    Info (15719): Pin "y18[4]" is virtual output pin File: C:/Users/sony/Desktop/UOB/Semester 7 (Spring 24-25)/CPEN313 (Computer Embedded Systems)/Project/BitonicSorter.sv Line: 8
    Info (15719): Pin "y18[5]" is virtual output pin File: C:/Users/sony/Desktop/UOB/Semester 7 (Spring 24-25)/CPEN313 (Computer Embedded Systems)/Project/BitonicSorter.sv Line: 8
    Info (15719): Pin "y18[6]" is virtual output pin File: C:/Users/sony/Desktop/UOB/Semester 7 (Spring 24-25)/CPEN313 (Computer Embedded Systems)/Project/BitonicSorter.sv Line: 8
    Info (15719): Pin "y18[7]" is virtual output pin File: C:/Users/sony/Desktop/UOB/Semester 7 (Spring 24-25)/CPEN313 (Computer Embedded Systems)/Project/BitonicSorter.sv Line: 8
    Info (15719): Pin "y18[8]" is virtual output pin File: C:/Users/sony/Desktop/UOB/Semester 7 (Spring 24-25)/CPEN313 (Computer Embedded Systems)/Project/BitonicSorter.sv Line: 8
    Info (15719): Pin "y18[9]" is virtual output pin File: C:/Users/sony/Desktop/UOB/Semester 7 (Spring 24-25)/CPEN313 (Computer Embedded Systems)/Project/BitonicSorter.sv Line: 8
    Info (15719): Pin "y18[10]" is virtual output pin File: C:/Users/sony/Desktop/UOB/Semester 7 (Spring 24-25)/CPEN313 (Computer Embedded Systems)/Project/BitonicSorter.sv Line: 8
    Info (15719): Pin "y18[11]" is virtual output pin File: C:/Users/sony/Desktop/UOB/Semester 7 (Spring 24-25)/CPEN313 (Computer Embedded Systems)/Project/BitonicSorter.sv Line: 8
    Info (15719): Pin "y18[12]" is virtual output pin File: C:/Users/sony/Desktop/UOB/Semester 7 (Spring 24-25)/CPEN313 (Computer Embedded Systems)/Project/BitonicSorter.sv Line: 8
    Info (15719): Pin "y18[13]" is virtual output pin File: C:/Users/sony/Desktop/UOB/Semester 7 (Spring 24-25)/CPEN313 (Computer Embedded Systems)/Project/BitonicSorter.sv Line: 8
    Info (15719): Pin "y18[14]" is virtual output pin File: C:/Users/sony/Desktop/UOB/Semester 7 (Spring 24-25)/CPEN313 (Computer Embedded Systems)/Project/BitonicSorter.sv Line: 8
    Info (15719): Pin "y18[15]" is virtual output pin File: C:/Users/sony/Desktop/UOB/Semester 7 (Spring 24-25)/CPEN313 (Computer Embedded Systems)/Project/BitonicSorter.sv Line: 8
    Info (15719): Pin "y19[0]" is virtual output pin File: C:/Users/sony/Desktop/UOB/Semester 7 (Spring 24-25)/CPEN313 (Computer Embedded Systems)/Project/BitonicSorter.sv Line: 8
    Info (15719): Pin "y19[1]" is virtual output pin File: C:/Users/sony/Desktop/UOB/Semester 7 (Spring 24-25)/CPEN313 (Computer Embedded Systems)/Project/BitonicSorter.sv Line: 8
    Info (15719): Pin "y19[2]" is virtual output pin File: C:/Users/sony/Desktop/UOB/Semester 7 (Spring 24-25)/CPEN313 (Computer Embedded Systems)/Project/BitonicSorter.sv Line: 8
    Info (15719): Pin "y19[3]" is virtual output pin File: C:/Users/sony/Desktop/UOB/Semester 7 (Spring 24-25)/CPEN313 (Computer Embedded Systems)/Project/BitonicSorter.sv Line: 8
    Info (15719): Pin "y19[4]" is virtual output pin File: C:/Users/sony/Desktop/UOB/Semester 7 (Spring 24-25)/CPEN313 (Computer Embedded Systems)/Project/BitonicSorter.sv Line: 8
    Info (15719): Pin "y19[5]" is virtual output pin File: C:/Users/sony/Desktop/UOB/Semester 7 (Spring 24-25)/CPEN313 (Computer Embedded Systems)/Project/BitonicSorter.sv Line: 8
    Info (15719): Pin "y19[6]" is virtual output pin File: C:/Users/sony/Desktop/UOB/Semester 7 (Spring 24-25)/CPEN313 (Computer Embedded Systems)/Project/BitonicSorter.sv Line: 8
    Info (15719): Pin "y19[7]" is virtual output pin File: C:/Users/sony/Desktop/UOB/Semester 7 (Spring 24-25)/CPEN313 (Computer Embedded Systems)/Project/BitonicSorter.sv Line: 8
    Info (15719): Pin "y19[8]" is virtual output pin File: C:/Users/sony/Desktop/UOB/Semester 7 (Spring 24-25)/CPEN313 (Computer Embedded Systems)/Project/BitonicSorter.sv Line: 8
    Info (15719): Pin "y19[9]" is virtual output pin File: C:/Users/sony/Desktop/UOB/Semester 7 (Spring 24-25)/CPEN313 (Computer Embedded Systems)/Project/BitonicSorter.sv Line: 8
    Info (15719): Pin "y19[10]" is virtual output pin File: C:/Users/sony/Desktop/UOB/Semester 7 (Spring 24-25)/CPEN313 (Computer Embedded Systems)/Project/BitonicSorter.sv Line: 8
    Info (15719): Pin "y19[11]" is virtual output pin File: C:/Users/sony/Desktop/UOB/Semester 7 (Spring 24-25)/CPEN313 (Computer Embedded Systems)/Project/BitonicSorter.sv Line: 8
    Info (15719): Pin "y19[12]" is virtual output pin File: C:/Users/sony/Desktop/UOB/Semester 7 (Spring 24-25)/CPEN313 (Computer Embedded Systems)/Project/BitonicSorter.sv Line: 8
    Info (15719): Pin "y19[13]" is virtual output pin File: C:/Users/sony/Desktop/UOB/Semester 7 (Spring 24-25)/CPEN313 (Computer Embedded Systems)/Project/BitonicSorter.sv Line: 8
    Info (15719): Pin "y19[14]" is virtual output pin File: C:/Users/sony/Desktop/UOB/Semester 7 (Spring 24-25)/CPEN313 (Computer Embedded Systems)/Project/BitonicSorter.sv Line: 8
    Info (15719): Pin "y19[15]" is virtual output pin File: C:/Users/sony/Desktop/UOB/Semester 7 (Spring 24-25)/CPEN313 (Computer Embedded Systems)/Project/BitonicSorter.sv Line: 8
    Info (15719): Pin "y20[0]" is virtual output pin File: C:/Users/sony/Desktop/UOB/Semester 7 (Spring 24-25)/CPEN313 (Computer Embedded Systems)/Project/BitonicSorter.sv Line: 8
    Info (15719): Pin "y20[1]" is virtual output pin File: C:/Users/sony/Desktop/UOB/Semester 7 (Spring 24-25)/CPEN313 (Computer Embedded Systems)/Project/BitonicSorter.sv Line: 8
    Info (15719): Pin "y20[2]" is virtual output pin File: C:/Users/sony/Desktop/UOB/Semester 7 (Spring 24-25)/CPEN313 (Computer Embedded Systems)/Project/BitonicSorter.sv Line: 8
    Info (15719): Pin "y20[3]" is virtual output pin File: C:/Users/sony/Desktop/UOB/Semester 7 (Spring 24-25)/CPEN313 (Computer Embedded Systems)/Project/BitonicSorter.sv Line: 8
    Info (15719): Pin "y20[4]" is virtual output pin File: C:/Users/sony/Desktop/UOB/Semester 7 (Spring 24-25)/CPEN313 (Computer Embedded Systems)/Project/BitonicSorter.sv Line: 8
    Info (15719): Pin "y20[5]" is virtual output pin File: C:/Users/sony/Desktop/UOB/Semester 7 (Spring 24-25)/CPEN313 (Computer Embedded Systems)/Project/BitonicSorter.sv Line: 8
    Info (15719): Pin "y20[6]" is virtual output pin File: C:/Users/sony/Desktop/UOB/Semester 7 (Spring 24-25)/CPEN313 (Computer Embedded Systems)/Project/BitonicSorter.sv Line: 8
    Info (15719): Pin "y20[7]" is virtual output pin File: C:/Users/sony/Desktop/UOB/Semester 7 (Spring 24-25)/CPEN313 (Computer Embedded Systems)/Project/BitonicSorter.sv Line: 8
    Info (15719): Pin "y20[8]" is virtual output pin File: C:/Users/sony/Desktop/UOB/Semester 7 (Spring 24-25)/CPEN313 (Computer Embedded Systems)/Project/BitonicSorter.sv Line: 8
    Info (15719): Pin "y20[9]" is virtual output pin File: C:/Users/sony/Desktop/UOB/Semester 7 (Spring 24-25)/CPEN313 (Computer Embedded Systems)/Project/BitonicSorter.sv Line: 8
    Info (15719): Pin "y20[10]" is virtual output pin File: C:/Users/sony/Desktop/UOB/Semester 7 (Spring 24-25)/CPEN313 (Computer Embedded Systems)/Project/BitonicSorter.sv Line: 8
    Info (15719): Pin "y20[11]" is virtual output pin File: C:/Users/sony/Desktop/UOB/Semester 7 (Spring 24-25)/CPEN313 (Computer Embedded Systems)/Project/BitonicSorter.sv Line: 8
    Info (15719): Pin "y20[12]" is virtual output pin File: C:/Users/sony/Desktop/UOB/Semester 7 (Spring 24-25)/CPEN313 (Computer Embedded Systems)/Project/BitonicSorter.sv Line: 8
    Info (15719): Pin "y20[13]" is virtual output pin File: C:/Users/sony/Desktop/UOB/Semester 7 (Spring 24-25)/CPEN313 (Computer Embedded Systems)/Project/BitonicSorter.sv Line: 8
    Info (15719): Pin "y20[14]" is virtual output pin File: C:/Users/sony/Desktop/UOB/Semester 7 (Spring 24-25)/CPEN313 (Computer Embedded Systems)/Project/BitonicSorter.sv Line: 8
    Info (15719): Pin "y20[15]" is virtual output pin File: C:/Users/sony/Desktop/UOB/Semester 7 (Spring 24-25)/CPEN313 (Computer Embedded Systems)/Project/BitonicSorter.sv Line: 8
    Info (15719): Pin "y21[0]" is virtual output pin File: C:/Users/sony/Desktop/UOB/Semester 7 (Spring 24-25)/CPEN313 (Computer Embedded Systems)/Project/BitonicSorter.sv Line: 8
    Info (15719): Pin "y21[1]" is virtual output pin File: C:/Users/sony/Desktop/UOB/Semester 7 (Spring 24-25)/CPEN313 (Computer Embedded Systems)/Project/BitonicSorter.sv Line: 8
    Info (15719): Pin "y21[2]" is virtual output pin File: C:/Users/sony/Desktop/UOB/Semester 7 (Spring 24-25)/CPEN313 (Computer Embedded Systems)/Project/BitonicSorter.sv Line: 8
    Info (15719): Pin "y21[3]" is virtual output pin File: C:/Users/sony/Desktop/UOB/Semester 7 (Spring 24-25)/CPEN313 (Computer Embedded Systems)/Project/BitonicSorter.sv Line: 8
    Info (15719): Pin "y21[4]" is virtual output pin File: C:/Users/sony/Desktop/UOB/Semester 7 (Spring 24-25)/CPEN313 (Computer Embedded Systems)/Project/BitonicSorter.sv Line: 8
    Info (15719): Pin "y21[5]" is virtual output pin File: C:/Users/sony/Desktop/UOB/Semester 7 (Spring 24-25)/CPEN313 (Computer Embedded Systems)/Project/BitonicSorter.sv Line: 8
    Info (15719): Pin "y21[6]" is virtual output pin File: C:/Users/sony/Desktop/UOB/Semester 7 (Spring 24-25)/CPEN313 (Computer Embedded Systems)/Project/BitonicSorter.sv Line: 8
    Info (15719): Pin "y21[7]" is virtual output pin File: C:/Users/sony/Desktop/UOB/Semester 7 (Spring 24-25)/CPEN313 (Computer Embedded Systems)/Project/BitonicSorter.sv Line: 8
    Info (15719): Pin "y21[8]" is virtual output pin File: C:/Users/sony/Desktop/UOB/Semester 7 (Spring 24-25)/CPEN313 (Computer Embedded Systems)/Project/BitonicSorter.sv Line: 8
    Info (15719): Pin "y21[9]" is virtual output pin File: C:/Users/sony/Desktop/UOB/Semester 7 (Spring 24-25)/CPEN313 (Computer Embedded Systems)/Project/BitonicSorter.sv Line: 8
    Info (15719): Pin "y21[10]" is virtual output pin File: C:/Users/sony/Desktop/UOB/Semester 7 (Spring 24-25)/CPEN313 (Computer Embedded Systems)/Project/BitonicSorter.sv Line: 8
    Info (15719): Pin "y21[11]" is virtual output pin File: C:/Users/sony/Desktop/UOB/Semester 7 (Spring 24-25)/CPEN313 (Computer Embedded Systems)/Project/BitonicSorter.sv Line: 8
    Info (15719): Pin "y21[12]" is virtual output pin File: C:/Users/sony/Desktop/UOB/Semester 7 (Spring 24-25)/CPEN313 (Computer Embedded Systems)/Project/BitonicSorter.sv Line: 8
    Info (15719): Pin "y21[13]" is virtual output pin File: C:/Users/sony/Desktop/UOB/Semester 7 (Spring 24-25)/CPEN313 (Computer Embedded Systems)/Project/BitonicSorter.sv Line: 8
    Info (15719): Pin "y21[14]" is virtual output pin File: C:/Users/sony/Desktop/UOB/Semester 7 (Spring 24-25)/CPEN313 (Computer Embedded Systems)/Project/BitonicSorter.sv Line: 8
    Info (15719): Pin "y21[15]" is virtual output pin File: C:/Users/sony/Desktop/UOB/Semester 7 (Spring 24-25)/CPEN313 (Computer Embedded Systems)/Project/BitonicSorter.sv Line: 8
    Info (15719): Pin "y22[0]" is virtual output pin File: C:/Users/sony/Desktop/UOB/Semester 7 (Spring 24-25)/CPEN313 (Computer Embedded Systems)/Project/BitonicSorter.sv Line: 8
    Info (15719): Pin "y22[1]" is virtual output pin File: C:/Users/sony/Desktop/UOB/Semester 7 (Spring 24-25)/CPEN313 (Computer Embedded Systems)/Project/BitonicSorter.sv Line: 8
    Info (15719): Pin "y22[2]" is virtual output pin File: C:/Users/sony/Desktop/UOB/Semester 7 (Spring 24-25)/CPEN313 (Computer Embedded Systems)/Project/BitonicSorter.sv Line: 8
    Info (15719): Pin "y22[3]" is virtual output pin File: C:/Users/sony/Desktop/UOB/Semester 7 (Spring 24-25)/CPEN313 (Computer Embedded Systems)/Project/BitonicSorter.sv Line: 8
    Info (15719): Pin "y22[4]" is virtual output pin File: C:/Users/sony/Desktop/UOB/Semester 7 (Spring 24-25)/CPEN313 (Computer Embedded Systems)/Project/BitonicSorter.sv Line: 8
    Info (15719): Pin "y22[5]" is virtual output pin File: C:/Users/sony/Desktop/UOB/Semester 7 (Spring 24-25)/CPEN313 (Computer Embedded Systems)/Project/BitonicSorter.sv Line: 8
    Info (15719): Pin "y22[6]" is virtual output pin File: C:/Users/sony/Desktop/UOB/Semester 7 (Spring 24-25)/CPEN313 (Computer Embedded Systems)/Project/BitonicSorter.sv Line: 8
    Info (15719): Pin "y22[7]" is virtual output pin File: C:/Users/sony/Desktop/UOB/Semester 7 (Spring 24-25)/CPEN313 (Computer Embedded Systems)/Project/BitonicSorter.sv Line: 8
    Info (15719): Pin "y22[8]" is virtual output pin File: C:/Users/sony/Desktop/UOB/Semester 7 (Spring 24-25)/CPEN313 (Computer Embedded Systems)/Project/BitonicSorter.sv Line: 8
    Info (15719): Pin "y22[9]" is virtual output pin File: C:/Users/sony/Desktop/UOB/Semester 7 (Spring 24-25)/CPEN313 (Computer Embedded Systems)/Project/BitonicSorter.sv Line: 8
    Info (15719): Pin "y22[10]" is virtual output pin File: C:/Users/sony/Desktop/UOB/Semester 7 (Spring 24-25)/CPEN313 (Computer Embedded Systems)/Project/BitonicSorter.sv Line: 8
    Info (15719): Pin "y22[11]" is virtual output pin File: C:/Users/sony/Desktop/UOB/Semester 7 (Spring 24-25)/CPEN313 (Computer Embedded Systems)/Project/BitonicSorter.sv Line: 8
    Info (15719): Pin "y22[12]" is virtual output pin File: C:/Users/sony/Desktop/UOB/Semester 7 (Spring 24-25)/CPEN313 (Computer Embedded Systems)/Project/BitonicSorter.sv Line: 8
    Info (15719): Pin "y22[13]" is virtual output pin File: C:/Users/sony/Desktop/UOB/Semester 7 (Spring 24-25)/CPEN313 (Computer Embedded Systems)/Project/BitonicSorter.sv Line: 8
    Info (15719): Pin "y22[14]" is virtual output pin File: C:/Users/sony/Desktop/UOB/Semester 7 (Spring 24-25)/CPEN313 (Computer Embedded Systems)/Project/BitonicSorter.sv Line: 8
    Info (15719): Pin "y22[15]" is virtual output pin File: C:/Users/sony/Desktop/UOB/Semester 7 (Spring 24-25)/CPEN313 (Computer Embedded Systems)/Project/BitonicSorter.sv Line: 8
    Info (15719): Pin "y23[0]" is virtual output pin File: C:/Users/sony/Desktop/UOB/Semester 7 (Spring 24-25)/CPEN313 (Computer Embedded Systems)/Project/BitonicSorter.sv Line: 8
    Info (15719): Pin "y23[1]" is virtual output pin File: C:/Users/sony/Desktop/UOB/Semester 7 (Spring 24-25)/CPEN313 (Computer Embedded Systems)/Project/BitonicSorter.sv Line: 8
    Info (15719): Pin "y23[2]" is virtual output pin File: C:/Users/sony/Desktop/UOB/Semester 7 (Spring 24-25)/CPEN313 (Computer Embedded Systems)/Project/BitonicSorter.sv Line: 8
    Info (15719): Pin "y23[3]" is virtual output pin File: C:/Users/sony/Desktop/UOB/Semester 7 (Spring 24-25)/CPEN313 (Computer Embedded Systems)/Project/BitonicSorter.sv Line: 8
    Info (15719): Pin "y23[4]" is virtual output pin File: C:/Users/sony/Desktop/UOB/Semester 7 (Spring 24-25)/CPEN313 (Computer Embedded Systems)/Project/BitonicSorter.sv Line: 8
    Info (15719): Pin "y23[5]" is virtual output pin File: C:/Users/sony/Desktop/UOB/Semester 7 (Spring 24-25)/CPEN313 (Computer Embedded Systems)/Project/BitonicSorter.sv Line: 8
    Info (15719): Pin "y23[6]" is virtual output pin File: C:/Users/sony/Desktop/UOB/Semester 7 (Spring 24-25)/CPEN313 (Computer Embedded Systems)/Project/BitonicSorter.sv Line: 8
    Info (15719): Pin "y23[7]" is virtual output pin File: C:/Users/sony/Desktop/UOB/Semester 7 (Spring 24-25)/CPEN313 (Computer Embedded Systems)/Project/BitonicSorter.sv Line: 8
    Info (15719): Pin "y23[8]" is virtual output pin File: C:/Users/sony/Desktop/UOB/Semester 7 (Spring 24-25)/CPEN313 (Computer Embedded Systems)/Project/BitonicSorter.sv Line: 8
    Info (15719): Pin "y23[9]" is virtual output pin File: C:/Users/sony/Desktop/UOB/Semester 7 (Spring 24-25)/CPEN313 (Computer Embedded Systems)/Project/BitonicSorter.sv Line: 8
    Info (15719): Pin "y23[10]" is virtual output pin File: C:/Users/sony/Desktop/UOB/Semester 7 (Spring 24-25)/CPEN313 (Computer Embedded Systems)/Project/BitonicSorter.sv Line: 8
    Info (15719): Pin "y23[11]" is virtual output pin File: C:/Users/sony/Desktop/UOB/Semester 7 (Spring 24-25)/CPEN313 (Computer Embedded Systems)/Project/BitonicSorter.sv Line: 8
    Info (15719): Pin "y23[12]" is virtual output pin File: C:/Users/sony/Desktop/UOB/Semester 7 (Spring 24-25)/CPEN313 (Computer Embedded Systems)/Project/BitonicSorter.sv Line: 8
    Info (15719): Pin "y23[13]" is virtual output pin File: C:/Users/sony/Desktop/UOB/Semester 7 (Spring 24-25)/CPEN313 (Computer Embedded Systems)/Project/BitonicSorter.sv Line: 8
    Info (15719): Pin "y23[14]" is virtual output pin File: C:/Users/sony/Desktop/UOB/Semester 7 (Spring 24-25)/CPEN313 (Computer Embedded Systems)/Project/BitonicSorter.sv Line: 8
    Info (15719): Pin "y23[15]" is virtual output pin File: C:/Users/sony/Desktop/UOB/Semester 7 (Spring 24-25)/CPEN313 (Computer Embedded Systems)/Project/BitonicSorter.sv Line: 8
    Info (15719): Pin "y24[0]" is virtual output pin File: C:/Users/sony/Desktop/UOB/Semester 7 (Spring 24-25)/CPEN313 (Computer Embedded Systems)/Project/BitonicSorter.sv Line: 9
    Info (15719): Pin "y24[1]" is virtual output pin File: C:/Users/sony/Desktop/UOB/Semester 7 (Spring 24-25)/CPEN313 (Computer Embedded Systems)/Project/BitonicSorter.sv Line: 9
    Info (15719): Pin "y24[2]" is virtual output pin File: C:/Users/sony/Desktop/UOB/Semester 7 (Spring 24-25)/CPEN313 (Computer Embedded Systems)/Project/BitonicSorter.sv Line: 9
    Info (15719): Pin "y24[3]" is virtual output pin File: C:/Users/sony/Desktop/UOB/Semester 7 (Spring 24-25)/CPEN313 (Computer Embedded Systems)/Project/BitonicSorter.sv Line: 9
    Info (15719): Pin "y24[4]" is virtual output pin File: C:/Users/sony/Desktop/UOB/Semester 7 (Spring 24-25)/CPEN313 (Computer Embedded Systems)/Project/BitonicSorter.sv Line: 9
    Info (15719): Pin "y24[5]" is virtual output pin File: C:/Users/sony/Desktop/UOB/Semester 7 (Spring 24-25)/CPEN313 (Computer Embedded Systems)/Project/BitonicSorter.sv Line: 9
    Info (15719): Pin "y24[6]" is virtual output pin File: C:/Users/sony/Desktop/UOB/Semester 7 (Spring 24-25)/CPEN313 (Computer Embedded Systems)/Project/BitonicSorter.sv Line: 9
    Info (15719): Pin "y24[7]" is virtual output pin File: C:/Users/sony/Desktop/UOB/Semester 7 (Spring 24-25)/CPEN313 (Computer Embedded Systems)/Project/BitonicSorter.sv Line: 9
    Info (15719): Pin "y24[8]" is virtual output pin File: C:/Users/sony/Desktop/UOB/Semester 7 (Spring 24-25)/CPEN313 (Computer Embedded Systems)/Project/BitonicSorter.sv Line: 9
    Info (15719): Pin "y24[9]" is virtual output pin File: C:/Users/sony/Desktop/UOB/Semester 7 (Spring 24-25)/CPEN313 (Computer Embedded Systems)/Project/BitonicSorter.sv Line: 9
    Info (15719): Pin "y24[10]" is virtual output pin File: C:/Users/sony/Desktop/UOB/Semester 7 (Spring 24-25)/CPEN313 (Computer Embedded Systems)/Project/BitonicSorter.sv Line: 9
    Info (15719): Pin "y24[11]" is virtual output pin File: C:/Users/sony/Desktop/UOB/Semester 7 (Spring 24-25)/CPEN313 (Computer Embedded Systems)/Project/BitonicSorter.sv Line: 9
    Info (15719): Pin "y24[12]" is virtual output pin File: C:/Users/sony/Desktop/UOB/Semester 7 (Spring 24-25)/CPEN313 (Computer Embedded Systems)/Project/BitonicSorter.sv Line: 9
    Info (15719): Pin "y24[13]" is virtual output pin File: C:/Users/sony/Desktop/UOB/Semester 7 (Spring 24-25)/CPEN313 (Computer Embedded Systems)/Project/BitonicSorter.sv Line: 9
    Info (15719): Pin "y24[14]" is virtual output pin File: C:/Users/sony/Desktop/UOB/Semester 7 (Spring 24-25)/CPEN313 (Computer Embedded Systems)/Project/BitonicSorter.sv Line: 9
    Info (15719): Pin "y24[15]" is virtual output pin File: C:/Users/sony/Desktop/UOB/Semester 7 (Spring 24-25)/CPEN313 (Computer Embedded Systems)/Project/BitonicSorter.sv Line: 9
    Info (15719): Pin "y25[0]" is virtual output pin File: C:/Users/sony/Desktop/UOB/Semester 7 (Spring 24-25)/CPEN313 (Computer Embedded Systems)/Project/BitonicSorter.sv Line: 9
    Info (15719): Pin "y25[1]" is virtual output pin File: C:/Users/sony/Desktop/UOB/Semester 7 (Spring 24-25)/CPEN313 (Computer Embedded Systems)/Project/BitonicSorter.sv Line: 9
    Info (15719): Pin "y25[2]" is virtual output pin File: C:/Users/sony/Desktop/UOB/Semester 7 (Spring 24-25)/CPEN313 (Computer Embedded Systems)/Project/BitonicSorter.sv Line: 9
    Info (15719): Pin "y25[3]" is virtual output pin File: C:/Users/sony/Desktop/UOB/Semester 7 (Spring 24-25)/CPEN313 (Computer Embedded Systems)/Project/BitonicSorter.sv Line: 9
    Info (15719): Pin "y25[4]" is virtual output pin File: C:/Users/sony/Desktop/UOB/Semester 7 (Spring 24-25)/CPEN313 (Computer Embedded Systems)/Project/BitonicSorter.sv Line: 9
    Info (15719): Pin "y25[5]" is virtual output pin File: C:/Users/sony/Desktop/UOB/Semester 7 (Spring 24-25)/CPEN313 (Computer Embedded Systems)/Project/BitonicSorter.sv Line: 9
    Info (15719): Pin "y25[6]" is virtual output pin File: C:/Users/sony/Desktop/UOB/Semester 7 (Spring 24-25)/CPEN313 (Computer Embedded Systems)/Project/BitonicSorter.sv Line: 9
    Info (15719): Pin "y25[7]" is virtual output pin File: C:/Users/sony/Desktop/UOB/Semester 7 (Spring 24-25)/CPEN313 (Computer Embedded Systems)/Project/BitonicSorter.sv Line: 9
    Info (15719): Pin "y25[8]" is virtual output pin File: C:/Users/sony/Desktop/UOB/Semester 7 (Spring 24-25)/CPEN313 (Computer Embedded Systems)/Project/BitonicSorter.sv Line: 9
    Info (15719): Pin "y25[9]" is virtual output pin File: C:/Users/sony/Desktop/UOB/Semester 7 (Spring 24-25)/CPEN313 (Computer Embedded Systems)/Project/BitonicSorter.sv Line: 9
    Info (15719): Pin "y25[10]" is virtual output pin File: C:/Users/sony/Desktop/UOB/Semester 7 (Spring 24-25)/CPEN313 (Computer Embedded Systems)/Project/BitonicSorter.sv Line: 9
    Info (15719): Pin "y25[11]" is virtual output pin File: C:/Users/sony/Desktop/UOB/Semester 7 (Spring 24-25)/CPEN313 (Computer Embedded Systems)/Project/BitonicSorter.sv Line: 9
    Info (15719): Pin "y25[12]" is virtual output pin File: C:/Users/sony/Desktop/UOB/Semester 7 (Spring 24-25)/CPEN313 (Computer Embedded Systems)/Project/BitonicSorter.sv Line: 9
    Info (15719): Pin "y25[13]" is virtual output pin File: C:/Users/sony/Desktop/UOB/Semester 7 (Spring 24-25)/CPEN313 (Computer Embedded Systems)/Project/BitonicSorter.sv Line: 9
    Info (15719): Pin "y25[14]" is virtual output pin File: C:/Users/sony/Desktop/UOB/Semester 7 (Spring 24-25)/CPEN313 (Computer Embedded Systems)/Project/BitonicSorter.sv Line: 9
    Info (15719): Pin "y25[15]" is virtual output pin File: C:/Users/sony/Desktop/UOB/Semester 7 (Spring 24-25)/CPEN313 (Computer Embedded Systems)/Project/BitonicSorter.sv Line: 9
    Info (15719): Pin "y26[0]" is virtual output pin File: C:/Users/sony/Desktop/UOB/Semester 7 (Spring 24-25)/CPEN313 (Computer Embedded Systems)/Project/BitonicSorter.sv Line: 9
    Info (15719): Pin "y26[1]" is virtual output pin File: C:/Users/sony/Desktop/UOB/Semester 7 (Spring 24-25)/CPEN313 (Computer Embedded Systems)/Project/BitonicSorter.sv Line: 9
    Info (15719): Pin "y26[2]" is virtual output pin File: C:/Users/sony/Desktop/UOB/Semester 7 (Spring 24-25)/CPEN313 (Computer Embedded Systems)/Project/BitonicSorter.sv Line: 9
    Info (15719): Pin "y26[3]" is virtual output pin File: C:/Users/sony/Desktop/UOB/Semester 7 (Spring 24-25)/CPEN313 (Computer Embedded Systems)/Project/BitonicSorter.sv Line: 9
    Info (15719): Pin "y26[4]" is virtual output pin File: C:/Users/sony/Desktop/UOB/Semester 7 (Spring 24-25)/CPEN313 (Computer Embedded Systems)/Project/BitonicSorter.sv Line: 9
    Info (15719): Pin "y26[5]" is virtual output pin File: C:/Users/sony/Desktop/UOB/Semester 7 (Spring 24-25)/CPEN313 (Computer Embedded Systems)/Project/BitonicSorter.sv Line: 9
    Info (15719): Pin "y26[6]" is virtual output pin File: C:/Users/sony/Desktop/UOB/Semester 7 (Spring 24-25)/CPEN313 (Computer Embedded Systems)/Project/BitonicSorter.sv Line: 9
    Info (15719): Pin "y26[7]" is virtual output pin File: C:/Users/sony/Desktop/UOB/Semester 7 (Spring 24-25)/CPEN313 (Computer Embedded Systems)/Project/BitonicSorter.sv Line: 9
    Info (15719): Pin "y26[8]" is virtual output pin File: C:/Users/sony/Desktop/UOB/Semester 7 (Spring 24-25)/CPEN313 (Computer Embedded Systems)/Project/BitonicSorter.sv Line: 9
    Info (15719): Pin "y26[9]" is virtual output pin File: C:/Users/sony/Desktop/UOB/Semester 7 (Spring 24-25)/CPEN313 (Computer Embedded Systems)/Project/BitonicSorter.sv Line: 9
    Info (15719): Pin "y26[10]" is virtual output pin File: C:/Users/sony/Desktop/UOB/Semester 7 (Spring 24-25)/CPEN313 (Computer Embedded Systems)/Project/BitonicSorter.sv Line: 9
    Info (15719): Pin "y26[11]" is virtual output pin File: C:/Users/sony/Desktop/UOB/Semester 7 (Spring 24-25)/CPEN313 (Computer Embedded Systems)/Project/BitonicSorter.sv Line: 9
    Info (15719): Pin "y26[12]" is virtual output pin File: C:/Users/sony/Desktop/UOB/Semester 7 (Spring 24-25)/CPEN313 (Computer Embedded Systems)/Project/BitonicSorter.sv Line: 9
    Info (15719): Pin "y26[13]" is virtual output pin File: C:/Users/sony/Desktop/UOB/Semester 7 (Spring 24-25)/CPEN313 (Computer Embedded Systems)/Project/BitonicSorter.sv Line: 9
    Info (15719): Pin "y26[14]" is virtual output pin File: C:/Users/sony/Desktop/UOB/Semester 7 (Spring 24-25)/CPEN313 (Computer Embedded Systems)/Project/BitonicSorter.sv Line: 9
    Info (15719): Pin "y26[15]" is virtual output pin File: C:/Users/sony/Desktop/UOB/Semester 7 (Spring 24-25)/CPEN313 (Computer Embedded Systems)/Project/BitonicSorter.sv Line: 9
    Info (15719): Pin "y27[0]" is virtual output pin File: C:/Users/sony/Desktop/UOB/Semester 7 (Spring 24-25)/CPEN313 (Computer Embedded Systems)/Project/BitonicSorter.sv Line: 9
    Info (15719): Pin "y27[1]" is virtual output pin File: C:/Users/sony/Desktop/UOB/Semester 7 (Spring 24-25)/CPEN313 (Computer Embedded Systems)/Project/BitonicSorter.sv Line: 9
    Info (15719): Pin "y27[2]" is virtual output pin File: C:/Users/sony/Desktop/UOB/Semester 7 (Spring 24-25)/CPEN313 (Computer Embedded Systems)/Project/BitonicSorter.sv Line: 9
    Info (15719): Pin "y27[3]" is virtual output pin File: C:/Users/sony/Desktop/UOB/Semester 7 (Spring 24-25)/CPEN313 (Computer Embedded Systems)/Project/BitonicSorter.sv Line: 9
    Info (15719): Pin "y27[4]" is virtual output pin File: C:/Users/sony/Desktop/UOB/Semester 7 (Spring 24-25)/CPEN313 (Computer Embedded Systems)/Project/BitonicSorter.sv Line: 9
    Info (15719): Pin "y27[5]" is virtual output pin File: C:/Users/sony/Desktop/UOB/Semester 7 (Spring 24-25)/CPEN313 (Computer Embedded Systems)/Project/BitonicSorter.sv Line: 9
    Info (15719): Pin "y27[6]" is virtual output pin File: C:/Users/sony/Desktop/UOB/Semester 7 (Spring 24-25)/CPEN313 (Computer Embedded Systems)/Project/BitonicSorter.sv Line: 9
    Info (15719): Pin "y27[7]" is virtual output pin File: C:/Users/sony/Desktop/UOB/Semester 7 (Spring 24-25)/CPEN313 (Computer Embedded Systems)/Project/BitonicSorter.sv Line: 9
    Info (15719): Pin "y27[8]" is virtual output pin File: C:/Users/sony/Desktop/UOB/Semester 7 (Spring 24-25)/CPEN313 (Computer Embedded Systems)/Project/BitonicSorter.sv Line: 9
    Info (15719): Pin "y27[9]" is virtual output pin File: C:/Users/sony/Desktop/UOB/Semester 7 (Spring 24-25)/CPEN313 (Computer Embedded Systems)/Project/BitonicSorter.sv Line: 9
    Info (15719): Pin "y27[10]" is virtual output pin File: C:/Users/sony/Desktop/UOB/Semester 7 (Spring 24-25)/CPEN313 (Computer Embedded Systems)/Project/BitonicSorter.sv Line: 9
    Info (15719): Pin "y27[11]" is virtual output pin File: C:/Users/sony/Desktop/UOB/Semester 7 (Spring 24-25)/CPEN313 (Computer Embedded Systems)/Project/BitonicSorter.sv Line: 9
    Info (15719): Pin "y27[12]" is virtual output pin File: C:/Users/sony/Desktop/UOB/Semester 7 (Spring 24-25)/CPEN313 (Computer Embedded Systems)/Project/BitonicSorter.sv Line: 9
    Info (15719): Pin "y27[13]" is virtual output pin File: C:/Users/sony/Desktop/UOB/Semester 7 (Spring 24-25)/CPEN313 (Computer Embedded Systems)/Project/BitonicSorter.sv Line: 9
    Info (15719): Pin "y27[14]" is virtual output pin File: C:/Users/sony/Desktop/UOB/Semester 7 (Spring 24-25)/CPEN313 (Computer Embedded Systems)/Project/BitonicSorter.sv Line: 9
    Info (15719): Pin "y27[15]" is virtual output pin File: C:/Users/sony/Desktop/UOB/Semester 7 (Spring 24-25)/CPEN313 (Computer Embedded Systems)/Project/BitonicSorter.sv Line: 9
    Info (15719): Pin "y28[0]" is virtual output pin File: C:/Users/sony/Desktop/UOB/Semester 7 (Spring 24-25)/CPEN313 (Computer Embedded Systems)/Project/BitonicSorter.sv Line: 9
    Info (15719): Pin "y28[1]" is virtual output pin File: C:/Users/sony/Desktop/UOB/Semester 7 (Spring 24-25)/CPEN313 (Computer Embedded Systems)/Project/BitonicSorter.sv Line: 9
    Info (15719): Pin "y28[2]" is virtual output pin File: C:/Users/sony/Desktop/UOB/Semester 7 (Spring 24-25)/CPEN313 (Computer Embedded Systems)/Project/BitonicSorter.sv Line: 9
    Info (15719): Pin "y28[3]" is virtual output pin File: C:/Users/sony/Desktop/UOB/Semester 7 (Spring 24-25)/CPEN313 (Computer Embedded Systems)/Project/BitonicSorter.sv Line: 9
    Info (15719): Pin "y28[4]" is virtual output pin File: C:/Users/sony/Desktop/UOB/Semester 7 (Spring 24-25)/CPEN313 (Computer Embedded Systems)/Project/BitonicSorter.sv Line: 9
    Info (15719): Pin "y28[5]" is virtual output pin File: C:/Users/sony/Desktop/UOB/Semester 7 (Spring 24-25)/CPEN313 (Computer Embedded Systems)/Project/BitonicSorter.sv Line: 9
    Info (15719): Pin "y28[6]" is virtual output pin File: C:/Users/sony/Desktop/UOB/Semester 7 (Spring 24-25)/CPEN313 (Computer Embedded Systems)/Project/BitonicSorter.sv Line: 9
    Info (15719): Pin "y28[7]" is virtual output pin File: C:/Users/sony/Desktop/UOB/Semester 7 (Spring 24-25)/CPEN313 (Computer Embedded Systems)/Project/BitonicSorter.sv Line: 9
    Info (15719): Pin "y28[8]" is virtual output pin File: C:/Users/sony/Desktop/UOB/Semester 7 (Spring 24-25)/CPEN313 (Computer Embedded Systems)/Project/BitonicSorter.sv Line: 9
    Info (15719): Pin "y28[9]" is virtual output pin File: C:/Users/sony/Desktop/UOB/Semester 7 (Spring 24-25)/CPEN313 (Computer Embedded Systems)/Project/BitonicSorter.sv Line: 9
    Info (15719): Pin "y28[10]" is virtual output pin File: C:/Users/sony/Desktop/UOB/Semester 7 (Spring 24-25)/CPEN313 (Computer Embedded Systems)/Project/BitonicSorter.sv Line: 9
    Info (15719): Pin "y28[11]" is virtual output pin File: C:/Users/sony/Desktop/UOB/Semester 7 (Spring 24-25)/CPEN313 (Computer Embedded Systems)/Project/BitonicSorter.sv Line: 9
    Info (15719): Pin "y28[12]" is virtual output pin File: C:/Users/sony/Desktop/UOB/Semester 7 (Spring 24-25)/CPEN313 (Computer Embedded Systems)/Project/BitonicSorter.sv Line: 9
    Info (15719): Pin "y28[13]" is virtual output pin File: C:/Users/sony/Desktop/UOB/Semester 7 (Spring 24-25)/CPEN313 (Computer Embedded Systems)/Project/BitonicSorter.sv Line: 9
    Info (15719): Pin "y28[14]" is virtual output pin File: C:/Users/sony/Desktop/UOB/Semester 7 (Spring 24-25)/CPEN313 (Computer Embedded Systems)/Project/BitonicSorter.sv Line: 9
    Info (15719): Pin "y28[15]" is virtual output pin File: C:/Users/sony/Desktop/UOB/Semester 7 (Spring 24-25)/CPEN313 (Computer Embedded Systems)/Project/BitonicSorter.sv Line: 9
    Info (15719): Pin "y29[0]" is virtual output pin File: C:/Users/sony/Desktop/UOB/Semester 7 (Spring 24-25)/CPEN313 (Computer Embedded Systems)/Project/BitonicSorter.sv Line: 9
    Info (15719): Pin "y29[1]" is virtual output pin File: C:/Users/sony/Desktop/UOB/Semester 7 (Spring 24-25)/CPEN313 (Computer Embedded Systems)/Project/BitonicSorter.sv Line: 9
    Info (15719): Pin "y29[2]" is virtual output pin File: C:/Users/sony/Desktop/UOB/Semester 7 (Spring 24-25)/CPEN313 (Computer Embedded Systems)/Project/BitonicSorter.sv Line: 9
    Info (15719): Pin "y29[3]" is virtual output pin File: C:/Users/sony/Desktop/UOB/Semester 7 (Spring 24-25)/CPEN313 (Computer Embedded Systems)/Project/BitonicSorter.sv Line: 9
    Info (15719): Pin "y29[4]" is virtual output pin File: C:/Users/sony/Desktop/UOB/Semester 7 (Spring 24-25)/CPEN313 (Computer Embedded Systems)/Project/BitonicSorter.sv Line: 9
    Info (15719): Pin "y29[5]" is virtual output pin File: C:/Users/sony/Desktop/UOB/Semester 7 (Spring 24-25)/CPEN313 (Computer Embedded Systems)/Project/BitonicSorter.sv Line: 9
    Info (15719): Pin "y29[6]" is virtual output pin File: C:/Users/sony/Desktop/UOB/Semester 7 (Spring 24-25)/CPEN313 (Computer Embedded Systems)/Project/BitonicSorter.sv Line: 9
    Info (15719): Pin "y29[7]" is virtual output pin File: C:/Users/sony/Desktop/UOB/Semester 7 (Spring 24-25)/CPEN313 (Computer Embedded Systems)/Project/BitonicSorter.sv Line: 9
    Info (15719): Pin "y29[8]" is virtual output pin File: C:/Users/sony/Desktop/UOB/Semester 7 (Spring 24-25)/CPEN313 (Computer Embedded Systems)/Project/BitonicSorter.sv Line: 9
    Info (15719): Pin "y29[9]" is virtual output pin File: C:/Users/sony/Desktop/UOB/Semester 7 (Spring 24-25)/CPEN313 (Computer Embedded Systems)/Project/BitonicSorter.sv Line: 9
    Info (15719): Pin "y29[10]" is virtual output pin File: C:/Users/sony/Desktop/UOB/Semester 7 (Spring 24-25)/CPEN313 (Computer Embedded Systems)/Project/BitonicSorter.sv Line: 9
    Info (15719): Pin "y29[11]" is virtual output pin File: C:/Users/sony/Desktop/UOB/Semester 7 (Spring 24-25)/CPEN313 (Computer Embedded Systems)/Project/BitonicSorter.sv Line: 9
    Info (15719): Pin "y29[12]" is virtual output pin File: C:/Users/sony/Desktop/UOB/Semester 7 (Spring 24-25)/CPEN313 (Computer Embedded Systems)/Project/BitonicSorter.sv Line: 9
    Info (15719): Pin "y29[13]" is virtual output pin File: C:/Users/sony/Desktop/UOB/Semester 7 (Spring 24-25)/CPEN313 (Computer Embedded Systems)/Project/BitonicSorter.sv Line: 9
    Info (15719): Pin "y29[14]" is virtual output pin File: C:/Users/sony/Desktop/UOB/Semester 7 (Spring 24-25)/CPEN313 (Computer Embedded Systems)/Project/BitonicSorter.sv Line: 9
    Info (15719): Pin "y29[15]" is virtual output pin File: C:/Users/sony/Desktop/UOB/Semester 7 (Spring 24-25)/CPEN313 (Computer Embedded Systems)/Project/BitonicSorter.sv Line: 9
    Info (15719): Pin "y30[0]" is virtual output pin File: C:/Users/sony/Desktop/UOB/Semester 7 (Spring 24-25)/CPEN313 (Computer Embedded Systems)/Project/BitonicSorter.sv Line: 9
    Info (15719): Pin "y30[1]" is virtual output pin File: C:/Users/sony/Desktop/UOB/Semester 7 (Spring 24-25)/CPEN313 (Computer Embedded Systems)/Project/BitonicSorter.sv Line: 9
    Info (15719): Pin "y30[2]" is virtual output pin File: C:/Users/sony/Desktop/UOB/Semester 7 (Spring 24-25)/CPEN313 (Computer Embedded Systems)/Project/BitonicSorter.sv Line: 9
    Info (15719): Pin "y30[3]" is virtual output pin File: C:/Users/sony/Desktop/UOB/Semester 7 (Spring 24-25)/CPEN313 (Computer Embedded Systems)/Project/BitonicSorter.sv Line: 9
    Info (15719): Pin "y30[4]" is virtual output pin File: C:/Users/sony/Desktop/UOB/Semester 7 (Spring 24-25)/CPEN313 (Computer Embedded Systems)/Project/BitonicSorter.sv Line: 9
    Info (15719): Pin "y30[5]" is virtual output pin File: C:/Users/sony/Desktop/UOB/Semester 7 (Spring 24-25)/CPEN313 (Computer Embedded Systems)/Project/BitonicSorter.sv Line: 9
    Info (15719): Pin "y30[6]" is virtual output pin File: C:/Users/sony/Desktop/UOB/Semester 7 (Spring 24-25)/CPEN313 (Computer Embedded Systems)/Project/BitonicSorter.sv Line: 9
    Info (15719): Pin "y30[7]" is virtual output pin File: C:/Users/sony/Desktop/UOB/Semester 7 (Spring 24-25)/CPEN313 (Computer Embedded Systems)/Project/BitonicSorter.sv Line: 9
    Info (15719): Pin "y30[8]" is virtual output pin File: C:/Users/sony/Desktop/UOB/Semester 7 (Spring 24-25)/CPEN313 (Computer Embedded Systems)/Project/BitonicSorter.sv Line: 9
    Info (15719): Pin "y30[9]" is virtual output pin File: C:/Users/sony/Desktop/UOB/Semester 7 (Spring 24-25)/CPEN313 (Computer Embedded Systems)/Project/BitonicSorter.sv Line: 9
    Info (15719): Pin "y30[10]" is virtual output pin File: C:/Users/sony/Desktop/UOB/Semester 7 (Spring 24-25)/CPEN313 (Computer Embedded Systems)/Project/BitonicSorter.sv Line: 9
    Info (15719): Pin "y30[11]" is virtual output pin File: C:/Users/sony/Desktop/UOB/Semester 7 (Spring 24-25)/CPEN313 (Computer Embedded Systems)/Project/BitonicSorter.sv Line: 9
    Info (15719): Pin "y30[12]" is virtual output pin File: C:/Users/sony/Desktop/UOB/Semester 7 (Spring 24-25)/CPEN313 (Computer Embedded Systems)/Project/BitonicSorter.sv Line: 9
    Info (15719): Pin "y30[13]" is virtual output pin File: C:/Users/sony/Desktop/UOB/Semester 7 (Spring 24-25)/CPEN313 (Computer Embedded Systems)/Project/BitonicSorter.sv Line: 9
    Info (15719): Pin "y30[14]" is virtual output pin File: C:/Users/sony/Desktop/UOB/Semester 7 (Spring 24-25)/CPEN313 (Computer Embedded Systems)/Project/BitonicSorter.sv Line: 9
    Info (15719): Pin "y30[15]" is virtual output pin File: C:/Users/sony/Desktop/UOB/Semester 7 (Spring 24-25)/CPEN313 (Computer Embedded Systems)/Project/BitonicSorter.sv Line: 9
    Info (15719): Pin "y31[0]" is virtual output pin File: C:/Users/sony/Desktop/UOB/Semester 7 (Spring 24-25)/CPEN313 (Computer Embedded Systems)/Project/BitonicSorter.sv Line: 9
    Info (15719): Pin "y31[1]" is virtual output pin File: C:/Users/sony/Desktop/UOB/Semester 7 (Spring 24-25)/CPEN313 (Computer Embedded Systems)/Project/BitonicSorter.sv Line: 9
    Info (15719): Pin "y31[2]" is virtual output pin File: C:/Users/sony/Desktop/UOB/Semester 7 (Spring 24-25)/CPEN313 (Computer Embedded Systems)/Project/BitonicSorter.sv Line: 9
    Info (15719): Pin "y31[3]" is virtual output pin File: C:/Users/sony/Desktop/UOB/Semester 7 (Spring 24-25)/CPEN313 (Computer Embedded Systems)/Project/BitonicSorter.sv Line: 9
    Info (15719): Pin "y31[4]" is virtual output pin File: C:/Users/sony/Desktop/UOB/Semester 7 (Spring 24-25)/CPEN313 (Computer Embedded Systems)/Project/BitonicSorter.sv Line: 9
    Info (15719): Pin "y31[5]" is virtual output pin File: C:/Users/sony/Desktop/UOB/Semester 7 (Spring 24-25)/CPEN313 (Computer Embedded Systems)/Project/BitonicSorter.sv Line: 9
    Info (15719): Pin "y31[6]" is virtual output pin File: C:/Users/sony/Desktop/UOB/Semester 7 (Spring 24-25)/CPEN313 (Computer Embedded Systems)/Project/BitonicSorter.sv Line: 9
    Info (15719): Pin "y31[7]" is virtual output pin File: C:/Users/sony/Desktop/UOB/Semester 7 (Spring 24-25)/CPEN313 (Computer Embedded Systems)/Project/BitonicSorter.sv Line: 9
    Info (15719): Pin "y31[8]" is virtual output pin File: C:/Users/sony/Desktop/UOB/Semester 7 (Spring 24-25)/CPEN313 (Computer Embedded Systems)/Project/BitonicSorter.sv Line: 9
    Info (15719): Pin "y31[9]" is virtual output pin File: C:/Users/sony/Desktop/UOB/Semester 7 (Spring 24-25)/CPEN313 (Computer Embedded Systems)/Project/BitonicSorter.sv Line: 9
    Info (15719): Pin "y31[10]" is virtual output pin File: C:/Users/sony/Desktop/UOB/Semester 7 (Spring 24-25)/CPEN313 (Computer Embedded Systems)/Project/BitonicSorter.sv Line: 9
    Info (15719): Pin "y31[11]" is virtual output pin File: C:/Users/sony/Desktop/UOB/Semester 7 (Spring 24-25)/CPEN313 (Computer Embedded Systems)/Project/BitonicSorter.sv Line: 9
    Info (15719): Pin "y31[12]" is virtual output pin File: C:/Users/sony/Desktop/UOB/Semester 7 (Spring 24-25)/CPEN313 (Computer Embedded Systems)/Project/BitonicSorter.sv Line: 9
    Info (15719): Pin "y31[13]" is virtual output pin File: C:/Users/sony/Desktop/UOB/Semester 7 (Spring 24-25)/CPEN313 (Computer Embedded Systems)/Project/BitonicSorter.sv Line: 9
    Info (15719): Pin "y31[14]" is virtual output pin File: C:/Users/sony/Desktop/UOB/Semester 7 (Spring 24-25)/CPEN313 (Computer Embedded Systems)/Project/BitonicSorter.sv Line: 9
    Info (15719): Pin "y31[15]" is virtual output pin File: C:/Users/sony/Desktop/UOB/Semester 7 (Spring 24-25)/CPEN313 (Computer Embedded Systems)/Project/BitonicSorter.sv Line: 9
    Info (15718): Pin "a0[0]" is virtual input pin File: C:/Users/sony/Desktop/UOB/Semester 7 (Spring 24-25)/CPEN313 (Computer Embedded Systems)/Project/BitonicSorter.sv Line: 1
    Info (15718): Pin "a0[1]" is virtual input pin File: C:/Users/sony/Desktop/UOB/Semester 7 (Spring 24-25)/CPEN313 (Computer Embedded Systems)/Project/BitonicSorter.sv Line: 1
    Info (15718): Pin "a0[2]" is virtual input pin File: C:/Users/sony/Desktop/UOB/Semester 7 (Spring 24-25)/CPEN313 (Computer Embedded Systems)/Project/BitonicSorter.sv Line: 1
    Info (15718): Pin "a0[3]" is virtual input pin File: C:/Users/sony/Desktop/UOB/Semester 7 (Spring 24-25)/CPEN313 (Computer Embedded Systems)/Project/BitonicSorter.sv Line: 1
    Info (15718): Pin "a0[4]" is virtual input pin File: C:/Users/sony/Desktop/UOB/Semester 7 (Spring 24-25)/CPEN313 (Computer Embedded Systems)/Project/BitonicSorter.sv Line: 1
    Info (15718): Pin "a0[5]" is virtual input pin File: C:/Users/sony/Desktop/UOB/Semester 7 (Spring 24-25)/CPEN313 (Computer Embedded Systems)/Project/BitonicSorter.sv Line: 1
    Info (15718): Pin "a0[6]" is virtual input pin File: C:/Users/sony/Desktop/UOB/Semester 7 (Spring 24-25)/CPEN313 (Computer Embedded Systems)/Project/BitonicSorter.sv Line: 1
    Info (15718): Pin "a0[7]" is virtual input pin File: C:/Users/sony/Desktop/UOB/Semester 7 (Spring 24-25)/CPEN313 (Computer Embedded Systems)/Project/BitonicSorter.sv Line: 1
    Info (15718): Pin "a0[8]" is virtual input pin File: C:/Users/sony/Desktop/UOB/Semester 7 (Spring 24-25)/CPEN313 (Computer Embedded Systems)/Project/BitonicSorter.sv Line: 1
    Info (15718): Pin "a0[9]" is virtual input pin File: C:/Users/sony/Desktop/UOB/Semester 7 (Spring 24-25)/CPEN313 (Computer Embedded Systems)/Project/BitonicSorter.sv Line: 1
    Info (15718): Pin "a0[10]" is virtual input pin File: C:/Users/sony/Desktop/UOB/Semester 7 (Spring 24-25)/CPEN313 (Computer Embedded Systems)/Project/BitonicSorter.sv Line: 1
    Info (15718): Pin "a0[11]" is virtual input pin File: C:/Users/sony/Desktop/UOB/Semester 7 (Spring 24-25)/CPEN313 (Computer Embedded Systems)/Project/BitonicSorter.sv Line: 1
    Info (15718): Pin "a0[12]" is virtual input pin File: C:/Users/sony/Desktop/UOB/Semester 7 (Spring 24-25)/CPEN313 (Computer Embedded Systems)/Project/BitonicSorter.sv Line: 1
    Info (15718): Pin "a0[13]" is virtual input pin File: C:/Users/sony/Desktop/UOB/Semester 7 (Spring 24-25)/CPEN313 (Computer Embedded Systems)/Project/BitonicSorter.sv Line: 1
    Info (15718): Pin "a0[14]" is virtual input pin File: C:/Users/sony/Desktop/UOB/Semester 7 (Spring 24-25)/CPEN313 (Computer Embedded Systems)/Project/BitonicSorter.sv Line: 1
    Info (15718): Pin "a0[15]" is virtual input pin File: C:/Users/sony/Desktop/UOB/Semester 7 (Spring 24-25)/CPEN313 (Computer Embedded Systems)/Project/BitonicSorter.sv Line: 1
    Info (15718): Pin "a1[0]" is virtual input pin File: C:/Users/sony/Desktop/UOB/Semester 7 (Spring 24-25)/CPEN313 (Computer Embedded Systems)/Project/BitonicSorter.sv Line: 1
    Info (15718): Pin "a1[1]" is virtual input pin File: C:/Users/sony/Desktop/UOB/Semester 7 (Spring 24-25)/CPEN313 (Computer Embedded Systems)/Project/BitonicSorter.sv Line: 1
    Info (15718): Pin "a1[2]" is virtual input pin File: C:/Users/sony/Desktop/UOB/Semester 7 (Spring 24-25)/CPEN313 (Computer Embedded Systems)/Project/BitonicSorter.sv Line: 1
    Info (15718): Pin "a1[3]" is virtual input pin File: C:/Users/sony/Desktop/UOB/Semester 7 (Spring 24-25)/CPEN313 (Computer Embedded Systems)/Project/BitonicSorter.sv Line: 1
    Info (15718): Pin "a1[4]" is virtual input pin File: C:/Users/sony/Desktop/UOB/Semester 7 (Spring 24-25)/CPEN313 (Computer Embedded Systems)/Project/BitonicSorter.sv Line: 1
    Info (15718): Pin "a1[5]" is virtual input pin File: C:/Users/sony/Desktop/UOB/Semester 7 (Spring 24-25)/CPEN313 (Computer Embedded Systems)/Project/BitonicSorter.sv Line: 1
    Info (15718): Pin "a1[6]" is virtual input pin File: C:/Users/sony/Desktop/UOB/Semester 7 (Spring 24-25)/CPEN313 (Computer Embedded Systems)/Project/BitonicSorter.sv Line: 1
    Info (15718): Pin "a1[7]" is virtual input pin File: C:/Users/sony/Desktop/UOB/Semester 7 (Spring 24-25)/CPEN313 (Computer Embedded Systems)/Project/BitonicSorter.sv Line: 1
    Info (15718): Pin "a1[8]" is virtual input pin File: C:/Users/sony/Desktop/UOB/Semester 7 (Spring 24-25)/CPEN313 (Computer Embedded Systems)/Project/BitonicSorter.sv Line: 1
    Info (15718): Pin "a1[9]" is virtual input pin File: C:/Users/sony/Desktop/UOB/Semester 7 (Spring 24-25)/CPEN313 (Computer Embedded Systems)/Project/BitonicSorter.sv Line: 1
    Info (15718): Pin "a1[10]" is virtual input pin File: C:/Users/sony/Desktop/UOB/Semester 7 (Spring 24-25)/CPEN313 (Computer Embedded Systems)/Project/BitonicSorter.sv Line: 1
    Info (15718): Pin "a1[11]" is virtual input pin File: C:/Users/sony/Desktop/UOB/Semester 7 (Spring 24-25)/CPEN313 (Computer Embedded Systems)/Project/BitonicSorter.sv Line: 1
    Info (15718): Pin "a1[12]" is virtual input pin File: C:/Users/sony/Desktop/UOB/Semester 7 (Spring 24-25)/CPEN313 (Computer Embedded Systems)/Project/BitonicSorter.sv Line: 1
    Info (15718): Pin "a1[13]" is virtual input pin File: C:/Users/sony/Desktop/UOB/Semester 7 (Spring 24-25)/CPEN313 (Computer Embedded Systems)/Project/BitonicSorter.sv Line: 1
    Info (15718): Pin "a1[14]" is virtual input pin File: C:/Users/sony/Desktop/UOB/Semester 7 (Spring 24-25)/CPEN313 (Computer Embedded Systems)/Project/BitonicSorter.sv Line: 1
    Info (15718): Pin "a1[15]" is virtual input pin File: C:/Users/sony/Desktop/UOB/Semester 7 (Spring 24-25)/CPEN313 (Computer Embedded Systems)/Project/BitonicSorter.sv Line: 1
    Info (15718): Pin "a2[0]" is virtual input pin File: C:/Users/sony/Desktop/UOB/Semester 7 (Spring 24-25)/CPEN313 (Computer Embedded Systems)/Project/BitonicSorter.sv Line: 1
    Info (15718): Pin "a2[1]" is virtual input pin File: C:/Users/sony/Desktop/UOB/Semester 7 (Spring 24-25)/CPEN313 (Computer Embedded Systems)/Project/BitonicSorter.sv Line: 1
    Info (15718): Pin "a2[2]" is virtual input pin File: C:/Users/sony/Desktop/UOB/Semester 7 (Spring 24-25)/CPEN313 (Computer Embedded Systems)/Project/BitonicSorter.sv Line: 1
    Info (15718): Pin "a2[3]" is virtual input pin File: C:/Users/sony/Desktop/UOB/Semester 7 (Spring 24-25)/CPEN313 (Computer Embedded Systems)/Project/BitonicSorter.sv Line: 1
    Info (15718): Pin "a2[4]" is virtual input pin File: C:/Users/sony/Desktop/UOB/Semester 7 (Spring 24-25)/CPEN313 (Computer Embedded Systems)/Project/BitonicSorter.sv Line: 1
    Info (15718): Pin "a2[5]" is virtual input pin File: C:/Users/sony/Desktop/UOB/Semester 7 (Spring 24-25)/CPEN313 (Computer Embedded Systems)/Project/BitonicSorter.sv Line: 1
    Info (15718): Pin "a2[6]" is virtual input pin File: C:/Users/sony/Desktop/UOB/Semester 7 (Spring 24-25)/CPEN313 (Computer Embedded Systems)/Project/BitonicSorter.sv Line: 1
    Info (15718): Pin "a2[7]" is virtual input pin File: C:/Users/sony/Desktop/UOB/Semester 7 (Spring 24-25)/CPEN313 (Computer Embedded Systems)/Project/BitonicSorter.sv Line: 1
    Info (15718): Pin "a2[8]" is virtual input pin File: C:/Users/sony/Desktop/UOB/Semester 7 (Spring 24-25)/CPEN313 (Computer Embedded Systems)/Project/BitonicSorter.sv Line: 1
    Info (15718): Pin "a2[9]" is virtual input pin File: C:/Users/sony/Desktop/UOB/Semester 7 (Spring 24-25)/CPEN313 (Computer Embedded Systems)/Project/BitonicSorter.sv Line: 1
    Info (15718): Pin "a2[10]" is virtual input pin File: C:/Users/sony/Desktop/UOB/Semester 7 (Spring 24-25)/CPEN313 (Computer Embedded Systems)/Project/BitonicSorter.sv Line: 1
    Info (15718): Pin "a2[11]" is virtual input pin File: C:/Users/sony/Desktop/UOB/Semester 7 (Spring 24-25)/CPEN313 (Computer Embedded Systems)/Project/BitonicSorter.sv Line: 1
    Info (15718): Pin "a2[12]" is virtual input pin File: C:/Users/sony/Desktop/UOB/Semester 7 (Spring 24-25)/CPEN313 (Computer Embedded Systems)/Project/BitonicSorter.sv Line: 1
    Info (15718): Pin "a2[13]" is virtual input pin File: C:/Users/sony/Desktop/UOB/Semester 7 (Spring 24-25)/CPEN313 (Computer Embedded Systems)/Project/BitonicSorter.sv Line: 1
    Info (15718): Pin "a2[14]" is virtual input pin File: C:/Users/sony/Desktop/UOB/Semester 7 (Spring 24-25)/CPEN313 (Computer Embedded Systems)/Project/BitonicSorter.sv Line: 1
    Info (15718): Pin "a2[15]" is virtual input pin File: C:/Users/sony/Desktop/UOB/Semester 7 (Spring 24-25)/CPEN313 (Computer Embedded Systems)/Project/BitonicSorter.sv Line: 1
    Info (15718): Pin "a3[0]" is virtual input pin File: C:/Users/sony/Desktop/UOB/Semester 7 (Spring 24-25)/CPEN313 (Computer Embedded Systems)/Project/BitonicSorter.sv Line: 1
    Info (15718): Pin "a3[1]" is virtual input pin File: C:/Users/sony/Desktop/UOB/Semester 7 (Spring 24-25)/CPEN313 (Computer Embedded Systems)/Project/BitonicSorter.sv Line: 1
    Info (15718): Pin "a3[2]" is virtual input pin File: C:/Users/sony/Desktop/UOB/Semester 7 (Spring 24-25)/CPEN313 (Computer Embedded Systems)/Project/BitonicSorter.sv Line: 1
    Info (15718): Pin "a3[3]" is virtual input pin File: C:/Users/sony/Desktop/UOB/Semester 7 (Spring 24-25)/CPEN313 (Computer Embedded Systems)/Project/BitonicSorter.sv Line: 1
    Info (15718): Pin "a3[4]" is virtual input pin File: C:/Users/sony/Desktop/UOB/Semester 7 (Spring 24-25)/CPEN313 (Computer Embedded Systems)/Project/BitonicSorter.sv Line: 1
    Info (15718): Pin "a3[5]" is virtual input pin File: C:/Users/sony/Desktop/UOB/Semester 7 (Spring 24-25)/CPEN313 (Computer Embedded Systems)/Project/BitonicSorter.sv Line: 1
    Info (15718): Pin "a3[6]" is virtual input pin File: C:/Users/sony/Desktop/UOB/Semester 7 (Spring 24-25)/CPEN313 (Computer Embedded Systems)/Project/BitonicSorter.sv Line: 1
    Info (15718): Pin "a3[7]" is virtual input pin File: C:/Users/sony/Desktop/UOB/Semester 7 (Spring 24-25)/CPEN313 (Computer Embedded Systems)/Project/BitonicSorter.sv Line: 1
    Info (15718): Pin "a3[8]" is virtual input pin File: C:/Users/sony/Desktop/UOB/Semester 7 (Spring 24-25)/CPEN313 (Computer Embedded Systems)/Project/BitonicSorter.sv Line: 1
    Info (15718): Pin "a3[9]" is virtual input pin File: C:/Users/sony/Desktop/UOB/Semester 7 (Spring 24-25)/CPEN313 (Computer Embedded Systems)/Project/BitonicSorter.sv Line: 1
    Info (15718): Pin "a3[10]" is virtual input pin File: C:/Users/sony/Desktop/UOB/Semester 7 (Spring 24-25)/CPEN313 (Computer Embedded Systems)/Project/BitonicSorter.sv Line: 1
    Info (15718): Pin "a3[11]" is virtual input pin File: C:/Users/sony/Desktop/UOB/Semester 7 (Spring 24-25)/CPEN313 (Computer Embedded Systems)/Project/BitonicSorter.sv Line: 1
    Info (15718): Pin "a3[12]" is virtual input pin File: C:/Users/sony/Desktop/UOB/Semester 7 (Spring 24-25)/CPEN313 (Computer Embedded Systems)/Project/BitonicSorter.sv Line: 1
    Info (15718): Pin "a3[13]" is virtual input pin File: C:/Users/sony/Desktop/UOB/Semester 7 (Spring 24-25)/CPEN313 (Computer Embedded Systems)/Project/BitonicSorter.sv Line: 1
    Info (15718): Pin "a3[14]" is virtual input pin File: C:/Users/sony/Desktop/UOB/Semester 7 (Spring 24-25)/CPEN313 (Computer Embedded Systems)/Project/BitonicSorter.sv Line: 1
    Info (15718): Pin "a3[15]" is virtual input pin File: C:/Users/sony/Desktop/UOB/Semester 7 (Spring 24-25)/CPEN313 (Computer Embedded Systems)/Project/BitonicSorter.sv Line: 1
    Info (15718): Pin "a4[0]" is virtual input pin File: C:/Users/sony/Desktop/UOB/Semester 7 (Spring 24-25)/CPEN313 (Computer Embedded Systems)/Project/BitonicSorter.sv Line: 1
    Info (15718): Pin "a4[1]" is virtual input pin File: C:/Users/sony/Desktop/UOB/Semester 7 (Spring 24-25)/CPEN313 (Computer Embedded Systems)/Project/BitonicSorter.sv Line: 1
    Info (15718): Pin "a4[2]" is virtual input pin File: C:/Users/sony/Desktop/UOB/Semester 7 (Spring 24-25)/CPEN313 (Computer Embedded Systems)/Project/BitonicSorter.sv Line: 1
    Info (15718): Pin "a4[3]" is virtual input pin File: C:/Users/sony/Desktop/UOB/Semester 7 (Spring 24-25)/CPEN313 (Computer Embedded Systems)/Project/BitonicSorter.sv Line: 1
    Info (15718): Pin "a4[4]" is virtual input pin File: C:/Users/sony/Desktop/UOB/Semester 7 (Spring 24-25)/CPEN313 (Computer Embedded Systems)/Project/BitonicSorter.sv Line: 1
    Info (15718): Pin "a4[5]" is virtual input pin File: C:/Users/sony/Desktop/UOB/Semester 7 (Spring 24-25)/CPEN313 (Computer Embedded Systems)/Project/BitonicSorter.sv Line: 1
    Info (15718): Pin "a4[6]" is virtual input pin File: C:/Users/sony/Desktop/UOB/Semester 7 (Spring 24-25)/CPEN313 (Computer Embedded Systems)/Project/BitonicSorter.sv Line: 1
    Info (15718): Pin "a4[7]" is virtual input pin File: C:/Users/sony/Desktop/UOB/Semester 7 (Spring 24-25)/CPEN313 (Computer Embedded Systems)/Project/BitonicSorter.sv Line: 1
    Info (15718): Pin "a4[8]" is virtual input pin File: C:/Users/sony/Desktop/UOB/Semester 7 (Spring 24-25)/CPEN313 (Computer Embedded Systems)/Project/BitonicSorter.sv Line: 1
    Info (15718): Pin "a4[9]" is virtual input pin File: C:/Users/sony/Desktop/UOB/Semester 7 (Spring 24-25)/CPEN313 (Computer Embedded Systems)/Project/BitonicSorter.sv Line: 1
    Info (15718): Pin "a4[10]" is virtual input pin File: C:/Users/sony/Desktop/UOB/Semester 7 (Spring 24-25)/CPEN313 (Computer Embedded Systems)/Project/BitonicSorter.sv Line: 1
    Info (15718): Pin "a4[11]" is virtual input pin File: C:/Users/sony/Desktop/UOB/Semester 7 (Spring 24-25)/CPEN313 (Computer Embedded Systems)/Project/BitonicSorter.sv Line: 1
    Info (15718): Pin "a4[12]" is virtual input pin File: C:/Users/sony/Desktop/UOB/Semester 7 (Spring 24-25)/CPEN313 (Computer Embedded Systems)/Project/BitonicSorter.sv Line: 1
    Info (15718): Pin "a4[13]" is virtual input pin File: C:/Users/sony/Desktop/UOB/Semester 7 (Spring 24-25)/CPEN313 (Computer Embedded Systems)/Project/BitonicSorter.sv Line: 1
    Info (15718): Pin "a4[14]" is virtual input pin File: C:/Users/sony/Desktop/UOB/Semester 7 (Spring 24-25)/CPEN313 (Computer Embedded Systems)/Project/BitonicSorter.sv Line: 1
    Info (15718): Pin "a4[15]" is virtual input pin File: C:/Users/sony/Desktop/UOB/Semester 7 (Spring 24-25)/CPEN313 (Computer Embedded Systems)/Project/BitonicSorter.sv Line: 1
    Info (15718): Pin "a5[0]" is virtual input pin File: C:/Users/sony/Desktop/UOB/Semester 7 (Spring 24-25)/CPEN313 (Computer Embedded Systems)/Project/BitonicSorter.sv Line: 1
    Info (15718): Pin "a5[1]" is virtual input pin File: C:/Users/sony/Desktop/UOB/Semester 7 (Spring 24-25)/CPEN313 (Computer Embedded Systems)/Project/BitonicSorter.sv Line: 1
    Info (15718): Pin "a5[2]" is virtual input pin File: C:/Users/sony/Desktop/UOB/Semester 7 (Spring 24-25)/CPEN313 (Computer Embedded Systems)/Project/BitonicSorter.sv Line: 1
    Info (15718): Pin "a5[3]" is virtual input pin File: C:/Users/sony/Desktop/UOB/Semester 7 (Spring 24-25)/CPEN313 (Computer Embedded Systems)/Project/BitonicSorter.sv Line: 1
    Info (15718): Pin "a5[4]" is virtual input pin File: C:/Users/sony/Desktop/UOB/Semester 7 (Spring 24-25)/CPEN313 (Computer Embedded Systems)/Project/BitonicSorter.sv Line: 1
    Info (15718): Pin "a5[5]" is virtual input pin File: C:/Users/sony/Desktop/UOB/Semester 7 (Spring 24-25)/CPEN313 (Computer Embedded Systems)/Project/BitonicSorter.sv Line: 1
    Info (15718): Pin "a5[6]" is virtual input pin File: C:/Users/sony/Desktop/UOB/Semester 7 (Spring 24-25)/CPEN313 (Computer Embedded Systems)/Project/BitonicSorter.sv Line: 1
    Info (15718): Pin "a5[7]" is virtual input pin File: C:/Users/sony/Desktop/UOB/Semester 7 (Spring 24-25)/CPEN313 (Computer Embedded Systems)/Project/BitonicSorter.sv Line: 1
    Info (15718): Pin "a5[8]" is virtual input pin File: C:/Users/sony/Desktop/UOB/Semester 7 (Spring 24-25)/CPEN313 (Computer Embedded Systems)/Project/BitonicSorter.sv Line: 1
    Info (15718): Pin "a5[9]" is virtual input pin File: C:/Users/sony/Desktop/UOB/Semester 7 (Spring 24-25)/CPEN313 (Computer Embedded Systems)/Project/BitonicSorter.sv Line: 1
    Info (15718): Pin "a5[10]" is virtual input pin File: C:/Users/sony/Desktop/UOB/Semester 7 (Spring 24-25)/CPEN313 (Computer Embedded Systems)/Project/BitonicSorter.sv Line: 1
    Info (15718): Pin "a5[11]" is virtual input pin File: C:/Users/sony/Desktop/UOB/Semester 7 (Spring 24-25)/CPEN313 (Computer Embedded Systems)/Project/BitonicSorter.sv Line: 1
    Info (15718): Pin "a5[12]" is virtual input pin File: C:/Users/sony/Desktop/UOB/Semester 7 (Spring 24-25)/CPEN313 (Computer Embedded Systems)/Project/BitonicSorter.sv Line: 1
    Info (15718): Pin "a5[13]" is virtual input pin File: C:/Users/sony/Desktop/UOB/Semester 7 (Spring 24-25)/CPEN313 (Computer Embedded Systems)/Project/BitonicSorter.sv Line: 1
    Info (15718): Pin "a5[14]" is virtual input pin File: C:/Users/sony/Desktop/UOB/Semester 7 (Spring 24-25)/CPEN313 (Computer Embedded Systems)/Project/BitonicSorter.sv Line: 1
    Info (15718): Pin "a5[15]" is virtual input pin File: C:/Users/sony/Desktop/UOB/Semester 7 (Spring 24-25)/CPEN313 (Computer Embedded Systems)/Project/BitonicSorter.sv Line: 1
    Info (15718): Pin "a6[0]" is virtual input pin File: C:/Users/sony/Desktop/UOB/Semester 7 (Spring 24-25)/CPEN313 (Computer Embedded Systems)/Project/BitonicSorter.sv Line: 1
    Info (15718): Pin "a6[1]" is virtual input pin File: C:/Users/sony/Desktop/UOB/Semester 7 (Spring 24-25)/CPEN313 (Computer Embedded Systems)/Project/BitonicSorter.sv Line: 1
    Info (15718): Pin "a6[2]" is virtual input pin File: C:/Users/sony/Desktop/UOB/Semester 7 (Spring 24-25)/CPEN313 (Computer Embedded Systems)/Project/BitonicSorter.sv Line: 1
    Info (15718): Pin "a6[3]" is virtual input pin File: C:/Users/sony/Desktop/UOB/Semester 7 (Spring 24-25)/CPEN313 (Computer Embedded Systems)/Project/BitonicSorter.sv Line: 1
    Info (15718): Pin "a6[4]" is virtual input pin File: C:/Users/sony/Desktop/UOB/Semester 7 (Spring 24-25)/CPEN313 (Computer Embedded Systems)/Project/BitonicSorter.sv Line: 1
    Info (15718): Pin "a6[5]" is virtual input pin File: C:/Users/sony/Desktop/UOB/Semester 7 (Spring 24-25)/CPEN313 (Computer Embedded Systems)/Project/BitonicSorter.sv Line: 1
    Info (15718): Pin "a6[6]" is virtual input pin File: C:/Users/sony/Desktop/UOB/Semester 7 (Spring 24-25)/CPEN313 (Computer Embedded Systems)/Project/BitonicSorter.sv Line: 1
    Info (15718): Pin "a6[7]" is virtual input pin File: C:/Users/sony/Desktop/UOB/Semester 7 (Spring 24-25)/CPEN313 (Computer Embedded Systems)/Project/BitonicSorter.sv Line: 1
    Info (15718): Pin "a6[8]" is virtual input pin File: C:/Users/sony/Desktop/UOB/Semester 7 (Spring 24-25)/CPEN313 (Computer Embedded Systems)/Project/BitonicSorter.sv Line: 1
    Info (15718): Pin "a6[9]" is virtual input pin File: C:/Users/sony/Desktop/UOB/Semester 7 (Spring 24-25)/CPEN313 (Computer Embedded Systems)/Project/BitonicSorter.sv Line: 1
    Info (15718): Pin "a6[10]" is virtual input pin File: C:/Users/sony/Desktop/UOB/Semester 7 (Spring 24-25)/CPEN313 (Computer Embedded Systems)/Project/BitonicSorter.sv Line: 1
    Info (15718): Pin "a6[11]" is virtual input pin File: C:/Users/sony/Desktop/UOB/Semester 7 (Spring 24-25)/CPEN313 (Computer Embedded Systems)/Project/BitonicSorter.sv Line: 1
    Info (15718): Pin "a6[12]" is virtual input pin File: C:/Users/sony/Desktop/UOB/Semester 7 (Spring 24-25)/CPEN313 (Computer Embedded Systems)/Project/BitonicSorter.sv Line: 1
    Info (15718): Pin "a6[13]" is virtual input pin File: C:/Users/sony/Desktop/UOB/Semester 7 (Spring 24-25)/CPEN313 (Computer Embedded Systems)/Project/BitonicSorter.sv Line: 1
    Info (15718): Pin "a6[14]" is virtual input pin File: C:/Users/sony/Desktop/UOB/Semester 7 (Spring 24-25)/CPEN313 (Computer Embedded Systems)/Project/BitonicSorter.sv Line: 1
    Info (15718): Pin "a6[15]" is virtual input pin File: C:/Users/sony/Desktop/UOB/Semester 7 (Spring 24-25)/CPEN313 (Computer Embedded Systems)/Project/BitonicSorter.sv Line: 1
    Info (15718): Pin "a7[0]" is virtual input pin File: C:/Users/sony/Desktop/UOB/Semester 7 (Spring 24-25)/CPEN313 (Computer Embedded Systems)/Project/BitonicSorter.sv Line: 1
    Info (15718): Pin "a7[1]" is virtual input pin File: C:/Users/sony/Desktop/UOB/Semester 7 (Spring 24-25)/CPEN313 (Computer Embedded Systems)/Project/BitonicSorter.sv Line: 1
    Info (15718): Pin "a7[2]" is virtual input pin File: C:/Users/sony/Desktop/UOB/Semester 7 (Spring 24-25)/CPEN313 (Computer Embedded Systems)/Project/BitonicSorter.sv Line: 1
    Info (15718): Pin "a7[3]" is virtual input pin File: C:/Users/sony/Desktop/UOB/Semester 7 (Spring 24-25)/CPEN313 (Computer Embedded Systems)/Project/BitonicSorter.sv Line: 1
    Info (15718): Pin "a7[4]" is virtual input pin File: C:/Users/sony/Desktop/UOB/Semester 7 (Spring 24-25)/CPEN313 (Computer Embedded Systems)/Project/BitonicSorter.sv Line: 1
    Info (15718): Pin "a7[5]" is virtual input pin File: C:/Users/sony/Desktop/UOB/Semester 7 (Spring 24-25)/CPEN313 (Computer Embedded Systems)/Project/BitonicSorter.sv Line: 1
    Info (15718): Pin "a7[6]" is virtual input pin File: C:/Users/sony/Desktop/UOB/Semester 7 (Spring 24-25)/CPEN313 (Computer Embedded Systems)/Project/BitonicSorter.sv Line: 1
    Info (15718): Pin "a7[7]" is virtual input pin File: C:/Users/sony/Desktop/UOB/Semester 7 (Spring 24-25)/CPEN313 (Computer Embedded Systems)/Project/BitonicSorter.sv Line: 1
    Info (15718): Pin "a7[8]" is virtual input pin File: C:/Users/sony/Desktop/UOB/Semester 7 (Spring 24-25)/CPEN313 (Computer Embedded Systems)/Project/BitonicSorter.sv Line: 1
    Info (15718): Pin "a7[9]" is virtual input pin File: C:/Users/sony/Desktop/UOB/Semester 7 (Spring 24-25)/CPEN313 (Computer Embedded Systems)/Project/BitonicSorter.sv Line: 1
    Info (15718): Pin "a7[10]" is virtual input pin File: C:/Users/sony/Desktop/UOB/Semester 7 (Spring 24-25)/CPEN313 (Computer Embedded Systems)/Project/BitonicSorter.sv Line: 1
    Info (15718): Pin "a7[11]" is virtual input pin File: C:/Users/sony/Desktop/UOB/Semester 7 (Spring 24-25)/CPEN313 (Computer Embedded Systems)/Project/BitonicSorter.sv Line: 1
    Info (15718): Pin "a7[12]" is virtual input pin File: C:/Users/sony/Desktop/UOB/Semester 7 (Spring 24-25)/CPEN313 (Computer Embedded Systems)/Project/BitonicSorter.sv Line: 1
    Info (15718): Pin "a7[13]" is virtual input pin File: C:/Users/sony/Desktop/UOB/Semester 7 (Spring 24-25)/CPEN313 (Computer Embedded Systems)/Project/BitonicSorter.sv Line: 1
    Info (15718): Pin "a7[14]" is virtual input pin File: C:/Users/sony/Desktop/UOB/Semester 7 (Spring 24-25)/CPEN313 (Computer Embedded Systems)/Project/BitonicSorter.sv Line: 1
    Info (15718): Pin "a7[15]" is virtual input pin File: C:/Users/sony/Desktop/UOB/Semester 7 (Spring 24-25)/CPEN313 (Computer Embedded Systems)/Project/BitonicSorter.sv Line: 1
    Info (15718): Pin "a8[0]" is virtual input pin File: C:/Users/sony/Desktop/UOB/Semester 7 (Spring 24-25)/CPEN313 (Computer Embedded Systems)/Project/BitonicSorter.sv Line: 1
    Info (15718): Pin "a8[1]" is virtual input pin File: C:/Users/sony/Desktop/UOB/Semester 7 (Spring 24-25)/CPEN313 (Computer Embedded Systems)/Project/BitonicSorter.sv Line: 1
    Info (15718): Pin "a8[2]" is virtual input pin File: C:/Users/sony/Desktop/UOB/Semester 7 (Spring 24-25)/CPEN313 (Computer Embedded Systems)/Project/BitonicSorter.sv Line: 1
    Info (15718): Pin "a8[3]" is virtual input pin File: C:/Users/sony/Desktop/UOB/Semester 7 (Spring 24-25)/CPEN313 (Computer Embedded Systems)/Project/BitonicSorter.sv Line: 1
    Info (15718): Pin "a8[4]" is virtual input pin File: C:/Users/sony/Desktop/UOB/Semester 7 (Spring 24-25)/CPEN313 (Computer Embedded Systems)/Project/BitonicSorter.sv Line: 1
    Info (15718): Pin "a8[5]" is virtual input pin File: C:/Users/sony/Desktop/UOB/Semester 7 (Spring 24-25)/CPEN313 (Computer Embedded Systems)/Project/BitonicSorter.sv Line: 1
    Info (15718): Pin "a8[6]" is virtual input pin File: C:/Users/sony/Desktop/UOB/Semester 7 (Spring 24-25)/CPEN313 (Computer Embedded Systems)/Project/BitonicSorter.sv Line: 1
    Info (15718): Pin "a8[7]" is virtual input pin File: C:/Users/sony/Desktop/UOB/Semester 7 (Spring 24-25)/CPEN313 (Computer Embedded Systems)/Project/BitonicSorter.sv Line: 1
    Info (15718): Pin "a8[8]" is virtual input pin File: C:/Users/sony/Desktop/UOB/Semester 7 (Spring 24-25)/CPEN313 (Computer Embedded Systems)/Project/BitonicSorter.sv Line: 1
    Info (15718): Pin "a8[9]" is virtual input pin File: C:/Users/sony/Desktop/UOB/Semester 7 (Spring 24-25)/CPEN313 (Computer Embedded Systems)/Project/BitonicSorter.sv Line: 1
    Info (15718): Pin "a8[10]" is virtual input pin File: C:/Users/sony/Desktop/UOB/Semester 7 (Spring 24-25)/CPEN313 (Computer Embedded Systems)/Project/BitonicSorter.sv Line: 1
    Info (15718): Pin "a8[11]" is virtual input pin File: C:/Users/sony/Desktop/UOB/Semester 7 (Spring 24-25)/CPEN313 (Computer Embedded Systems)/Project/BitonicSorter.sv Line: 1
    Info (15718): Pin "a8[12]" is virtual input pin File: C:/Users/sony/Desktop/UOB/Semester 7 (Spring 24-25)/CPEN313 (Computer Embedded Systems)/Project/BitonicSorter.sv Line: 1
    Info (15718): Pin "a8[13]" is virtual input pin File: C:/Users/sony/Desktop/UOB/Semester 7 (Spring 24-25)/CPEN313 (Computer Embedded Systems)/Project/BitonicSorter.sv Line: 1
    Info (15718): Pin "a8[14]" is virtual input pin File: C:/Users/sony/Desktop/UOB/Semester 7 (Spring 24-25)/CPEN313 (Computer Embedded Systems)/Project/BitonicSorter.sv Line: 1
    Info (15718): Pin "a8[15]" is virtual input pin File: C:/Users/sony/Desktop/UOB/Semester 7 (Spring 24-25)/CPEN313 (Computer Embedded Systems)/Project/BitonicSorter.sv Line: 1
    Info (15718): Pin "a9[0]" is virtual input pin File: C:/Users/sony/Desktop/UOB/Semester 7 (Spring 24-25)/CPEN313 (Computer Embedded Systems)/Project/BitonicSorter.sv Line: 2
    Info (15718): Pin "a9[1]" is virtual input pin File: C:/Users/sony/Desktop/UOB/Semester 7 (Spring 24-25)/CPEN313 (Computer Embedded Systems)/Project/BitonicSorter.sv Line: 2
    Info (15718): Pin "a9[2]" is virtual input pin File: C:/Users/sony/Desktop/UOB/Semester 7 (Spring 24-25)/CPEN313 (Computer Embedded Systems)/Project/BitonicSorter.sv Line: 2
    Info (15718): Pin "a9[3]" is virtual input pin File: C:/Users/sony/Desktop/UOB/Semester 7 (Spring 24-25)/CPEN313 (Computer Embedded Systems)/Project/BitonicSorter.sv Line: 2
    Info (15718): Pin "a9[4]" is virtual input pin File: C:/Users/sony/Desktop/UOB/Semester 7 (Spring 24-25)/CPEN313 (Computer Embedded Systems)/Project/BitonicSorter.sv Line: 2
    Info (15718): Pin "a9[5]" is virtual input pin File: C:/Users/sony/Desktop/UOB/Semester 7 (Spring 24-25)/CPEN313 (Computer Embedded Systems)/Project/BitonicSorter.sv Line: 2
    Info (15718): Pin "a9[6]" is virtual input pin File: C:/Users/sony/Desktop/UOB/Semester 7 (Spring 24-25)/CPEN313 (Computer Embedded Systems)/Project/BitonicSorter.sv Line: 2
    Info (15718): Pin "a9[7]" is virtual input pin File: C:/Users/sony/Desktop/UOB/Semester 7 (Spring 24-25)/CPEN313 (Computer Embedded Systems)/Project/BitonicSorter.sv Line: 2
    Info (15718): Pin "a9[8]" is virtual input pin File: C:/Users/sony/Desktop/UOB/Semester 7 (Spring 24-25)/CPEN313 (Computer Embedded Systems)/Project/BitonicSorter.sv Line: 2
    Info (15718): Pin "a9[9]" is virtual input pin File: C:/Users/sony/Desktop/UOB/Semester 7 (Spring 24-25)/CPEN313 (Computer Embedded Systems)/Project/BitonicSorter.sv Line: 2
    Info (15718): Pin "a9[10]" is virtual input pin File: C:/Users/sony/Desktop/UOB/Semester 7 (Spring 24-25)/CPEN313 (Computer Embedded Systems)/Project/BitonicSorter.sv Line: 2
    Info (15718): Pin "a9[11]" is virtual input pin File: C:/Users/sony/Desktop/UOB/Semester 7 (Spring 24-25)/CPEN313 (Computer Embedded Systems)/Project/BitonicSorter.sv Line: 2
    Info (15718): Pin "a9[12]" is virtual input pin File: C:/Users/sony/Desktop/UOB/Semester 7 (Spring 24-25)/CPEN313 (Computer Embedded Systems)/Project/BitonicSorter.sv Line: 2
    Info (15718): Pin "a9[13]" is virtual input pin File: C:/Users/sony/Desktop/UOB/Semester 7 (Spring 24-25)/CPEN313 (Computer Embedded Systems)/Project/BitonicSorter.sv Line: 2
    Info (15718): Pin "a9[14]" is virtual input pin File: C:/Users/sony/Desktop/UOB/Semester 7 (Spring 24-25)/CPEN313 (Computer Embedded Systems)/Project/BitonicSorter.sv Line: 2
    Info (15718): Pin "a9[15]" is virtual input pin File: C:/Users/sony/Desktop/UOB/Semester 7 (Spring 24-25)/CPEN313 (Computer Embedded Systems)/Project/BitonicSorter.sv Line: 2
    Info (15718): Pin "a10[0]" is virtual input pin File: C:/Users/sony/Desktop/UOB/Semester 7 (Spring 24-25)/CPEN313 (Computer Embedded Systems)/Project/BitonicSorter.sv Line: 2
    Info (15718): Pin "a10[1]" is virtual input pin File: C:/Users/sony/Desktop/UOB/Semester 7 (Spring 24-25)/CPEN313 (Computer Embedded Systems)/Project/BitonicSorter.sv Line: 2
    Info (15718): Pin "a10[2]" is virtual input pin File: C:/Users/sony/Desktop/UOB/Semester 7 (Spring 24-25)/CPEN313 (Computer Embedded Systems)/Project/BitonicSorter.sv Line: 2
    Info (15718): Pin "a10[3]" is virtual input pin File: C:/Users/sony/Desktop/UOB/Semester 7 (Spring 24-25)/CPEN313 (Computer Embedded Systems)/Project/BitonicSorter.sv Line: 2
    Info (15718): Pin "a10[4]" is virtual input pin File: C:/Users/sony/Desktop/UOB/Semester 7 (Spring 24-25)/CPEN313 (Computer Embedded Systems)/Project/BitonicSorter.sv Line: 2
    Info (15718): Pin "a10[5]" is virtual input pin File: C:/Users/sony/Desktop/UOB/Semester 7 (Spring 24-25)/CPEN313 (Computer Embedded Systems)/Project/BitonicSorter.sv Line: 2
    Info (15718): Pin "a10[6]" is virtual input pin File: C:/Users/sony/Desktop/UOB/Semester 7 (Spring 24-25)/CPEN313 (Computer Embedded Systems)/Project/BitonicSorter.sv Line: 2
    Info (15718): Pin "a10[7]" is virtual input pin File: C:/Users/sony/Desktop/UOB/Semester 7 (Spring 24-25)/CPEN313 (Computer Embedded Systems)/Project/BitonicSorter.sv Line: 2
    Info (15718): Pin "a10[8]" is virtual input pin File: C:/Users/sony/Desktop/UOB/Semester 7 (Spring 24-25)/CPEN313 (Computer Embedded Systems)/Project/BitonicSorter.sv Line: 2
    Info (15718): Pin "a10[9]" is virtual input pin File: C:/Users/sony/Desktop/UOB/Semester 7 (Spring 24-25)/CPEN313 (Computer Embedded Systems)/Project/BitonicSorter.sv Line: 2
    Info (15718): Pin "a10[10]" is virtual input pin File: C:/Users/sony/Desktop/UOB/Semester 7 (Spring 24-25)/CPEN313 (Computer Embedded Systems)/Project/BitonicSorter.sv Line: 2
    Info (15718): Pin "a10[11]" is virtual input pin File: C:/Users/sony/Desktop/UOB/Semester 7 (Spring 24-25)/CPEN313 (Computer Embedded Systems)/Project/BitonicSorter.sv Line: 2
    Info (15718): Pin "a10[12]" is virtual input pin File: C:/Users/sony/Desktop/UOB/Semester 7 (Spring 24-25)/CPEN313 (Computer Embedded Systems)/Project/BitonicSorter.sv Line: 2
    Info (15718): Pin "a10[13]" is virtual input pin File: C:/Users/sony/Desktop/UOB/Semester 7 (Spring 24-25)/CPEN313 (Computer Embedded Systems)/Project/BitonicSorter.sv Line: 2
    Info (15718): Pin "a10[14]" is virtual input pin File: C:/Users/sony/Desktop/UOB/Semester 7 (Spring 24-25)/CPEN313 (Computer Embedded Systems)/Project/BitonicSorter.sv Line: 2
    Info (15718): Pin "a10[15]" is virtual input pin File: C:/Users/sony/Desktop/UOB/Semester 7 (Spring 24-25)/CPEN313 (Computer Embedded Systems)/Project/BitonicSorter.sv Line: 2
    Info (15718): Pin "a11[0]" is virtual input pin File: C:/Users/sony/Desktop/UOB/Semester 7 (Spring 24-25)/CPEN313 (Computer Embedded Systems)/Project/BitonicSorter.sv Line: 2
    Info (15718): Pin "a11[1]" is virtual input pin File: C:/Users/sony/Desktop/UOB/Semester 7 (Spring 24-25)/CPEN313 (Computer Embedded Systems)/Project/BitonicSorter.sv Line: 2
    Info (15718): Pin "a11[2]" is virtual input pin File: C:/Users/sony/Desktop/UOB/Semester 7 (Spring 24-25)/CPEN313 (Computer Embedded Systems)/Project/BitonicSorter.sv Line: 2
    Info (15718): Pin "a11[3]" is virtual input pin File: C:/Users/sony/Desktop/UOB/Semester 7 (Spring 24-25)/CPEN313 (Computer Embedded Systems)/Project/BitonicSorter.sv Line: 2
    Info (15718): Pin "a11[4]" is virtual input pin File: C:/Users/sony/Desktop/UOB/Semester 7 (Spring 24-25)/CPEN313 (Computer Embedded Systems)/Project/BitonicSorter.sv Line: 2
    Info (15718): Pin "a11[5]" is virtual input pin File: C:/Users/sony/Desktop/UOB/Semester 7 (Spring 24-25)/CPEN313 (Computer Embedded Systems)/Project/BitonicSorter.sv Line: 2
    Info (15718): Pin "a11[6]" is virtual input pin File: C:/Users/sony/Desktop/UOB/Semester 7 (Spring 24-25)/CPEN313 (Computer Embedded Systems)/Project/BitonicSorter.sv Line: 2
    Info (15718): Pin "a11[7]" is virtual input pin File: C:/Users/sony/Desktop/UOB/Semester 7 (Spring 24-25)/CPEN313 (Computer Embedded Systems)/Project/BitonicSorter.sv Line: 2
    Info (15718): Pin "a11[8]" is virtual input pin File: C:/Users/sony/Desktop/UOB/Semester 7 (Spring 24-25)/CPEN313 (Computer Embedded Systems)/Project/BitonicSorter.sv Line: 2
    Info (15718): Pin "a11[9]" is virtual input pin File: C:/Users/sony/Desktop/UOB/Semester 7 (Spring 24-25)/CPEN313 (Computer Embedded Systems)/Project/BitonicSorter.sv Line: 2
    Info (15718): Pin "a11[10]" is virtual input pin File: C:/Users/sony/Desktop/UOB/Semester 7 (Spring 24-25)/CPEN313 (Computer Embedded Systems)/Project/BitonicSorter.sv Line: 2
    Info (15718): Pin "a11[11]" is virtual input pin File: C:/Users/sony/Desktop/UOB/Semester 7 (Spring 24-25)/CPEN313 (Computer Embedded Systems)/Project/BitonicSorter.sv Line: 2
    Info (15718): Pin "a11[12]" is virtual input pin File: C:/Users/sony/Desktop/UOB/Semester 7 (Spring 24-25)/CPEN313 (Computer Embedded Systems)/Project/BitonicSorter.sv Line: 2
    Info (15718): Pin "a11[13]" is virtual input pin File: C:/Users/sony/Desktop/UOB/Semester 7 (Spring 24-25)/CPEN313 (Computer Embedded Systems)/Project/BitonicSorter.sv Line: 2
    Info (15718): Pin "a11[14]" is virtual input pin File: C:/Users/sony/Desktop/UOB/Semester 7 (Spring 24-25)/CPEN313 (Computer Embedded Systems)/Project/BitonicSorter.sv Line: 2
    Info (15718): Pin "a11[15]" is virtual input pin File: C:/Users/sony/Desktop/UOB/Semester 7 (Spring 24-25)/CPEN313 (Computer Embedded Systems)/Project/BitonicSorter.sv Line: 2
    Info (15718): Pin "a12[0]" is virtual input pin File: C:/Users/sony/Desktop/UOB/Semester 7 (Spring 24-25)/CPEN313 (Computer Embedded Systems)/Project/BitonicSorter.sv Line: 2
    Info (15718): Pin "a12[1]" is virtual input pin File: C:/Users/sony/Desktop/UOB/Semester 7 (Spring 24-25)/CPEN313 (Computer Embedded Systems)/Project/BitonicSorter.sv Line: 2
    Info (15718): Pin "a12[2]" is virtual input pin File: C:/Users/sony/Desktop/UOB/Semester 7 (Spring 24-25)/CPEN313 (Computer Embedded Systems)/Project/BitonicSorter.sv Line: 2
    Info (15718): Pin "a12[3]" is virtual input pin File: C:/Users/sony/Desktop/UOB/Semester 7 (Spring 24-25)/CPEN313 (Computer Embedded Systems)/Project/BitonicSorter.sv Line: 2
    Info (15718): Pin "a12[4]" is virtual input pin File: C:/Users/sony/Desktop/UOB/Semester 7 (Spring 24-25)/CPEN313 (Computer Embedded Systems)/Project/BitonicSorter.sv Line: 2
    Info (15718): Pin "a12[5]" is virtual input pin File: C:/Users/sony/Desktop/UOB/Semester 7 (Spring 24-25)/CPEN313 (Computer Embedded Systems)/Project/BitonicSorter.sv Line: 2
    Info (15718): Pin "a12[6]" is virtual input pin File: C:/Users/sony/Desktop/UOB/Semester 7 (Spring 24-25)/CPEN313 (Computer Embedded Systems)/Project/BitonicSorter.sv Line: 2
    Info (15718): Pin "a12[7]" is virtual input pin File: C:/Users/sony/Desktop/UOB/Semester 7 (Spring 24-25)/CPEN313 (Computer Embedded Systems)/Project/BitonicSorter.sv Line: 2
    Info (15718): Pin "a12[8]" is virtual input pin File: C:/Users/sony/Desktop/UOB/Semester 7 (Spring 24-25)/CPEN313 (Computer Embedded Systems)/Project/BitonicSorter.sv Line: 2
    Info (15718): Pin "a12[9]" is virtual input pin File: C:/Users/sony/Desktop/UOB/Semester 7 (Spring 24-25)/CPEN313 (Computer Embedded Systems)/Project/BitonicSorter.sv Line: 2
    Info (15718): Pin "a12[10]" is virtual input pin File: C:/Users/sony/Desktop/UOB/Semester 7 (Spring 24-25)/CPEN313 (Computer Embedded Systems)/Project/BitonicSorter.sv Line: 2
    Info (15718): Pin "a12[11]" is virtual input pin File: C:/Users/sony/Desktop/UOB/Semester 7 (Spring 24-25)/CPEN313 (Computer Embedded Systems)/Project/BitonicSorter.sv Line: 2
    Info (15718): Pin "a12[12]" is virtual input pin File: C:/Users/sony/Desktop/UOB/Semester 7 (Spring 24-25)/CPEN313 (Computer Embedded Systems)/Project/BitonicSorter.sv Line: 2
    Info (15718): Pin "a12[13]" is virtual input pin File: C:/Users/sony/Desktop/UOB/Semester 7 (Spring 24-25)/CPEN313 (Computer Embedded Systems)/Project/BitonicSorter.sv Line: 2
    Info (15718): Pin "a12[14]" is virtual input pin File: C:/Users/sony/Desktop/UOB/Semester 7 (Spring 24-25)/CPEN313 (Computer Embedded Systems)/Project/BitonicSorter.sv Line: 2
    Info (15718): Pin "a12[15]" is virtual input pin File: C:/Users/sony/Desktop/UOB/Semester 7 (Spring 24-25)/CPEN313 (Computer Embedded Systems)/Project/BitonicSorter.sv Line: 2
    Info (15718): Pin "a13[0]" is virtual input pin File: C:/Users/sony/Desktop/UOB/Semester 7 (Spring 24-25)/CPEN313 (Computer Embedded Systems)/Project/BitonicSorter.sv Line: 2
    Info (15718): Pin "a13[1]" is virtual input pin File: C:/Users/sony/Desktop/UOB/Semester 7 (Spring 24-25)/CPEN313 (Computer Embedded Systems)/Project/BitonicSorter.sv Line: 2
    Info (15718): Pin "a13[2]" is virtual input pin File: C:/Users/sony/Desktop/UOB/Semester 7 (Spring 24-25)/CPEN313 (Computer Embedded Systems)/Project/BitonicSorter.sv Line: 2
    Info (15718): Pin "a13[3]" is virtual input pin File: C:/Users/sony/Desktop/UOB/Semester 7 (Spring 24-25)/CPEN313 (Computer Embedded Systems)/Project/BitonicSorter.sv Line: 2
    Info (15718): Pin "a13[4]" is virtual input pin File: C:/Users/sony/Desktop/UOB/Semester 7 (Spring 24-25)/CPEN313 (Computer Embedded Systems)/Project/BitonicSorter.sv Line: 2
    Info (15718): Pin "a13[5]" is virtual input pin File: C:/Users/sony/Desktop/UOB/Semester 7 (Spring 24-25)/CPEN313 (Computer Embedded Systems)/Project/BitonicSorter.sv Line: 2
    Info (15718): Pin "a13[6]" is virtual input pin File: C:/Users/sony/Desktop/UOB/Semester 7 (Spring 24-25)/CPEN313 (Computer Embedded Systems)/Project/BitonicSorter.sv Line: 2
    Info (15718): Pin "a13[7]" is virtual input pin File: C:/Users/sony/Desktop/UOB/Semester 7 (Spring 24-25)/CPEN313 (Computer Embedded Systems)/Project/BitonicSorter.sv Line: 2
    Info (15718): Pin "a13[8]" is virtual input pin File: C:/Users/sony/Desktop/UOB/Semester 7 (Spring 24-25)/CPEN313 (Computer Embedded Systems)/Project/BitonicSorter.sv Line: 2
    Info (15718): Pin "a13[9]" is virtual input pin File: C:/Users/sony/Desktop/UOB/Semester 7 (Spring 24-25)/CPEN313 (Computer Embedded Systems)/Project/BitonicSorter.sv Line: 2
    Info (15718): Pin "a13[10]" is virtual input pin File: C:/Users/sony/Desktop/UOB/Semester 7 (Spring 24-25)/CPEN313 (Computer Embedded Systems)/Project/BitonicSorter.sv Line: 2
    Info (15718): Pin "a13[11]" is virtual input pin File: C:/Users/sony/Desktop/UOB/Semester 7 (Spring 24-25)/CPEN313 (Computer Embedded Systems)/Project/BitonicSorter.sv Line: 2
    Info (15718): Pin "a13[12]" is virtual input pin File: C:/Users/sony/Desktop/UOB/Semester 7 (Spring 24-25)/CPEN313 (Computer Embedded Systems)/Project/BitonicSorter.sv Line: 2
    Info (15718): Pin "a13[13]" is virtual input pin File: C:/Users/sony/Desktop/UOB/Semester 7 (Spring 24-25)/CPEN313 (Computer Embedded Systems)/Project/BitonicSorter.sv Line: 2
    Info (15718): Pin "a13[14]" is virtual input pin File: C:/Users/sony/Desktop/UOB/Semester 7 (Spring 24-25)/CPEN313 (Computer Embedded Systems)/Project/BitonicSorter.sv Line: 2
    Info (15718): Pin "a13[15]" is virtual input pin File: C:/Users/sony/Desktop/UOB/Semester 7 (Spring 24-25)/CPEN313 (Computer Embedded Systems)/Project/BitonicSorter.sv Line: 2
    Info (15718): Pin "a14[0]" is virtual input pin File: C:/Users/sony/Desktop/UOB/Semester 7 (Spring 24-25)/CPEN313 (Computer Embedded Systems)/Project/BitonicSorter.sv Line: 2
    Info (15718): Pin "a14[1]" is virtual input pin File: C:/Users/sony/Desktop/UOB/Semester 7 (Spring 24-25)/CPEN313 (Computer Embedded Systems)/Project/BitonicSorter.sv Line: 2
    Info (15718): Pin "a14[2]" is virtual input pin File: C:/Users/sony/Desktop/UOB/Semester 7 (Spring 24-25)/CPEN313 (Computer Embedded Systems)/Project/BitonicSorter.sv Line: 2
    Info (15718): Pin "a14[3]" is virtual input pin File: C:/Users/sony/Desktop/UOB/Semester 7 (Spring 24-25)/CPEN313 (Computer Embedded Systems)/Project/BitonicSorter.sv Line: 2
    Info (15718): Pin "a14[4]" is virtual input pin File: C:/Users/sony/Desktop/UOB/Semester 7 (Spring 24-25)/CPEN313 (Computer Embedded Systems)/Project/BitonicSorter.sv Line: 2
    Info (15718): Pin "a14[5]" is virtual input pin File: C:/Users/sony/Desktop/UOB/Semester 7 (Spring 24-25)/CPEN313 (Computer Embedded Systems)/Project/BitonicSorter.sv Line: 2
    Info (15718): Pin "a14[6]" is virtual input pin File: C:/Users/sony/Desktop/UOB/Semester 7 (Spring 24-25)/CPEN313 (Computer Embedded Systems)/Project/BitonicSorter.sv Line: 2
    Info (15718): Pin "a14[7]" is virtual input pin File: C:/Users/sony/Desktop/UOB/Semester 7 (Spring 24-25)/CPEN313 (Computer Embedded Systems)/Project/BitonicSorter.sv Line: 2
    Info (15718): Pin "a14[8]" is virtual input pin File: C:/Users/sony/Desktop/UOB/Semester 7 (Spring 24-25)/CPEN313 (Computer Embedded Systems)/Project/BitonicSorter.sv Line: 2
    Info (15718): Pin "a14[9]" is virtual input pin File: C:/Users/sony/Desktop/UOB/Semester 7 (Spring 24-25)/CPEN313 (Computer Embedded Systems)/Project/BitonicSorter.sv Line: 2
    Info (15718): Pin "a14[10]" is virtual input pin File: C:/Users/sony/Desktop/UOB/Semester 7 (Spring 24-25)/CPEN313 (Computer Embedded Systems)/Project/BitonicSorter.sv Line: 2
    Info (15718): Pin "a14[11]" is virtual input pin File: C:/Users/sony/Desktop/UOB/Semester 7 (Spring 24-25)/CPEN313 (Computer Embedded Systems)/Project/BitonicSorter.sv Line: 2
    Info (15718): Pin "a14[12]" is virtual input pin File: C:/Users/sony/Desktop/UOB/Semester 7 (Spring 24-25)/CPEN313 (Computer Embedded Systems)/Project/BitonicSorter.sv Line: 2
    Info (15718): Pin "a14[13]" is virtual input pin File: C:/Users/sony/Desktop/UOB/Semester 7 (Spring 24-25)/CPEN313 (Computer Embedded Systems)/Project/BitonicSorter.sv Line: 2
    Info (15718): Pin "a14[14]" is virtual input pin File: C:/Users/sony/Desktop/UOB/Semester 7 (Spring 24-25)/CPEN313 (Computer Embedded Systems)/Project/BitonicSorter.sv Line: 2
    Info (15718): Pin "a14[15]" is virtual input pin File: C:/Users/sony/Desktop/UOB/Semester 7 (Spring 24-25)/CPEN313 (Computer Embedded Systems)/Project/BitonicSorter.sv Line: 2
    Info (15718): Pin "a15[0]" is virtual input pin File: C:/Users/sony/Desktop/UOB/Semester 7 (Spring 24-25)/CPEN313 (Computer Embedded Systems)/Project/BitonicSorter.sv Line: 2
    Info (15718): Pin "a15[1]" is virtual input pin File: C:/Users/sony/Desktop/UOB/Semester 7 (Spring 24-25)/CPEN313 (Computer Embedded Systems)/Project/BitonicSorter.sv Line: 2
    Info (15718): Pin "a15[2]" is virtual input pin File: C:/Users/sony/Desktop/UOB/Semester 7 (Spring 24-25)/CPEN313 (Computer Embedded Systems)/Project/BitonicSorter.sv Line: 2
    Info (15718): Pin "a15[3]" is virtual input pin File: C:/Users/sony/Desktop/UOB/Semester 7 (Spring 24-25)/CPEN313 (Computer Embedded Systems)/Project/BitonicSorter.sv Line: 2
    Info (15718): Pin "a15[4]" is virtual input pin File: C:/Users/sony/Desktop/UOB/Semester 7 (Spring 24-25)/CPEN313 (Computer Embedded Systems)/Project/BitonicSorter.sv Line: 2
    Info (15718): Pin "a15[5]" is virtual input pin File: C:/Users/sony/Desktop/UOB/Semester 7 (Spring 24-25)/CPEN313 (Computer Embedded Systems)/Project/BitonicSorter.sv Line: 2
    Info (15718): Pin "a15[6]" is virtual input pin File: C:/Users/sony/Desktop/UOB/Semester 7 (Spring 24-25)/CPEN313 (Computer Embedded Systems)/Project/BitonicSorter.sv Line: 2
    Info (15718): Pin "a15[7]" is virtual input pin File: C:/Users/sony/Desktop/UOB/Semester 7 (Spring 24-25)/CPEN313 (Computer Embedded Systems)/Project/BitonicSorter.sv Line: 2
    Info (15718): Pin "a15[8]" is virtual input pin File: C:/Users/sony/Desktop/UOB/Semester 7 (Spring 24-25)/CPEN313 (Computer Embedded Systems)/Project/BitonicSorter.sv Line: 2
    Info (15718): Pin "a15[9]" is virtual input pin File: C:/Users/sony/Desktop/UOB/Semester 7 (Spring 24-25)/CPEN313 (Computer Embedded Systems)/Project/BitonicSorter.sv Line: 2
    Info (15718): Pin "a15[10]" is virtual input pin File: C:/Users/sony/Desktop/UOB/Semester 7 (Spring 24-25)/CPEN313 (Computer Embedded Systems)/Project/BitonicSorter.sv Line: 2
    Info (15718): Pin "a15[11]" is virtual input pin File: C:/Users/sony/Desktop/UOB/Semester 7 (Spring 24-25)/CPEN313 (Computer Embedded Systems)/Project/BitonicSorter.sv Line: 2
    Info (15718): Pin "a15[12]" is virtual input pin File: C:/Users/sony/Desktop/UOB/Semester 7 (Spring 24-25)/CPEN313 (Computer Embedded Systems)/Project/BitonicSorter.sv Line: 2
    Info (15718): Pin "a15[13]" is virtual input pin File: C:/Users/sony/Desktop/UOB/Semester 7 (Spring 24-25)/CPEN313 (Computer Embedded Systems)/Project/BitonicSorter.sv Line: 2
    Info (15718): Pin "a15[14]" is virtual input pin File: C:/Users/sony/Desktop/UOB/Semester 7 (Spring 24-25)/CPEN313 (Computer Embedded Systems)/Project/BitonicSorter.sv Line: 2
    Info (15718): Pin "a15[15]" is virtual input pin File: C:/Users/sony/Desktop/UOB/Semester 7 (Spring 24-25)/CPEN313 (Computer Embedded Systems)/Project/BitonicSorter.sv Line: 2
    Info (15718): Pin "a16[0]" is virtual input pin File: C:/Users/sony/Desktop/UOB/Semester 7 (Spring 24-25)/CPEN313 (Computer Embedded Systems)/Project/BitonicSorter.sv Line: 3
    Info (15718): Pin "a16[1]" is virtual input pin File: C:/Users/sony/Desktop/UOB/Semester 7 (Spring 24-25)/CPEN313 (Computer Embedded Systems)/Project/BitonicSorter.sv Line: 3
    Info (15718): Pin "a16[2]" is virtual input pin File: C:/Users/sony/Desktop/UOB/Semester 7 (Spring 24-25)/CPEN313 (Computer Embedded Systems)/Project/BitonicSorter.sv Line: 3
    Info (15718): Pin "a16[3]" is virtual input pin File: C:/Users/sony/Desktop/UOB/Semester 7 (Spring 24-25)/CPEN313 (Computer Embedded Systems)/Project/BitonicSorter.sv Line: 3
    Info (15718): Pin "a16[4]" is virtual input pin File: C:/Users/sony/Desktop/UOB/Semester 7 (Spring 24-25)/CPEN313 (Computer Embedded Systems)/Project/BitonicSorter.sv Line: 3
    Info (15718): Pin "a16[5]" is virtual input pin File: C:/Users/sony/Desktop/UOB/Semester 7 (Spring 24-25)/CPEN313 (Computer Embedded Systems)/Project/BitonicSorter.sv Line: 3
    Info (15718): Pin "a16[6]" is virtual input pin File: C:/Users/sony/Desktop/UOB/Semester 7 (Spring 24-25)/CPEN313 (Computer Embedded Systems)/Project/BitonicSorter.sv Line: 3
    Info (15718): Pin "a16[7]" is virtual input pin File: C:/Users/sony/Desktop/UOB/Semester 7 (Spring 24-25)/CPEN313 (Computer Embedded Systems)/Project/BitonicSorter.sv Line: 3
    Info (15718): Pin "a16[8]" is virtual input pin File: C:/Users/sony/Desktop/UOB/Semester 7 (Spring 24-25)/CPEN313 (Computer Embedded Systems)/Project/BitonicSorter.sv Line: 3
    Info (15718): Pin "a16[9]" is virtual input pin File: C:/Users/sony/Desktop/UOB/Semester 7 (Spring 24-25)/CPEN313 (Computer Embedded Systems)/Project/BitonicSorter.sv Line: 3
    Info (15718): Pin "a16[10]" is virtual input pin File: C:/Users/sony/Desktop/UOB/Semester 7 (Spring 24-25)/CPEN313 (Computer Embedded Systems)/Project/BitonicSorter.sv Line: 3
    Info (15718): Pin "a16[11]" is virtual input pin File: C:/Users/sony/Desktop/UOB/Semester 7 (Spring 24-25)/CPEN313 (Computer Embedded Systems)/Project/BitonicSorter.sv Line: 3
    Info (15718): Pin "a16[12]" is virtual input pin File: C:/Users/sony/Desktop/UOB/Semester 7 (Spring 24-25)/CPEN313 (Computer Embedded Systems)/Project/BitonicSorter.sv Line: 3
    Info (15718): Pin "a16[13]" is virtual input pin File: C:/Users/sony/Desktop/UOB/Semester 7 (Spring 24-25)/CPEN313 (Computer Embedded Systems)/Project/BitonicSorter.sv Line: 3
    Info (15718): Pin "a16[14]" is virtual input pin File: C:/Users/sony/Desktop/UOB/Semester 7 (Spring 24-25)/CPEN313 (Computer Embedded Systems)/Project/BitonicSorter.sv Line: 3
    Info (15718): Pin "a16[15]" is virtual input pin File: C:/Users/sony/Desktop/UOB/Semester 7 (Spring 24-25)/CPEN313 (Computer Embedded Systems)/Project/BitonicSorter.sv Line: 3
    Info (15718): Pin "a17[0]" is virtual input pin File: C:/Users/sony/Desktop/UOB/Semester 7 (Spring 24-25)/CPEN313 (Computer Embedded Systems)/Project/BitonicSorter.sv Line: 3
    Info (15718): Pin "a17[1]" is virtual input pin File: C:/Users/sony/Desktop/UOB/Semester 7 (Spring 24-25)/CPEN313 (Computer Embedded Systems)/Project/BitonicSorter.sv Line: 3
    Info (15718): Pin "a17[2]" is virtual input pin File: C:/Users/sony/Desktop/UOB/Semester 7 (Spring 24-25)/CPEN313 (Computer Embedded Systems)/Project/BitonicSorter.sv Line: 3
    Info (15718): Pin "a17[3]" is virtual input pin File: C:/Users/sony/Desktop/UOB/Semester 7 (Spring 24-25)/CPEN313 (Computer Embedded Systems)/Project/BitonicSorter.sv Line: 3
    Info (15718): Pin "a17[4]" is virtual input pin File: C:/Users/sony/Desktop/UOB/Semester 7 (Spring 24-25)/CPEN313 (Computer Embedded Systems)/Project/BitonicSorter.sv Line: 3
    Info (15718): Pin "a17[5]" is virtual input pin File: C:/Users/sony/Desktop/UOB/Semester 7 (Spring 24-25)/CPEN313 (Computer Embedded Systems)/Project/BitonicSorter.sv Line: 3
    Info (15718): Pin "a17[6]" is virtual input pin File: C:/Users/sony/Desktop/UOB/Semester 7 (Spring 24-25)/CPEN313 (Computer Embedded Systems)/Project/BitonicSorter.sv Line: 3
    Info (15718): Pin "a17[7]" is virtual input pin File: C:/Users/sony/Desktop/UOB/Semester 7 (Spring 24-25)/CPEN313 (Computer Embedded Systems)/Project/BitonicSorter.sv Line: 3
    Info (15718): Pin "a17[8]" is virtual input pin File: C:/Users/sony/Desktop/UOB/Semester 7 (Spring 24-25)/CPEN313 (Computer Embedded Systems)/Project/BitonicSorter.sv Line: 3
    Info (15718): Pin "a17[9]" is virtual input pin File: C:/Users/sony/Desktop/UOB/Semester 7 (Spring 24-25)/CPEN313 (Computer Embedded Systems)/Project/BitonicSorter.sv Line: 3
    Info (15718): Pin "a17[10]" is virtual input pin File: C:/Users/sony/Desktop/UOB/Semester 7 (Spring 24-25)/CPEN313 (Computer Embedded Systems)/Project/BitonicSorter.sv Line: 3
    Info (15718): Pin "a17[11]" is virtual input pin File: C:/Users/sony/Desktop/UOB/Semester 7 (Spring 24-25)/CPEN313 (Computer Embedded Systems)/Project/BitonicSorter.sv Line: 3
    Info (15718): Pin "a17[12]" is virtual input pin File: C:/Users/sony/Desktop/UOB/Semester 7 (Spring 24-25)/CPEN313 (Computer Embedded Systems)/Project/BitonicSorter.sv Line: 3
    Info (15718): Pin "a17[13]" is virtual input pin File: C:/Users/sony/Desktop/UOB/Semester 7 (Spring 24-25)/CPEN313 (Computer Embedded Systems)/Project/BitonicSorter.sv Line: 3
    Info (15718): Pin "a17[14]" is virtual input pin File: C:/Users/sony/Desktop/UOB/Semester 7 (Spring 24-25)/CPEN313 (Computer Embedded Systems)/Project/BitonicSorter.sv Line: 3
    Info (15718): Pin "a17[15]" is virtual input pin File: C:/Users/sony/Desktop/UOB/Semester 7 (Spring 24-25)/CPEN313 (Computer Embedded Systems)/Project/BitonicSorter.sv Line: 3
    Info (15718): Pin "a18[0]" is virtual input pin File: C:/Users/sony/Desktop/UOB/Semester 7 (Spring 24-25)/CPEN313 (Computer Embedded Systems)/Project/BitonicSorter.sv Line: 3
    Info (15718): Pin "a18[1]" is virtual input pin File: C:/Users/sony/Desktop/UOB/Semester 7 (Spring 24-25)/CPEN313 (Computer Embedded Systems)/Project/BitonicSorter.sv Line: 3
    Info (15718): Pin "a18[2]" is virtual input pin File: C:/Users/sony/Desktop/UOB/Semester 7 (Spring 24-25)/CPEN313 (Computer Embedded Systems)/Project/BitonicSorter.sv Line: 3
    Info (15718): Pin "a18[3]" is virtual input pin File: C:/Users/sony/Desktop/UOB/Semester 7 (Spring 24-25)/CPEN313 (Computer Embedded Systems)/Project/BitonicSorter.sv Line: 3
    Info (15718): Pin "a18[4]" is virtual input pin File: C:/Users/sony/Desktop/UOB/Semester 7 (Spring 24-25)/CPEN313 (Computer Embedded Systems)/Project/BitonicSorter.sv Line: 3
    Info (15718): Pin "a18[5]" is virtual input pin File: C:/Users/sony/Desktop/UOB/Semester 7 (Spring 24-25)/CPEN313 (Computer Embedded Systems)/Project/BitonicSorter.sv Line: 3
    Info (15718): Pin "a18[6]" is virtual input pin File: C:/Users/sony/Desktop/UOB/Semester 7 (Spring 24-25)/CPEN313 (Computer Embedded Systems)/Project/BitonicSorter.sv Line: 3
    Info (15718): Pin "a18[7]" is virtual input pin File: C:/Users/sony/Desktop/UOB/Semester 7 (Spring 24-25)/CPEN313 (Computer Embedded Systems)/Project/BitonicSorter.sv Line: 3
    Info (15718): Pin "a18[8]" is virtual input pin File: C:/Users/sony/Desktop/UOB/Semester 7 (Spring 24-25)/CPEN313 (Computer Embedded Systems)/Project/BitonicSorter.sv Line: 3
    Info (15718): Pin "a18[9]" is virtual input pin File: C:/Users/sony/Desktop/UOB/Semester 7 (Spring 24-25)/CPEN313 (Computer Embedded Systems)/Project/BitonicSorter.sv Line: 3
    Info (15718): Pin "a18[10]" is virtual input pin File: C:/Users/sony/Desktop/UOB/Semester 7 (Spring 24-25)/CPEN313 (Computer Embedded Systems)/Project/BitonicSorter.sv Line: 3
    Info (15718): Pin "a18[11]" is virtual input pin File: C:/Users/sony/Desktop/UOB/Semester 7 (Spring 24-25)/CPEN313 (Computer Embedded Systems)/Project/BitonicSorter.sv Line: 3
    Info (15718): Pin "a18[12]" is virtual input pin File: C:/Users/sony/Desktop/UOB/Semester 7 (Spring 24-25)/CPEN313 (Computer Embedded Systems)/Project/BitonicSorter.sv Line: 3
    Info (15718): Pin "a18[13]" is virtual input pin File: C:/Users/sony/Desktop/UOB/Semester 7 (Spring 24-25)/CPEN313 (Computer Embedded Systems)/Project/BitonicSorter.sv Line: 3
    Info (15718): Pin "a18[14]" is virtual input pin File: C:/Users/sony/Desktop/UOB/Semester 7 (Spring 24-25)/CPEN313 (Computer Embedded Systems)/Project/BitonicSorter.sv Line: 3
    Info (15718): Pin "a18[15]" is virtual input pin File: C:/Users/sony/Desktop/UOB/Semester 7 (Spring 24-25)/CPEN313 (Computer Embedded Systems)/Project/BitonicSorter.sv Line: 3
    Info (15718): Pin "a19[0]" is virtual input pin File: C:/Users/sony/Desktop/UOB/Semester 7 (Spring 24-25)/CPEN313 (Computer Embedded Systems)/Project/BitonicSorter.sv Line: 3
    Info (15718): Pin "a19[1]" is virtual input pin File: C:/Users/sony/Desktop/UOB/Semester 7 (Spring 24-25)/CPEN313 (Computer Embedded Systems)/Project/BitonicSorter.sv Line: 3
    Info (15718): Pin "a19[2]" is virtual input pin File: C:/Users/sony/Desktop/UOB/Semester 7 (Spring 24-25)/CPEN313 (Computer Embedded Systems)/Project/BitonicSorter.sv Line: 3
    Info (15718): Pin "a19[3]" is virtual input pin File: C:/Users/sony/Desktop/UOB/Semester 7 (Spring 24-25)/CPEN313 (Computer Embedded Systems)/Project/BitonicSorter.sv Line: 3
    Info (15718): Pin "a19[4]" is virtual input pin File: C:/Users/sony/Desktop/UOB/Semester 7 (Spring 24-25)/CPEN313 (Computer Embedded Systems)/Project/BitonicSorter.sv Line: 3
    Info (15718): Pin "a19[5]" is virtual input pin File: C:/Users/sony/Desktop/UOB/Semester 7 (Spring 24-25)/CPEN313 (Computer Embedded Systems)/Project/BitonicSorter.sv Line: 3
    Info (15718): Pin "a19[6]" is virtual input pin File: C:/Users/sony/Desktop/UOB/Semester 7 (Spring 24-25)/CPEN313 (Computer Embedded Systems)/Project/BitonicSorter.sv Line: 3
    Info (15718): Pin "a19[7]" is virtual input pin File: C:/Users/sony/Desktop/UOB/Semester 7 (Spring 24-25)/CPEN313 (Computer Embedded Systems)/Project/BitonicSorter.sv Line: 3
    Info (15718): Pin "a19[8]" is virtual input pin File: C:/Users/sony/Desktop/UOB/Semester 7 (Spring 24-25)/CPEN313 (Computer Embedded Systems)/Project/BitonicSorter.sv Line: 3
    Info (15718): Pin "a19[9]" is virtual input pin File: C:/Users/sony/Desktop/UOB/Semester 7 (Spring 24-25)/CPEN313 (Computer Embedded Systems)/Project/BitonicSorter.sv Line: 3
    Info (15718): Pin "a19[10]" is virtual input pin File: C:/Users/sony/Desktop/UOB/Semester 7 (Spring 24-25)/CPEN313 (Computer Embedded Systems)/Project/BitonicSorter.sv Line: 3
    Info (15718): Pin "a19[11]" is virtual input pin File: C:/Users/sony/Desktop/UOB/Semester 7 (Spring 24-25)/CPEN313 (Computer Embedded Systems)/Project/BitonicSorter.sv Line: 3
    Info (15718): Pin "a19[12]" is virtual input pin File: C:/Users/sony/Desktop/UOB/Semester 7 (Spring 24-25)/CPEN313 (Computer Embedded Systems)/Project/BitonicSorter.sv Line: 3
    Info (15718): Pin "a19[13]" is virtual input pin File: C:/Users/sony/Desktop/UOB/Semester 7 (Spring 24-25)/CPEN313 (Computer Embedded Systems)/Project/BitonicSorter.sv Line: 3
    Info (15718): Pin "a19[14]" is virtual input pin File: C:/Users/sony/Desktop/UOB/Semester 7 (Spring 24-25)/CPEN313 (Computer Embedded Systems)/Project/BitonicSorter.sv Line: 3
    Info (15718): Pin "a19[15]" is virtual input pin File: C:/Users/sony/Desktop/UOB/Semester 7 (Spring 24-25)/CPEN313 (Computer Embedded Systems)/Project/BitonicSorter.sv Line: 3
    Info (15718): Pin "a20[0]" is virtual input pin File: C:/Users/sony/Desktop/UOB/Semester 7 (Spring 24-25)/CPEN313 (Computer Embedded Systems)/Project/BitonicSorter.sv Line: 3
    Info (15718): Pin "a20[1]" is virtual input pin File: C:/Users/sony/Desktop/UOB/Semester 7 (Spring 24-25)/CPEN313 (Computer Embedded Systems)/Project/BitonicSorter.sv Line: 3
    Info (15718): Pin "a20[2]" is virtual input pin File: C:/Users/sony/Desktop/UOB/Semester 7 (Spring 24-25)/CPEN313 (Computer Embedded Systems)/Project/BitonicSorter.sv Line: 3
    Info (15718): Pin "a20[3]" is virtual input pin File: C:/Users/sony/Desktop/UOB/Semester 7 (Spring 24-25)/CPEN313 (Computer Embedded Systems)/Project/BitonicSorter.sv Line: 3
    Info (15718): Pin "a20[4]" is virtual input pin File: C:/Users/sony/Desktop/UOB/Semester 7 (Spring 24-25)/CPEN313 (Computer Embedded Systems)/Project/BitonicSorter.sv Line: 3
    Info (15718): Pin "a20[5]" is virtual input pin File: C:/Users/sony/Desktop/UOB/Semester 7 (Spring 24-25)/CPEN313 (Computer Embedded Systems)/Project/BitonicSorter.sv Line: 3
    Info (15718): Pin "a20[6]" is virtual input pin File: C:/Users/sony/Desktop/UOB/Semester 7 (Spring 24-25)/CPEN313 (Computer Embedded Systems)/Project/BitonicSorter.sv Line: 3
    Info (15718): Pin "a20[7]" is virtual input pin File: C:/Users/sony/Desktop/UOB/Semester 7 (Spring 24-25)/CPEN313 (Computer Embedded Systems)/Project/BitonicSorter.sv Line: 3
    Info (15718): Pin "a20[8]" is virtual input pin File: C:/Users/sony/Desktop/UOB/Semester 7 (Spring 24-25)/CPEN313 (Computer Embedded Systems)/Project/BitonicSorter.sv Line: 3
    Info (15718): Pin "a20[9]" is virtual input pin File: C:/Users/sony/Desktop/UOB/Semester 7 (Spring 24-25)/CPEN313 (Computer Embedded Systems)/Project/BitonicSorter.sv Line: 3
    Info (15718): Pin "a20[10]" is virtual input pin File: C:/Users/sony/Desktop/UOB/Semester 7 (Spring 24-25)/CPEN313 (Computer Embedded Systems)/Project/BitonicSorter.sv Line: 3
    Info (15718): Pin "a20[11]" is virtual input pin File: C:/Users/sony/Desktop/UOB/Semester 7 (Spring 24-25)/CPEN313 (Computer Embedded Systems)/Project/BitonicSorter.sv Line: 3
    Info (15718): Pin "a20[12]" is virtual input pin File: C:/Users/sony/Desktop/UOB/Semester 7 (Spring 24-25)/CPEN313 (Computer Embedded Systems)/Project/BitonicSorter.sv Line: 3
    Info (15718): Pin "a20[13]" is virtual input pin File: C:/Users/sony/Desktop/UOB/Semester 7 (Spring 24-25)/CPEN313 (Computer Embedded Systems)/Project/BitonicSorter.sv Line: 3
    Info (15718): Pin "a20[14]" is virtual input pin File: C:/Users/sony/Desktop/UOB/Semester 7 (Spring 24-25)/CPEN313 (Computer Embedded Systems)/Project/BitonicSorter.sv Line: 3
    Info (15718): Pin "a20[15]" is virtual input pin File: C:/Users/sony/Desktop/UOB/Semester 7 (Spring 24-25)/CPEN313 (Computer Embedded Systems)/Project/BitonicSorter.sv Line: 3
    Info (15718): Pin "a21[0]" is virtual input pin File: C:/Users/sony/Desktop/UOB/Semester 7 (Spring 24-25)/CPEN313 (Computer Embedded Systems)/Project/BitonicSorter.sv Line: 3
    Info (15718): Pin "a21[1]" is virtual input pin File: C:/Users/sony/Desktop/UOB/Semester 7 (Spring 24-25)/CPEN313 (Computer Embedded Systems)/Project/BitonicSorter.sv Line: 3
    Info (15718): Pin "a21[2]" is virtual input pin File: C:/Users/sony/Desktop/UOB/Semester 7 (Spring 24-25)/CPEN313 (Computer Embedded Systems)/Project/BitonicSorter.sv Line: 3
    Info (15718): Pin "a21[3]" is virtual input pin File: C:/Users/sony/Desktop/UOB/Semester 7 (Spring 24-25)/CPEN313 (Computer Embedded Systems)/Project/BitonicSorter.sv Line: 3
    Info (15718): Pin "a21[4]" is virtual input pin File: C:/Users/sony/Desktop/UOB/Semester 7 (Spring 24-25)/CPEN313 (Computer Embedded Systems)/Project/BitonicSorter.sv Line: 3
    Info (15718): Pin "a21[5]" is virtual input pin File: C:/Users/sony/Desktop/UOB/Semester 7 (Spring 24-25)/CPEN313 (Computer Embedded Systems)/Project/BitonicSorter.sv Line: 3
    Info (15718): Pin "a21[6]" is virtual input pin File: C:/Users/sony/Desktop/UOB/Semester 7 (Spring 24-25)/CPEN313 (Computer Embedded Systems)/Project/BitonicSorter.sv Line: 3
    Info (15718): Pin "a21[7]" is virtual input pin File: C:/Users/sony/Desktop/UOB/Semester 7 (Spring 24-25)/CPEN313 (Computer Embedded Systems)/Project/BitonicSorter.sv Line: 3
    Info (15718): Pin "a21[8]" is virtual input pin File: C:/Users/sony/Desktop/UOB/Semester 7 (Spring 24-25)/CPEN313 (Computer Embedded Systems)/Project/BitonicSorter.sv Line: 3
    Info (15718): Pin "a21[9]" is virtual input pin File: C:/Users/sony/Desktop/UOB/Semester 7 (Spring 24-25)/CPEN313 (Computer Embedded Systems)/Project/BitonicSorter.sv Line: 3
    Info (15718): Pin "a21[10]" is virtual input pin File: C:/Users/sony/Desktop/UOB/Semester 7 (Spring 24-25)/CPEN313 (Computer Embedded Systems)/Project/BitonicSorter.sv Line: 3
    Info (15718): Pin "a21[11]" is virtual input pin File: C:/Users/sony/Desktop/UOB/Semester 7 (Spring 24-25)/CPEN313 (Computer Embedded Systems)/Project/BitonicSorter.sv Line: 3
    Info (15718): Pin "a21[12]" is virtual input pin File: C:/Users/sony/Desktop/UOB/Semester 7 (Spring 24-25)/CPEN313 (Computer Embedded Systems)/Project/BitonicSorter.sv Line: 3
    Info (15718): Pin "a21[13]" is virtual input pin File: C:/Users/sony/Desktop/UOB/Semester 7 (Spring 24-25)/CPEN313 (Computer Embedded Systems)/Project/BitonicSorter.sv Line: 3
    Info (15718): Pin "a21[14]" is virtual input pin File: C:/Users/sony/Desktop/UOB/Semester 7 (Spring 24-25)/CPEN313 (Computer Embedded Systems)/Project/BitonicSorter.sv Line: 3
    Info (15718): Pin "a21[15]" is virtual input pin File: C:/Users/sony/Desktop/UOB/Semester 7 (Spring 24-25)/CPEN313 (Computer Embedded Systems)/Project/BitonicSorter.sv Line: 3
    Info (15718): Pin "a22[0]" is virtual input pin File: C:/Users/sony/Desktop/UOB/Semester 7 (Spring 24-25)/CPEN313 (Computer Embedded Systems)/Project/BitonicSorter.sv Line: 3
    Info (15718): Pin "a22[1]" is virtual input pin File: C:/Users/sony/Desktop/UOB/Semester 7 (Spring 24-25)/CPEN313 (Computer Embedded Systems)/Project/BitonicSorter.sv Line: 3
    Info (15718): Pin "a22[2]" is virtual input pin File: C:/Users/sony/Desktop/UOB/Semester 7 (Spring 24-25)/CPEN313 (Computer Embedded Systems)/Project/BitonicSorter.sv Line: 3
    Info (15718): Pin "a22[3]" is virtual input pin File: C:/Users/sony/Desktop/UOB/Semester 7 (Spring 24-25)/CPEN313 (Computer Embedded Systems)/Project/BitonicSorter.sv Line: 3
    Info (15718): Pin "a22[4]" is virtual input pin File: C:/Users/sony/Desktop/UOB/Semester 7 (Spring 24-25)/CPEN313 (Computer Embedded Systems)/Project/BitonicSorter.sv Line: 3
    Info (15718): Pin "a22[5]" is virtual input pin File: C:/Users/sony/Desktop/UOB/Semester 7 (Spring 24-25)/CPEN313 (Computer Embedded Systems)/Project/BitonicSorter.sv Line: 3
    Info (15718): Pin "a22[6]" is virtual input pin File: C:/Users/sony/Desktop/UOB/Semester 7 (Spring 24-25)/CPEN313 (Computer Embedded Systems)/Project/BitonicSorter.sv Line: 3
    Info (15718): Pin "a22[7]" is virtual input pin File: C:/Users/sony/Desktop/UOB/Semester 7 (Spring 24-25)/CPEN313 (Computer Embedded Systems)/Project/BitonicSorter.sv Line: 3
    Info (15718): Pin "a22[8]" is virtual input pin File: C:/Users/sony/Desktop/UOB/Semester 7 (Spring 24-25)/CPEN313 (Computer Embedded Systems)/Project/BitonicSorter.sv Line: 3
    Info (15718): Pin "a22[9]" is virtual input pin File: C:/Users/sony/Desktop/UOB/Semester 7 (Spring 24-25)/CPEN313 (Computer Embedded Systems)/Project/BitonicSorter.sv Line: 3
    Info (15718): Pin "a22[10]" is virtual input pin File: C:/Users/sony/Desktop/UOB/Semester 7 (Spring 24-25)/CPEN313 (Computer Embedded Systems)/Project/BitonicSorter.sv Line: 3
    Info (15718): Pin "a22[11]" is virtual input pin File: C:/Users/sony/Desktop/UOB/Semester 7 (Spring 24-25)/CPEN313 (Computer Embedded Systems)/Project/BitonicSorter.sv Line: 3
    Info (15718): Pin "a22[12]" is virtual input pin File: C:/Users/sony/Desktop/UOB/Semester 7 (Spring 24-25)/CPEN313 (Computer Embedded Systems)/Project/BitonicSorter.sv Line: 3
    Info (15718): Pin "a22[13]" is virtual input pin File: C:/Users/sony/Desktop/UOB/Semester 7 (Spring 24-25)/CPEN313 (Computer Embedded Systems)/Project/BitonicSorter.sv Line: 3
    Info (15718): Pin "a22[14]" is virtual input pin File: C:/Users/sony/Desktop/UOB/Semester 7 (Spring 24-25)/CPEN313 (Computer Embedded Systems)/Project/BitonicSorter.sv Line: 3
    Info (15718): Pin "a22[15]" is virtual input pin File: C:/Users/sony/Desktop/UOB/Semester 7 (Spring 24-25)/CPEN313 (Computer Embedded Systems)/Project/BitonicSorter.sv Line: 3
    Info (15718): Pin "a23[0]" is virtual input pin File: C:/Users/sony/Desktop/UOB/Semester 7 (Spring 24-25)/CPEN313 (Computer Embedded Systems)/Project/BitonicSorter.sv Line: 3
    Info (15718): Pin "a23[1]" is virtual input pin File: C:/Users/sony/Desktop/UOB/Semester 7 (Spring 24-25)/CPEN313 (Computer Embedded Systems)/Project/BitonicSorter.sv Line: 3
    Info (15718): Pin "a23[2]" is virtual input pin File: C:/Users/sony/Desktop/UOB/Semester 7 (Spring 24-25)/CPEN313 (Computer Embedded Systems)/Project/BitonicSorter.sv Line: 3
    Info (15718): Pin "a23[3]" is virtual input pin File: C:/Users/sony/Desktop/UOB/Semester 7 (Spring 24-25)/CPEN313 (Computer Embedded Systems)/Project/BitonicSorter.sv Line: 3
    Info (15718): Pin "a23[4]" is virtual input pin File: C:/Users/sony/Desktop/UOB/Semester 7 (Spring 24-25)/CPEN313 (Computer Embedded Systems)/Project/BitonicSorter.sv Line: 3
    Info (15718): Pin "a23[5]" is virtual input pin File: C:/Users/sony/Desktop/UOB/Semester 7 (Spring 24-25)/CPEN313 (Computer Embedded Systems)/Project/BitonicSorter.sv Line: 3
    Info (15718): Pin "a23[6]" is virtual input pin File: C:/Users/sony/Desktop/UOB/Semester 7 (Spring 24-25)/CPEN313 (Computer Embedded Systems)/Project/BitonicSorter.sv Line: 3
    Info (15718): Pin "a23[7]" is virtual input pin File: C:/Users/sony/Desktop/UOB/Semester 7 (Spring 24-25)/CPEN313 (Computer Embedded Systems)/Project/BitonicSorter.sv Line: 3
    Info (15718): Pin "a23[8]" is virtual input pin File: C:/Users/sony/Desktop/UOB/Semester 7 (Spring 24-25)/CPEN313 (Computer Embedded Systems)/Project/BitonicSorter.sv Line: 3
    Info (15718): Pin "a23[9]" is virtual input pin File: C:/Users/sony/Desktop/UOB/Semester 7 (Spring 24-25)/CPEN313 (Computer Embedded Systems)/Project/BitonicSorter.sv Line: 3
    Info (15718): Pin "a23[10]" is virtual input pin File: C:/Users/sony/Desktop/UOB/Semester 7 (Spring 24-25)/CPEN313 (Computer Embedded Systems)/Project/BitonicSorter.sv Line: 3
    Info (15718): Pin "a23[11]" is virtual input pin File: C:/Users/sony/Desktop/UOB/Semester 7 (Spring 24-25)/CPEN313 (Computer Embedded Systems)/Project/BitonicSorter.sv Line: 3
    Info (15718): Pin "a23[12]" is virtual input pin File: C:/Users/sony/Desktop/UOB/Semester 7 (Spring 24-25)/CPEN313 (Computer Embedded Systems)/Project/BitonicSorter.sv Line: 3
    Info (15718): Pin "a23[13]" is virtual input pin File: C:/Users/sony/Desktop/UOB/Semester 7 (Spring 24-25)/CPEN313 (Computer Embedded Systems)/Project/BitonicSorter.sv Line: 3
    Info (15718): Pin "a23[14]" is virtual input pin File: C:/Users/sony/Desktop/UOB/Semester 7 (Spring 24-25)/CPEN313 (Computer Embedded Systems)/Project/BitonicSorter.sv Line: 3
    Info (15718): Pin "a23[15]" is virtual input pin File: C:/Users/sony/Desktop/UOB/Semester 7 (Spring 24-25)/CPEN313 (Computer Embedded Systems)/Project/BitonicSorter.sv Line: 3
    Info (15718): Pin "a24[0]" is virtual input pin File: C:/Users/sony/Desktop/UOB/Semester 7 (Spring 24-25)/CPEN313 (Computer Embedded Systems)/Project/BitonicSorter.sv Line: 4
    Info (15718): Pin "a24[1]" is virtual input pin File: C:/Users/sony/Desktop/UOB/Semester 7 (Spring 24-25)/CPEN313 (Computer Embedded Systems)/Project/BitonicSorter.sv Line: 4
    Info (15718): Pin "a24[2]" is virtual input pin File: C:/Users/sony/Desktop/UOB/Semester 7 (Spring 24-25)/CPEN313 (Computer Embedded Systems)/Project/BitonicSorter.sv Line: 4
    Info (15718): Pin "a24[3]" is virtual input pin File: C:/Users/sony/Desktop/UOB/Semester 7 (Spring 24-25)/CPEN313 (Computer Embedded Systems)/Project/BitonicSorter.sv Line: 4
    Info (15718): Pin "a24[4]" is virtual input pin File: C:/Users/sony/Desktop/UOB/Semester 7 (Spring 24-25)/CPEN313 (Computer Embedded Systems)/Project/BitonicSorter.sv Line: 4
    Info (15718): Pin "a24[5]" is virtual input pin File: C:/Users/sony/Desktop/UOB/Semester 7 (Spring 24-25)/CPEN313 (Computer Embedded Systems)/Project/BitonicSorter.sv Line: 4
    Info (15718): Pin "a24[6]" is virtual input pin File: C:/Users/sony/Desktop/UOB/Semester 7 (Spring 24-25)/CPEN313 (Computer Embedded Systems)/Project/BitonicSorter.sv Line: 4
    Info (15718): Pin "a24[7]" is virtual input pin File: C:/Users/sony/Desktop/UOB/Semester 7 (Spring 24-25)/CPEN313 (Computer Embedded Systems)/Project/BitonicSorter.sv Line: 4
    Info (15718): Pin "a24[8]" is virtual input pin File: C:/Users/sony/Desktop/UOB/Semester 7 (Spring 24-25)/CPEN313 (Computer Embedded Systems)/Project/BitonicSorter.sv Line: 4
    Info (15718): Pin "a24[9]" is virtual input pin File: C:/Users/sony/Desktop/UOB/Semester 7 (Spring 24-25)/CPEN313 (Computer Embedded Systems)/Project/BitonicSorter.sv Line: 4
    Info (15718): Pin "a24[10]" is virtual input pin File: C:/Users/sony/Desktop/UOB/Semester 7 (Spring 24-25)/CPEN313 (Computer Embedded Systems)/Project/BitonicSorter.sv Line: 4
    Info (15718): Pin "a24[11]" is virtual input pin File: C:/Users/sony/Desktop/UOB/Semester 7 (Spring 24-25)/CPEN313 (Computer Embedded Systems)/Project/BitonicSorter.sv Line: 4
    Info (15718): Pin "a24[12]" is virtual input pin File: C:/Users/sony/Desktop/UOB/Semester 7 (Spring 24-25)/CPEN313 (Computer Embedded Systems)/Project/BitonicSorter.sv Line: 4
    Info (15718): Pin "a24[13]" is virtual input pin File: C:/Users/sony/Desktop/UOB/Semester 7 (Spring 24-25)/CPEN313 (Computer Embedded Systems)/Project/BitonicSorter.sv Line: 4
    Info (15718): Pin "a24[14]" is virtual input pin File: C:/Users/sony/Desktop/UOB/Semester 7 (Spring 24-25)/CPEN313 (Computer Embedded Systems)/Project/BitonicSorter.sv Line: 4
    Info (15718): Pin "a24[15]" is virtual input pin File: C:/Users/sony/Desktop/UOB/Semester 7 (Spring 24-25)/CPEN313 (Computer Embedded Systems)/Project/BitonicSorter.sv Line: 4
    Info (15718): Pin "a25[0]" is virtual input pin File: C:/Users/sony/Desktop/UOB/Semester 7 (Spring 24-25)/CPEN313 (Computer Embedded Systems)/Project/BitonicSorter.sv Line: 4
    Info (15718): Pin "a25[1]" is virtual input pin File: C:/Users/sony/Desktop/UOB/Semester 7 (Spring 24-25)/CPEN313 (Computer Embedded Systems)/Project/BitonicSorter.sv Line: 4
    Info (15718): Pin "a25[2]" is virtual input pin File: C:/Users/sony/Desktop/UOB/Semester 7 (Spring 24-25)/CPEN313 (Computer Embedded Systems)/Project/BitonicSorter.sv Line: 4
    Info (15718): Pin "a25[3]" is virtual input pin File: C:/Users/sony/Desktop/UOB/Semester 7 (Spring 24-25)/CPEN313 (Computer Embedded Systems)/Project/BitonicSorter.sv Line: 4
    Info (15718): Pin "a25[4]" is virtual input pin File: C:/Users/sony/Desktop/UOB/Semester 7 (Spring 24-25)/CPEN313 (Computer Embedded Systems)/Project/BitonicSorter.sv Line: 4
    Info (15718): Pin "a25[5]" is virtual input pin File: C:/Users/sony/Desktop/UOB/Semester 7 (Spring 24-25)/CPEN313 (Computer Embedded Systems)/Project/BitonicSorter.sv Line: 4
    Info (15718): Pin "a25[6]" is virtual input pin File: C:/Users/sony/Desktop/UOB/Semester 7 (Spring 24-25)/CPEN313 (Computer Embedded Systems)/Project/BitonicSorter.sv Line: 4
    Info (15718): Pin "a25[7]" is virtual input pin File: C:/Users/sony/Desktop/UOB/Semester 7 (Spring 24-25)/CPEN313 (Computer Embedded Systems)/Project/BitonicSorter.sv Line: 4
    Info (15718): Pin "a25[8]" is virtual input pin File: C:/Users/sony/Desktop/UOB/Semester 7 (Spring 24-25)/CPEN313 (Computer Embedded Systems)/Project/BitonicSorter.sv Line: 4
    Info (15718): Pin "a25[9]" is virtual input pin File: C:/Users/sony/Desktop/UOB/Semester 7 (Spring 24-25)/CPEN313 (Computer Embedded Systems)/Project/BitonicSorter.sv Line: 4
    Info (15718): Pin "a25[10]" is virtual input pin File: C:/Users/sony/Desktop/UOB/Semester 7 (Spring 24-25)/CPEN313 (Computer Embedded Systems)/Project/BitonicSorter.sv Line: 4
    Info (15718): Pin "a25[11]" is virtual input pin File: C:/Users/sony/Desktop/UOB/Semester 7 (Spring 24-25)/CPEN313 (Computer Embedded Systems)/Project/BitonicSorter.sv Line: 4
    Info (15718): Pin "a25[12]" is virtual input pin File: C:/Users/sony/Desktop/UOB/Semester 7 (Spring 24-25)/CPEN313 (Computer Embedded Systems)/Project/BitonicSorter.sv Line: 4
    Info (15718): Pin "a25[13]" is virtual input pin File: C:/Users/sony/Desktop/UOB/Semester 7 (Spring 24-25)/CPEN313 (Computer Embedded Systems)/Project/BitonicSorter.sv Line: 4
    Info (15718): Pin "a25[14]" is virtual input pin File: C:/Users/sony/Desktop/UOB/Semester 7 (Spring 24-25)/CPEN313 (Computer Embedded Systems)/Project/BitonicSorter.sv Line: 4
    Info (15718): Pin "a25[15]" is virtual input pin File: C:/Users/sony/Desktop/UOB/Semester 7 (Spring 24-25)/CPEN313 (Computer Embedded Systems)/Project/BitonicSorter.sv Line: 4
    Info (15718): Pin "a26[0]" is virtual input pin File: C:/Users/sony/Desktop/UOB/Semester 7 (Spring 24-25)/CPEN313 (Computer Embedded Systems)/Project/BitonicSorter.sv Line: 4
    Info (15718): Pin "a26[1]" is virtual input pin File: C:/Users/sony/Desktop/UOB/Semester 7 (Spring 24-25)/CPEN313 (Computer Embedded Systems)/Project/BitonicSorter.sv Line: 4
    Info (15718): Pin "a26[2]" is virtual input pin File: C:/Users/sony/Desktop/UOB/Semester 7 (Spring 24-25)/CPEN313 (Computer Embedded Systems)/Project/BitonicSorter.sv Line: 4
    Info (15718): Pin "a26[3]" is virtual input pin File: C:/Users/sony/Desktop/UOB/Semester 7 (Spring 24-25)/CPEN313 (Computer Embedded Systems)/Project/BitonicSorter.sv Line: 4
    Info (15718): Pin "a26[4]" is virtual input pin File: C:/Users/sony/Desktop/UOB/Semester 7 (Spring 24-25)/CPEN313 (Computer Embedded Systems)/Project/BitonicSorter.sv Line: 4
    Info (15718): Pin "a26[5]" is virtual input pin File: C:/Users/sony/Desktop/UOB/Semester 7 (Spring 24-25)/CPEN313 (Computer Embedded Systems)/Project/BitonicSorter.sv Line: 4
    Info (15718): Pin "a26[6]" is virtual input pin File: C:/Users/sony/Desktop/UOB/Semester 7 (Spring 24-25)/CPEN313 (Computer Embedded Systems)/Project/BitonicSorter.sv Line: 4
    Info (15718): Pin "a26[7]" is virtual input pin File: C:/Users/sony/Desktop/UOB/Semester 7 (Spring 24-25)/CPEN313 (Computer Embedded Systems)/Project/BitonicSorter.sv Line: 4
    Info (15718): Pin "a26[8]" is virtual input pin File: C:/Users/sony/Desktop/UOB/Semester 7 (Spring 24-25)/CPEN313 (Computer Embedded Systems)/Project/BitonicSorter.sv Line: 4
    Info (15718): Pin "a26[9]" is virtual input pin File: C:/Users/sony/Desktop/UOB/Semester 7 (Spring 24-25)/CPEN313 (Computer Embedded Systems)/Project/BitonicSorter.sv Line: 4
    Info (15718): Pin "a26[10]" is virtual input pin File: C:/Users/sony/Desktop/UOB/Semester 7 (Spring 24-25)/CPEN313 (Computer Embedded Systems)/Project/BitonicSorter.sv Line: 4
    Info (15718): Pin "a26[11]" is virtual input pin File: C:/Users/sony/Desktop/UOB/Semester 7 (Spring 24-25)/CPEN313 (Computer Embedded Systems)/Project/BitonicSorter.sv Line: 4
    Info (15718): Pin "a26[12]" is virtual input pin File: C:/Users/sony/Desktop/UOB/Semester 7 (Spring 24-25)/CPEN313 (Computer Embedded Systems)/Project/BitonicSorter.sv Line: 4
    Info (15718): Pin "a26[13]" is virtual input pin File: C:/Users/sony/Desktop/UOB/Semester 7 (Spring 24-25)/CPEN313 (Computer Embedded Systems)/Project/BitonicSorter.sv Line: 4
    Info (15718): Pin "a26[14]" is virtual input pin File: C:/Users/sony/Desktop/UOB/Semester 7 (Spring 24-25)/CPEN313 (Computer Embedded Systems)/Project/BitonicSorter.sv Line: 4
    Info (15718): Pin "a26[15]" is virtual input pin File: C:/Users/sony/Desktop/UOB/Semester 7 (Spring 24-25)/CPEN313 (Computer Embedded Systems)/Project/BitonicSorter.sv Line: 4
    Info (15718): Pin "a27[0]" is virtual input pin File: C:/Users/sony/Desktop/UOB/Semester 7 (Spring 24-25)/CPEN313 (Computer Embedded Systems)/Project/BitonicSorter.sv Line: 4
    Info (15718): Pin "a27[1]" is virtual input pin File: C:/Users/sony/Desktop/UOB/Semester 7 (Spring 24-25)/CPEN313 (Computer Embedded Systems)/Project/BitonicSorter.sv Line: 4
    Info (15718): Pin "a27[2]" is virtual input pin File: C:/Users/sony/Desktop/UOB/Semester 7 (Spring 24-25)/CPEN313 (Computer Embedded Systems)/Project/BitonicSorter.sv Line: 4
    Info (15718): Pin "a27[3]" is virtual input pin File: C:/Users/sony/Desktop/UOB/Semester 7 (Spring 24-25)/CPEN313 (Computer Embedded Systems)/Project/BitonicSorter.sv Line: 4
    Info (15718): Pin "a27[4]" is virtual input pin File: C:/Users/sony/Desktop/UOB/Semester 7 (Spring 24-25)/CPEN313 (Computer Embedded Systems)/Project/BitonicSorter.sv Line: 4
    Info (15718): Pin "a27[5]" is virtual input pin File: C:/Users/sony/Desktop/UOB/Semester 7 (Spring 24-25)/CPEN313 (Computer Embedded Systems)/Project/BitonicSorter.sv Line: 4
    Info (15718): Pin "a27[6]" is virtual input pin File: C:/Users/sony/Desktop/UOB/Semester 7 (Spring 24-25)/CPEN313 (Computer Embedded Systems)/Project/BitonicSorter.sv Line: 4
    Info (15718): Pin "a27[7]" is virtual input pin File: C:/Users/sony/Desktop/UOB/Semester 7 (Spring 24-25)/CPEN313 (Computer Embedded Systems)/Project/BitonicSorter.sv Line: 4
    Info (15718): Pin "a27[8]" is virtual input pin File: C:/Users/sony/Desktop/UOB/Semester 7 (Spring 24-25)/CPEN313 (Computer Embedded Systems)/Project/BitonicSorter.sv Line: 4
    Info (15718): Pin "a27[9]" is virtual input pin File: C:/Users/sony/Desktop/UOB/Semester 7 (Spring 24-25)/CPEN313 (Computer Embedded Systems)/Project/BitonicSorter.sv Line: 4
    Info (15718): Pin "a27[10]" is virtual input pin File: C:/Users/sony/Desktop/UOB/Semester 7 (Spring 24-25)/CPEN313 (Computer Embedded Systems)/Project/BitonicSorter.sv Line: 4
    Info (15718): Pin "a27[11]" is virtual input pin File: C:/Users/sony/Desktop/UOB/Semester 7 (Spring 24-25)/CPEN313 (Computer Embedded Systems)/Project/BitonicSorter.sv Line: 4
    Info (15718): Pin "a27[12]" is virtual input pin File: C:/Users/sony/Desktop/UOB/Semester 7 (Spring 24-25)/CPEN313 (Computer Embedded Systems)/Project/BitonicSorter.sv Line: 4
    Info (15718): Pin "a27[13]" is virtual input pin File: C:/Users/sony/Desktop/UOB/Semester 7 (Spring 24-25)/CPEN313 (Computer Embedded Systems)/Project/BitonicSorter.sv Line: 4
    Info (15718): Pin "a27[14]" is virtual input pin File: C:/Users/sony/Desktop/UOB/Semester 7 (Spring 24-25)/CPEN313 (Computer Embedded Systems)/Project/BitonicSorter.sv Line: 4
    Info (15718): Pin "a27[15]" is virtual input pin File: C:/Users/sony/Desktop/UOB/Semester 7 (Spring 24-25)/CPEN313 (Computer Embedded Systems)/Project/BitonicSorter.sv Line: 4
    Info (15718): Pin "a28[0]" is virtual input pin File: C:/Users/sony/Desktop/UOB/Semester 7 (Spring 24-25)/CPEN313 (Computer Embedded Systems)/Project/BitonicSorter.sv Line: 4
    Info (15718): Pin "a28[1]" is virtual input pin File: C:/Users/sony/Desktop/UOB/Semester 7 (Spring 24-25)/CPEN313 (Computer Embedded Systems)/Project/BitonicSorter.sv Line: 4
    Info (15718): Pin "a28[2]" is virtual input pin File: C:/Users/sony/Desktop/UOB/Semester 7 (Spring 24-25)/CPEN313 (Computer Embedded Systems)/Project/BitonicSorter.sv Line: 4
    Info (15718): Pin "a28[3]" is virtual input pin File: C:/Users/sony/Desktop/UOB/Semester 7 (Spring 24-25)/CPEN313 (Computer Embedded Systems)/Project/BitonicSorter.sv Line: 4
    Info (15718): Pin "a28[4]" is virtual input pin File: C:/Users/sony/Desktop/UOB/Semester 7 (Spring 24-25)/CPEN313 (Computer Embedded Systems)/Project/BitonicSorter.sv Line: 4
    Info (15718): Pin "a28[5]" is virtual input pin File: C:/Users/sony/Desktop/UOB/Semester 7 (Spring 24-25)/CPEN313 (Computer Embedded Systems)/Project/BitonicSorter.sv Line: 4
    Info (15718): Pin "a28[6]" is virtual input pin File: C:/Users/sony/Desktop/UOB/Semester 7 (Spring 24-25)/CPEN313 (Computer Embedded Systems)/Project/BitonicSorter.sv Line: 4
    Info (15718): Pin "a28[7]" is virtual input pin File: C:/Users/sony/Desktop/UOB/Semester 7 (Spring 24-25)/CPEN313 (Computer Embedded Systems)/Project/BitonicSorter.sv Line: 4
    Info (15718): Pin "a28[8]" is virtual input pin File: C:/Users/sony/Desktop/UOB/Semester 7 (Spring 24-25)/CPEN313 (Computer Embedded Systems)/Project/BitonicSorter.sv Line: 4
    Info (15718): Pin "a28[9]" is virtual input pin File: C:/Users/sony/Desktop/UOB/Semester 7 (Spring 24-25)/CPEN313 (Computer Embedded Systems)/Project/BitonicSorter.sv Line: 4
    Info (15718): Pin "a28[10]" is virtual input pin File: C:/Users/sony/Desktop/UOB/Semester 7 (Spring 24-25)/CPEN313 (Computer Embedded Systems)/Project/BitonicSorter.sv Line: 4
    Info (15718): Pin "a28[11]" is virtual input pin File: C:/Users/sony/Desktop/UOB/Semester 7 (Spring 24-25)/CPEN313 (Computer Embedded Systems)/Project/BitonicSorter.sv Line: 4
    Info (15718): Pin "a28[12]" is virtual input pin File: C:/Users/sony/Desktop/UOB/Semester 7 (Spring 24-25)/CPEN313 (Computer Embedded Systems)/Project/BitonicSorter.sv Line: 4
    Info (15718): Pin "a28[13]" is virtual input pin File: C:/Users/sony/Desktop/UOB/Semester 7 (Spring 24-25)/CPEN313 (Computer Embedded Systems)/Project/BitonicSorter.sv Line: 4
    Info (15718): Pin "a28[14]" is virtual input pin File: C:/Users/sony/Desktop/UOB/Semester 7 (Spring 24-25)/CPEN313 (Computer Embedded Systems)/Project/BitonicSorter.sv Line: 4
    Info (15718): Pin "a28[15]" is virtual input pin File: C:/Users/sony/Desktop/UOB/Semester 7 (Spring 24-25)/CPEN313 (Computer Embedded Systems)/Project/BitonicSorter.sv Line: 4
    Info (15718): Pin "a29[0]" is virtual input pin File: C:/Users/sony/Desktop/UOB/Semester 7 (Spring 24-25)/CPEN313 (Computer Embedded Systems)/Project/BitonicSorter.sv Line: 4
    Info (15718): Pin "a29[1]" is virtual input pin File: C:/Users/sony/Desktop/UOB/Semester 7 (Spring 24-25)/CPEN313 (Computer Embedded Systems)/Project/BitonicSorter.sv Line: 4
    Info (15718): Pin "a29[2]" is virtual input pin File: C:/Users/sony/Desktop/UOB/Semester 7 (Spring 24-25)/CPEN313 (Computer Embedded Systems)/Project/BitonicSorter.sv Line: 4
    Info (15718): Pin "a29[3]" is virtual input pin File: C:/Users/sony/Desktop/UOB/Semester 7 (Spring 24-25)/CPEN313 (Computer Embedded Systems)/Project/BitonicSorter.sv Line: 4
    Info (15718): Pin "a29[4]" is virtual input pin File: C:/Users/sony/Desktop/UOB/Semester 7 (Spring 24-25)/CPEN313 (Computer Embedded Systems)/Project/BitonicSorter.sv Line: 4
    Info (15718): Pin "a29[5]" is virtual input pin File: C:/Users/sony/Desktop/UOB/Semester 7 (Spring 24-25)/CPEN313 (Computer Embedded Systems)/Project/BitonicSorter.sv Line: 4
    Info (15718): Pin "a29[6]" is virtual input pin File: C:/Users/sony/Desktop/UOB/Semester 7 (Spring 24-25)/CPEN313 (Computer Embedded Systems)/Project/BitonicSorter.sv Line: 4
    Info (15718): Pin "a29[7]" is virtual input pin File: C:/Users/sony/Desktop/UOB/Semester 7 (Spring 24-25)/CPEN313 (Computer Embedded Systems)/Project/BitonicSorter.sv Line: 4
    Info (15718): Pin "a29[8]" is virtual input pin File: C:/Users/sony/Desktop/UOB/Semester 7 (Spring 24-25)/CPEN313 (Computer Embedded Systems)/Project/BitonicSorter.sv Line: 4
    Info (15718): Pin "a29[9]" is virtual input pin File: C:/Users/sony/Desktop/UOB/Semester 7 (Spring 24-25)/CPEN313 (Computer Embedded Systems)/Project/BitonicSorter.sv Line: 4
    Info (15718): Pin "a29[10]" is virtual input pin File: C:/Users/sony/Desktop/UOB/Semester 7 (Spring 24-25)/CPEN313 (Computer Embedded Systems)/Project/BitonicSorter.sv Line: 4
    Info (15718): Pin "a29[11]" is virtual input pin File: C:/Users/sony/Desktop/UOB/Semester 7 (Spring 24-25)/CPEN313 (Computer Embedded Systems)/Project/BitonicSorter.sv Line: 4
    Info (15718): Pin "a29[12]" is virtual input pin File: C:/Users/sony/Desktop/UOB/Semester 7 (Spring 24-25)/CPEN313 (Computer Embedded Systems)/Project/BitonicSorter.sv Line: 4
    Info (15718): Pin "a29[13]" is virtual input pin File: C:/Users/sony/Desktop/UOB/Semester 7 (Spring 24-25)/CPEN313 (Computer Embedded Systems)/Project/BitonicSorter.sv Line: 4
    Info (15718): Pin "a29[14]" is virtual input pin File: C:/Users/sony/Desktop/UOB/Semester 7 (Spring 24-25)/CPEN313 (Computer Embedded Systems)/Project/BitonicSorter.sv Line: 4
    Info (15718): Pin "a29[15]" is virtual input pin File: C:/Users/sony/Desktop/UOB/Semester 7 (Spring 24-25)/CPEN313 (Computer Embedded Systems)/Project/BitonicSorter.sv Line: 4
    Info (15718): Pin "a30[0]" is virtual input pin File: C:/Users/sony/Desktop/UOB/Semester 7 (Spring 24-25)/CPEN313 (Computer Embedded Systems)/Project/BitonicSorter.sv Line: 4
    Info (15718): Pin "a30[1]" is virtual input pin File: C:/Users/sony/Desktop/UOB/Semester 7 (Spring 24-25)/CPEN313 (Computer Embedded Systems)/Project/BitonicSorter.sv Line: 4
    Info (15718): Pin "a30[2]" is virtual input pin File: C:/Users/sony/Desktop/UOB/Semester 7 (Spring 24-25)/CPEN313 (Computer Embedded Systems)/Project/BitonicSorter.sv Line: 4
    Info (15718): Pin "a30[3]" is virtual input pin File: C:/Users/sony/Desktop/UOB/Semester 7 (Spring 24-25)/CPEN313 (Computer Embedded Systems)/Project/BitonicSorter.sv Line: 4
    Info (15718): Pin "a30[4]" is virtual input pin File: C:/Users/sony/Desktop/UOB/Semester 7 (Spring 24-25)/CPEN313 (Computer Embedded Systems)/Project/BitonicSorter.sv Line: 4
    Info (15718): Pin "a30[5]" is virtual input pin File: C:/Users/sony/Desktop/UOB/Semester 7 (Spring 24-25)/CPEN313 (Computer Embedded Systems)/Project/BitonicSorter.sv Line: 4
    Info (15718): Pin "a30[6]" is virtual input pin File: C:/Users/sony/Desktop/UOB/Semester 7 (Spring 24-25)/CPEN313 (Computer Embedded Systems)/Project/BitonicSorter.sv Line: 4
    Info (15718): Pin "a30[7]" is virtual input pin File: C:/Users/sony/Desktop/UOB/Semester 7 (Spring 24-25)/CPEN313 (Computer Embedded Systems)/Project/BitonicSorter.sv Line: 4
    Info (15718): Pin "a30[8]" is virtual input pin File: C:/Users/sony/Desktop/UOB/Semester 7 (Spring 24-25)/CPEN313 (Computer Embedded Systems)/Project/BitonicSorter.sv Line: 4
    Info (15718): Pin "a30[9]" is virtual input pin File: C:/Users/sony/Desktop/UOB/Semester 7 (Spring 24-25)/CPEN313 (Computer Embedded Systems)/Project/BitonicSorter.sv Line: 4
    Info (15718): Pin "a30[10]" is virtual input pin File: C:/Users/sony/Desktop/UOB/Semester 7 (Spring 24-25)/CPEN313 (Computer Embedded Systems)/Project/BitonicSorter.sv Line: 4
    Info (15718): Pin "a30[11]" is virtual input pin File: C:/Users/sony/Desktop/UOB/Semester 7 (Spring 24-25)/CPEN313 (Computer Embedded Systems)/Project/BitonicSorter.sv Line: 4
    Info (15718): Pin "a30[12]" is virtual input pin File: C:/Users/sony/Desktop/UOB/Semester 7 (Spring 24-25)/CPEN313 (Computer Embedded Systems)/Project/BitonicSorter.sv Line: 4
    Info (15718): Pin "a30[13]" is virtual input pin File: C:/Users/sony/Desktop/UOB/Semester 7 (Spring 24-25)/CPEN313 (Computer Embedded Systems)/Project/BitonicSorter.sv Line: 4
    Info (15718): Pin "a30[14]" is virtual input pin File: C:/Users/sony/Desktop/UOB/Semester 7 (Spring 24-25)/CPEN313 (Computer Embedded Systems)/Project/BitonicSorter.sv Line: 4
    Info (15718): Pin "a30[15]" is virtual input pin File: C:/Users/sony/Desktop/UOB/Semester 7 (Spring 24-25)/CPEN313 (Computer Embedded Systems)/Project/BitonicSorter.sv Line: 4
    Info (15718): Pin "a31[0]" is virtual input pin File: C:/Users/sony/Desktop/UOB/Semester 7 (Spring 24-25)/CPEN313 (Computer Embedded Systems)/Project/BitonicSorter.sv Line: 4
    Info (15718): Pin "a31[1]" is virtual input pin File: C:/Users/sony/Desktop/UOB/Semester 7 (Spring 24-25)/CPEN313 (Computer Embedded Systems)/Project/BitonicSorter.sv Line: 4
    Info (15718): Pin "a31[2]" is virtual input pin File: C:/Users/sony/Desktop/UOB/Semester 7 (Spring 24-25)/CPEN313 (Computer Embedded Systems)/Project/BitonicSorter.sv Line: 4
    Info (15718): Pin "a31[3]" is virtual input pin File: C:/Users/sony/Desktop/UOB/Semester 7 (Spring 24-25)/CPEN313 (Computer Embedded Systems)/Project/BitonicSorter.sv Line: 4
    Info (15718): Pin "a31[4]" is virtual input pin File: C:/Users/sony/Desktop/UOB/Semester 7 (Spring 24-25)/CPEN313 (Computer Embedded Systems)/Project/BitonicSorter.sv Line: 4
    Info (15718): Pin "a31[5]" is virtual input pin File: C:/Users/sony/Desktop/UOB/Semester 7 (Spring 24-25)/CPEN313 (Computer Embedded Systems)/Project/BitonicSorter.sv Line: 4
    Info (15718): Pin "a31[6]" is virtual input pin File: C:/Users/sony/Desktop/UOB/Semester 7 (Spring 24-25)/CPEN313 (Computer Embedded Systems)/Project/BitonicSorter.sv Line: 4
    Info (15718): Pin "a31[7]" is virtual input pin File: C:/Users/sony/Desktop/UOB/Semester 7 (Spring 24-25)/CPEN313 (Computer Embedded Systems)/Project/BitonicSorter.sv Line: 4
    Info (15718): Pin "a31[8]" is virtual input pin File: C:/Users/sony/Desktop/UOB/Semester 7 (Spring 24-25)/CPEN313 (Computer Embedded Systems)/Project/BitonicSorter.sv Line: 4
    Info (15718): Pin "a31[9]" is virtual input pin File: C:/Users/sony/Desktop/UOB/Semester 7 (Spring 24-25)/CPEN313 (Computer Embedded Systems)/Project/BitonicSorter.sv Line: 4
    Info (15718): Pin "a31[10]" is virtual input pin File: C:/Users/sony/Desktop/UOB/Semester 7 (Spring 24-25)/CPEN313 (Computer Embedded Systems)/Project/BitonicSorter.sv Line: 4
    Info (15718): Pin "a31[11]" is virtual input pin File: C:/Users/sony/Desktop/UOB/Semester 7 (Spring 24-25)/CPEN313 (Computer Embedded Systems)/Project/BitonicSorter.sv Line: 4
    Info (15718): Pin "a31[12]" is virtual input pin File: C:/Users/sony/Desktop/UOB/Semester 7 (Spring 24-25)/CPEN313 (Computer Embedded Systems)/Project/BitonicSorter.sv Line: 4
    Info (15718): Pin "a31[13]" is virtual input pin File: C:/Users/sony/Desktop/UOB/Semester 7 (Spring 24-25)/CPEN313 (Computer Embedded Systems)/Project/BitonicSorter.sv Line: 4
    Info (15718): Pin "a31[14]" is virtual input pin File: C:/Users/sony/Desktop/UOB/Semester 7 (Spring 24-25)/CPEN313 (Computer Embedded Systems)/Project/BitonicSorter.sv Line: 4
    Info (15718): Pin "a31[15]" is virtual input pin File: C:/Users/sony/Desktop/UOB/Semester 7 (Spring 24-25)/CPEN313 (Computer Embedded Systems)/Project/BitonicSorter.sv Line: 4
Info (21057): Implemented 5069 device resources after synthesis - the final resource count might be different
    Info (21058): Implemented 2 input pins
    Info (21059): Implemented 0 output pins
    Info (21061): Implemented 5067 logic cells
Info: Quartus Prime Analysis & Synthesis was successful. 0 errors, 515 warnings
    Info: Peak virtual memory: 4834 megabytes
    Info: Processing ended: Wed May 21 11:09:54 2025
    Info: Elapsed time: 00:00:41
    Info: Total CPU time (on all processors): 00:01:01


