Timing Analyzer report for BitonicSorter
Wed May 21 11:17:48 2025
Quartus Prime Version 18.1.0 Build 625 09/12/2018 SJ Lite Edition


---------------------
; Table of Contents ;
---------------------
  1. Legal Notice
  2. Timing Analyzer Summary
  3. Parallel Compilation
  4. Clocks
  5. Slow 1100mV 85C Model Fmax Summary
  6. Timing Closure Recommendations
  7. Slow 1100mV 85C Model Setup Summary
  8. Slow 1100mV 85C Model Hold Summary
  9. Slow 1100mV 85C Model Recovery Summary
 10. Slow 1100mV 85C Model Removal Summary
 11. Slow 1100mV 85C Model Minimum Pulse Width Summary
 12. Slow 1100mV 85C Model Metastability Summary
 13. Slow 1100mV 0C Model Fmax Summary
 14. Slow 1100mV 0C Model Setup Summary
 15. Slow 1100mV 0C Model Hold Summary
 16. Slow 1100mV 0C Model Recovery Summary
 17. Slow 1100mV 0C Model Removal Summary
 18. Slow 1100mV 0C Model Minimum Pulse Width Summary
 19. Slow 1100mV 0C Model Metastability Summary
 20. Fast 1100mV 85C Model Setup Summary
 21. Fast 1100mV 85C Model Hold Summary
 22. Fast 1100mV 85C Model Recovery Summary
 23. Fast 1100mV 85C Model Removal Summary
 24. Fast 1100mV 85C Model Minimum Pulse Width Summary
 25. Fast 1100mV 85C Model Metastability Summary
 26. Fast 1100mV 0C Model Setup Summary
 27. Fast 1100mV 0C Model Hold Summary
 28. Fast 1100mV 0C Model Recovery Summary
 29. Fast 1100mV 0C Model Removal Summary
 30. Fast 1100mV 0C Model Minimum Pulse Width Summary
 31. Fast 1100mV 0C Model Metastability Summary
 32. Multicorner Timing Analysis Summary
 33. Board Trace Model Assignments
 34. Input Transition Times
 35. Signal Integrity Metrics (Slow 1100mv 0c Model)
 36. Signal Integrity Metrics (Slow 1100mv 85c Model)
 37. Signal Integrity Metrics (Fast 1100mv 0c Model)
 38. Signal Integrity Metrics (Fast 1100mv 85c Model)
 39. Setup Transfers
 40. Hold Transfers
 41. Recovery Transfers
 42. Removal Transfers
 43. Report TCCS
 44. Report RSKM
 45. Unconstrained Paths Summary
 46. Clock Status Summary
 47. Unconstrained Input Ports
 48. Unconstrained Output Ports
 49. Unconstrained Input Ports
 50. Unconstrained Output Ports
 51. Timing Analyzer Messages



----------------
; Legal Notice ;
----------------
Copyright (C) 2018  Intel Corporation. All rights reserved.
Your use of Intel Corporation's design tools, logic functions 
and other software and tools, and its AMPP partner logic 
functions, and any output files from any of the foregoing 
(including device programming or simulation files), and any 
associated documentation or information are expressly subject 
to the terms and conditions of the Intel Program License 
Subscription Agreement, the Intel Quartus Prime License Agreement,
the Intel FPGA IP License Agreement, or other applicable license
agreement, including, without limitation, that your use is for
the sole purpose of programming logic devices manufactured by
Intel and sold by Intel or its authorized distributors.  Please
refer to the applicable agreement for further details.



+-----------------------------------------------------------------------------+
; Timing Analyzer Summary                                                     ;
+-----------------------+-----------------------------------------------------+
; Quartus Prime Version ; Version 18.1.0 Build 625 09/12/2018 SJ Lite Edition ;
; Timing Analyzer       ; Legacy Timing Analyzer                              ;
; Revision Name         ; BitonicSorter                                       ;
; Device Family         ; Cyclone V                                           ;
; Device Name           ; 5CSEMA5F31C6                                        ;
; Timing Models         ; Final                                               ;
; Delay Model           ; Combined                                            ;
; Rise/Fall Delays      ; Enabled                                             ;
+-----------------------+-----------------------------------------------------+


+------------------------------------------+
; Parallel Compilation                     ;
+----------------------------+-------------+
; Processors                 ; Number      ;
+----------------------------+-------------+
; Number detected on machine ; 4           ;
; Maximum allowed            ; 2           ;
;                            ;             ;
; Average used               ; 1.68        ;
; Maximum used               ; 2           ;
;                            ;             ;
; Usage by Processor         ; % Time Used ;
;     Processor 1            ; 100.0%      ;
;     Processor 2            ;  68.2%      ;
+----------------------------+-------------+


+----------------------------------------------------------------------------------------------------------------------------------------------------------------------------------+
; Clocks                                                                                                                                                                           ;
+------------+------+--------+------------+-------+-------+------------+-----------+-------------+-------+--------+-----------+------------+----------+--------+--------+----------+
; Clock Name ; Type ; Period ; Frequency  ; Rise  ; Fall  ; Duty Cycle ; Divide by ; Multiply by ; Phase ; Offset ; Edge List ; Edge Shift ; Inverted ; Master ; Source ; Targets  ;
+------------+------+--------+------------+-------+-------+------------+-----------+-------------+-------+--------+-----------+------------+----------+--------+--------+----------+
; clk        ; Base ; 1.000  ; 1000.0 MHz ; 0.000 ; 0.500 ;            ;           ;             ;       ;        ;           ;            ;          ;        ;        ; { clk }  ;
; rstN       ; Base ; 1.000  ; 1000.0 MHz ; 0.000 ; 0.500 ;            ;           ;             ;       ;        ;           ;            ;          ;        ;        ; { rstN } ;
+------------+------+--------+------------+-------+-------+------------+-----------+-------------+-------+--------+-----------+------------+----------+--------+--------+----------+


+--------------------------------------------------+
; Slow 1100mV 85C Model Fmax Summary               ;
+------------+-----------------+------------+------+
; Fmax       ; Restricted Fmax ; Clock Name ; Note ;
+------------+-----------------+------------+------+
; 107.23 MHz ; 107.23 MHz      ; clk        ;      ;
+------------+-----------------+------------+------+
This panel reports FMAX for every clock in the design, regardless of the user-specified clock periods.  FMAX is only computed for paths where the source and destination registers or ports are driven by the same clock.  Paths of different clocks, including generated clocks, are ignored.  For paths between a clock and its inversion, FMAX is computed as if the rising and falling edges are scaled along with FMAX, such that the duty cycle (in terms of a percentage) is maintained. Altera recommends that you always use clock constraints and other slack reports for sign-off analysis.


----------------------------------
; Timing Closure Recommendations ;
----------------------------------
HTML report is unavailable in plain text report export.


+-------------------------------------+
; Slow 1100mV 85C Model Setup Summary ;
+-------+--------+--------------------+
; Clock ; Slack  ; End Point TNS      ;
+-------+--------+--------------------+
; clk   ; -8.326 ; -3816.440          ;
+-------+--------+--------------------+


+------------------------------------+
; Slow 1100mV 85C Model Hold Summary ;
+-------+-------+--------------------+
; Clock ; Slack ; End Point TNS      ;
+-------+-------+--------------------+
; clk   ; 0.278 ; 0.000              ;
+-------+-------+--------------------+


+----------------------------------------+
; Slow 1100mV 85C Model Recovery Summary ;
+-------+--------+-----------------------+
; Clock ; Slack  ; End Point TNS         ;
+-------+--------+-----------------------+
; clk   ; -0.304 ; -148.928              ;
+-------+--------+-----------------------+


+---------------------------------------+
; Slow 1100mV 85C Model Removal Summary ;
+-------+--------+----------------------+
; Clock ; Slack  ; End Point TNS        ;
+-------+--------+----------------------+
; clk   ; -0.404 ; -198.141             ;
+-------+--------+----------------------+


+---------------------------------------------------+
; Slow 1100mV 85C Model Minimum Pulse Width Summary ;
+-------+--------+----------------------------------+
; Clock ; Slack  ; End Point TNS                    ;
+-------+--------+----------------------------------+
; clk   ; -0.394 ; -276.854                         ;
; rstN  ; -0.010 ; -0.010                           ;
+-------+--------+----------------------------------+


-----------------------------------------------
; Slow 1100mV 85C Model Metastability Summary ;
-----------------------------------------------
No synchronizer chains to report.


+--------------------------------------------------+
; Slow 1100mV 0C Model Fmax Summary                ;
+------------+-----------------+------------+------+
; Fmax       ; Restricted Fmax ; Clock Name ; Note ;
+------------+-----------------+------------+------+
; 109.06 MHz ; 109.06 MHz      ; clk        ;      ;
+------------+-----------------+------------+------+
This panel reports FMAX for every clock in the design, regardless of the user-specified clock periods.  FMAX is only computed for paths where the source and destination registers or ports are driven by the same clock.  Paths of different clocks, including generated clocks, are ignored.  For paths between a clock and its inversion, FMAX is computed as if the rising and falling edges are scaled along with FMAX, such that the duty cycle (in terms of a percentage) is maintained. Altera recommends that you always use clock constraints and other slack reports for sign-off analysis.


+------------------------------------+
; Slow 1100mV 0C Model Setup Summary ;
+-------+--------+-------------------+
; Clock ; Slack  ; End Point TNS     ;
+-------+--------+-------------------+
; clk   ; -8.169 ; -3714.673         ;
+-------+--------+-------------------+


+-----------------------------------+
; Slow 1100mV 0C Model Hold Summary ;
+-------+-------+-------------------+
; Clock ; Slack ; End Point TNS     ;
+-------+-------+-------------------+
; clk   ; 0.116 ; 0.000             ;
+-------+-------+-------------------+


+---------------------------------------+
; Slow 1100mV 0C Model Recovery Summary ;
+-------+--------+----------------------+
; Clock ; Slack  ; End Point TNS        ;
+-------+--------+----------------------+
; clk   ; -0.272 ; -135.982             ;
+-------+--------+----------------------+


+--------------------------------------+
; Slow 1100mV 0C Model Removal Summary ;
+-------+--------+---------------------+
; Clock ; Slack  ; End Point TNS       ;
+-------+--------+---------------------+
; clk   ; -0.340 ; -163.502            ;
+-------+--------+---------------------+


+--------------------------------------------------+
; Slow 1100mV 0C Model Minimum Pulse Width Summary ;
+-------+--------+---------------------------------+
; Clock ; Slack  ; End Point TNS                   ;
+-------+--------+---------------------------------+
; clk   ; -0.394 ; -305.927                        ;
; rstN  ; -0.002 ; -0.002                          ;
+-------+--------+---------------------------------+


----------------------------------------------
; Slow 1100mV 0C Model Metastability Summary ;
----------------------------------------------
No synchronizer chains to report.


+-------------------------------------+
; Fast 1100mV 85C Model Setup Summary ;
+-------+--------+--------------------+
; Clock ; Slack  ; End Point TNS      ;
+-------+--------+--------------------+
; clk   ; -5.090 ; -2339.677          ;
+-------+--------+--------------------+


+------------------------------------+
; Fast 1100mV 85C Model Hold Summary ;
+-------+-------+--------------------+
; Clock ; Slack ; End Point TNS      ;
+-------+-------+--------------------+
; clk   ; 0.096 ; 0.000              ;
+-------+-------+--------------------+


+----------------------------------------+
; Fast 1100mV 85C Model Recovery Summary ;
+-------+--------+-----------------------+
; Clock ; Slack  ; End Point TNS         ;
+-------+--------+-----------------------+
; clk   ; -0.276 ; -139.404              ;
+-------+--------+-----------------------+


+---------------------------------------+
; Fast 1100mV 85C Model Removal Summary ;
+-------+--------+----------------------+
; Clock ; Slack  ; End Point TNS        ;
+-------+--------+----------------------+
; clk   ; -0.257 ; -127.520             ;
+-------+--------+----------------------+


+---------------------------------------------------+
; Fast 1100mV 85C Model Minimum Pulse Width Summary ;
+-------+--------+----------------------------------+
; Clock ; Slack  ; End Point TNS                    ;
+-------+--------+----------------------------------+
; rstN  ; -0.255 ; -83.126                          ;
; clk   ; -0.081 ; -39.187                          ;
+-------+--------+----------------------------------+


-----------------------------------------------
; Fast 1100mV 85C Model Metastability Summary ;
-----------------------------------------------
No synchronizer chains to report.


+------------------------------------+
; Fast 1100mV 0C Model Setup Summary ;
+-------+--------+-------------------+
; Clock ; Slack  ; End Point TNS     ;
+-------+--------+-------------------+
; clk   ; -4.552 ; -2078.871         ;
+-------+--------+-------------------+


+-----------------------------------+
; Fast 1100mV 0C Model Hold Summary ;
+-------+-------+-------------------+
; Clock ; Slack ; End Point TNS     ;
+-------+-------+-------------------+
; clk   ; 0.022 ; 0.000             ;
+-------+-------+-------------------+


+---------------------------------------+
; Fast 1100mV 0C Model Recovery Summary ;
+-------+--------+----------------------+
; Clock ; Slack  ; End Point TNS        ;
+-------+--------+----------------------+
; clk   ; -0.299 ; -152.554             ;
+-------+--------+----------------------+


+--------------------------------------+
; Fast 1100mV 0C Model Removal Summary ;
+-------+--------+---------------------+
; Clock ; Slack  ; End Point TNS       ;
+-------+--------+---------------------+
; clk   ; -0.232 ; -114.124            ;
+-------+--------+---------------------+


+--------------------------------------------------+
; Fast 1100mV 0C Model Minimum Pulse Width Summary ;
+-------+--------+---------------------------------+
; Clock ; Slack  ; End Point TNS                   ;
+-------+--------+---------------------------------+
; rstN  ; -0.218 ; -80.484                         ;
; clk   ; -0.083 ; -40.372                         ;
+-------+--------+---------------------------------+


----------------------------------------------
; Fast 1100mV 0C Model Metastability Summary ;
----------------------------------------------
No synchronizer chains to report.


+----------------------------------------------------------------------------------+
; Multicorner Timing Analysis Summary                                              ;
+------------------+-----------+-------+----------+----------+---------------------+
; Clock            ; Setup     ; Hold  ; Recovery ; Removal  ; Minimum Pulse Width ;
+------------------+-----------+-------+----------+----------+---------------------+
; Worst-case Slack ; -8.326    ; 0.022 ; -0.304   ; -0.404   ; -0.394              ;
;  clk             ; -8.326    ; 0.022 ; -0.304   ; -0.404   ; -0.394              ;
;  rstN            ; N/A       ; N/A   ; N/A      ; N/A      ; -0.255              ;
; Design-wide TNS  ; -3816.44  ; 0.0   ; -152.554 ; -198.141 ; -305.929            ;
;  clk             ; -3816.440 ; 0.000 ; -152.554 ; -198.141 ; -305.927            ;
;  rstN            ; N/A       ; N/A   ; N/A      ; N/A      ; -83.126             ;
+------------------+-----------+-------+----------+----------+---------------------+


+--------------------------------------------------------------------------------------------------------------------------------------------------------------------------------------------------------------------------------------------------------------------------------------------------------------------------------------------------------------------------------------------------------+
; Board Trace Model Assignments                                                                                                                                                                                                                                                                                                                                                                          ;
+-----+--------------+-------------------+-------------------------+-------------------------+---------------+---------------------+----------------+------------------+--------+------------------+------------------------+------------------------+--------------+---------------+-----------------+-------+---------------------+--------------------+---------------+-----------------+-------------+
; Pin ; I/O Standard ; Near Tline Length ; Near Tline L per Length ; Near Tline C per Length ; Near Series R ; Near Differential R ; Near Pull-up R ; Near Pull-down R ; Near C ; Far Tline Length ; Far Tline L per Length ; Far Tline C per Length ; Far Series R ; Far Pull-up R ; Far Pull-down R ; Far C ; Termination Voltage ; Far Differential R ; EBD File Name ; EBD Signal Name ; EBD Far-end ;
+-----+--------------+-------------------+-------------------------+-------------------------+---------------+---------------------+----------------+------------------+--------+------------------+------------------------+------------------------+--------------+---------------+-----------------+-------+---------------------+--------------------+---------------+-----------------+-------------+


+---------------------------------------------------------+
; Input Transition Times                                  ;
+------+--------------+-----------------+-----------------+
; Pin  ; I/O Standard ; 10-90 Rise Time ; 90-10 Fall Time ;
+------+--------------+-----------------+-----------------+
; rstN ; 2.5 V        ; 2000 ps         ; 2000 ps         ;
; clk  ; 2.5 V        ; 2000 ps         ; 2000 ps         ;
+------+--------------+-----------------+-----------------+


+----------------------------------------------------------------------------------------------------------------------------------------------------------------------------------------------------------------------------------------------------------------------------------------------------------------------------------------------------------------------------------------------------------------------------------------------------------------------------------------------------------------------------------------------------------------------------------------------------------------------------------------------------------------------------------+
; Signal Integrity Metrics (Slow 1100mv 0c Model)                                                                                                                                                                                                                                                                                                                                                                                                                                                                                                                                                                                                                                  ;
+-----+--------------+---------------------+---------------------+------------------------------+------------------------------+---------------------+---------------------+--------------------------------------+--------------------------------------+-----------------------------+-----------------------------+----------------------------+----------------------------+-----------------------------+-----------------------------+--------------------+--------------------+-------------------------------------+-------------------------------------+----------------------------+----------------------------+---------------------------+---------------------------+
; Pin ; I/O Standard ; Board Delay on Rise ; Board Delay on Fall ; Steady State Voh at FPGA Pin ; Steady State Vol at FPGA Pin ; Voh Max at FPGA Pin ; Vol Min at FPGA Pin ; Ringback Voltage on Rise at FPGA Pin ; Ringback Voltage on Fall at FPGA Pin ; 10-90 Rise Time at FPGA Pin ; 90-10 Fall Time at FPGA Pin ; Monotonic Rise at FPGA Pin ; Monotonic Fall at FPGA Pin ; Steady State Voh at Far-end ; Steady State Vol at Far-end ; Voh Max at Far-end ; Vol Min at Far-end ; Ringback Voltage on Rise at Far-end ; Ringback Voltage on Fall at Far-end ; 10-90 Rise Time at Far-end ; 90-10 Fall Time at Far-end ; Monotonic Rise at Far-end ; Monotonic Fall at Far-end ;
+-----+--------------+---------------------+---------------------+------------------------------+------------------------------+---------------------+---------------------+--------------------------------------+--------------------------------------+-----------------------------+-----------------------------+----------------------------+----------------------------+-----------------------------+-----------------------------+--------------------+--------------------+-------------------------------------+-------------------------------------+----------------------------+----------------------------+---------------------------+---------------------------+


+----------------------------------------------------------------------------------------------------------------------------------------------------------------------------------------------------------------------------------------------------------------------------------------------------------------------------------------------------------------------------------------------------------------------------------------------------------------------------------------------------------------------------------------------------------------------------------------------------------------------------------------------------------------------------------+
; Signal Integrity Metrics (Slow 1100mv 85c Model)                                                                                                                                                                                                                                                                                                                                                                                                                                                                                                                                                                                                                                 ;
+-----+--------------+---------------------+---------------------+------------------------------+------------------------------+---------------------+---------------------+--------------------------------------+--------------------------------------+-----------------------------+-----------------------------+----------------------------+----------------------------+-----------------------------+-----------------------------+--------------------+--------------------+-------------------------------------+-------------------------------------+----------------------------+----------------------------+---------------------------+---------------------------+
; Pin ; I/O Standard ; Board Delay on Rise ; Board Delay on Fall ; Steady State Voh at FPGA Pin ; Steady State Vol at FPGA Pin ; Voh Max at FPGA Pin ; Vol Min at FPGA Pin ; Ringback Voltage on Rise at FPGA Pin ; Ringback Voltage on Fall at FPGA Pin ; 10-90 Rise Time at FPGA Pin ; 90-10 Fall Time at FPGA Pin ; Monotonic Rise at FPGA Pin ; Monotonic Fall at FPGA Pin ; Steady State Voh at Far-end ; Steady State Vol at Far-end ; Voh Max at Far-end ; Vol Min at Far-end ; Ringback Voltage on Rise at Far-end ; Ringback Voltage on Fall at Far-end ; 10-90 Rise Time at Far-end ; 90-10 Fall Time at Far-end ; Monotonic Rise at Far-end ; Monotonic Fall at Far-end ;
+-----+--------------+---------------------+---------------------+------------------------------+------------------------------+---------------------+---------------------+--------------------------------------+--------------------------------------+-----------------------------+-----------------------------+----------------------------+----------------------------+-----------------------------+-----------------------------+--------------------+--------------------+-------------------------------------+-------------------------------------+----------------------------+----------------------------+---------------------------+---------------------------+


+----------------------------------------------------------------------------------------------------------------------------------------------------------------------------------------------------------------------------------------------------------------------------------------------------------------------------------------------------------------------------------------------------------------------------------------------------------------------------------------------------------------------------------------------------------------------------------------------------------------------------------------------------------------------------------+
; Signal Integrity Metrics (Fast 1100mv 0c Model)                                                                                                                                                                                                                                                                                                                                                                                                                                                                                                                                                                                                                                  ;
+-----+--------------+---------------------+---------------------+------------------------------+------------------------------+---------------------+---------------------+--------------------------------------+--------------------------------------+-----------------------------+-----------------------------+----------------------------+----------------------------+-----------------------------+-----------------------------+--------------------+--------------------+-------------------------------------+-------------------------------------+----------------------------+----------------------------+---------------------------+---------------------------+
; Pin ; I/O Standard ; Board Delay on Rise ; Board Delay on Fall ; Steady State Voh at FPGA Pin ; Steady State Vol at FPGA Pin ; Voh Max at FPGA Pin ; Vol Min at FPGA Pin ; Ringback Voltage on Rise at FPGA Pin ; Ringback Voltage on Fall at FPGA Pin ; 10-90 Rise Time at FPGA Pin ; 90-10 Fall Time at FPGA Pin ; Monotonic Rise at FPGA Pin ; Monotonic Fall at FPGA Pin ; Steady State Voh at Far-end ; Steady State Vol at Far-end ; Voh Max at Far-end ; Vol Min at Far-end ; Ringback Voltage on Rise at Far-end ; Ringback Voltage on Fall at Far-end ; 10-90 Rise Time at Far-end ; 90-10 Fall Time at Far-end ; Monotonic Rise at Far-end ; Monotonic Fall at Far-end ;
+-----+--------------+---------------------+---------------------+------------------------------+------------------------------+---------------------+---------------------+--------------------------------------+--------------------------------------+-----------------------------+-----------------------------+----------------------------+----------------------------+-----------------------------+-----------------------------+--------------------+--------------------+-------------------------------------+-------------------------------------+----------------------------+----------------------------+---------------------------+---------------------------+


+----------------------------------------------------------------------------------------------------------------------------------------------------------------------------------------------------------------------------------------------------------------------------------------------------------------------------------------------------------------------------------------------------------------------------------------------------------------------------------------------------------------------------------------------------------------------------------------------------------------------------------------------------------------------------------+
; Signal Integrity Metrics (Fast 1100mv 85c Model)                                                                                                                                                                                                                                                                                                                                                                                                                                                                                                                                                                                                                                 ;
+-----+--------------+---------------------+---------------------+------------------------------+------------------------------+---------------------+---------------------+--------------------------------------+--------------------------------------+-----------------------------+-----------------------------+----------------------------+----------------------------+-----------------------------+-----------------------------+--------------------+--------------------+-------------------------------------+-------------------------------------+----------------------------+----------------------------+---------------------------+---------------------------+
; Pin ; I/O Standard ; Board Delay on Rise ; Board Delay on Fall ; Steady State Voh at FPGA Pin ; Steady State Vol at FPGA Pin ; Voh Max at FPGA Pin ; Vol Min at FPGA Pin ; Ringback Voltage on Rise at FPGA Pin ; Ringback Voltage on Fall at FPGA Pin ; 10-90 Rise Time at FPGA Pin ; 90-10 Fall Time at FPGA Pin ; Monotonic Rise at FPGA Pin ; Monotonic Fall at FPGA Pin ; Steady State Voh at Far-end ; Steady State Vol at Far-end ; Voh Max at Far-end ; Vol Min at Far-end ; Ringback Voltage on Rise at Far-end ; Ringback Voltage on Fall at Far-end ; 10-90 Rise Time at Far-end ; 90-10 Fall Time at Far-end ; Monotonic Rise at Far-end ; Monotonic Fall at Far-end ;
+-----+--------------+---------------------+---------------------+------------------------------+------------------------------+---------------------+---------------------+--------------------------------------+--------------------------------------+-----------------------------+-----------------------------+----------------------------+----------------------------+-----------------------------+-----------------------------+--------------------+--------------------+-------------------------------------+-------------------------------------+----------------------------+----------------------------+---------------------------+---------------------------+


+-------------------------------------------------------------------+
; Setup Transfers                                                   ;
+------------+----------+----------+----------+----------+----------+
; From Clock ; To Clock ; RR Paths ; FR Paths ; RF Paths ; FF Paths ;
+------------+----------+----------+----------+----------+----------+
; clk        ; clk      ; 999220   ; 0        ; 0        ; 0        ;
; rstN       ; clk      ; 1018298  ; 508893   ; 0        ; 0        ;
+------------+----------+----------+----------+----------+----------+
Entries labeled "false path" only account for clock-to-clock false paths and not path-based false paths. As a result, actual path counts may be lower than reported.


+-------------------------------------------------------------------+
; Hold Transfers                                                    ;
+------------+----------+----------+----------+----------+----------+
; From Clock ; To Clock ; RR Paths ; FR Paths ; RF Paths ; FF Paths ;
+------------+----------+----------+----------+----------+----------+
; clk        ; clk      ; 999220   ; 0        ; 0        ; 0        ;
; rstN       ; clk      ; 1018298  ; 508893   ; 0        ; 0        ;
+------------+----------+----------+----------+----------+----------+
Entries labeled "false path" only account for clock-to-clock false paths and not path-based false paths. As a result, actual path counts may be lower than reported.


+-------------------------------------------------------------------+
; Recovery Transfers                                                ;
+------------+----------+----------+----------+----------+----------+
; From Clock ; To Clock ; RR Paths ; FR Paths ; RF Paths ; FF Paths ;
+------------+----------+----------+----------+----------+----------+
; rstN       ; clk      ; 528      ; 528      ; 0        ; 0        ;
+------------+----------+----------+----------+----------+----------+
Entries labeled "false path" only account for clock-to-clock false paths and not path-based false paths. As a result, actual path counts may be lower than reported.


+-------------------------------------------------------------------+
; Removal Transfers                                                 ;
+------------+----------+----------+----------+----------+----------+
; From Clock ; To Clock ; RR Paths ; FR Paths ; RF Paths ; FF Paths ;
+------------+----------+----------+----------+----------+----------+
; rstN       ; clk      ; 528      ; 528      ; 0        ; 0        ;
+------------+----------+----------+----------+----------+----------+
Entries labeled "false path" only account for clock-to-clock false paths and not path-based false paths. As a result, actual path counts may be lower than reported.


---------------
; Report TCCS ;
---------------
No dedicated SERDES Transmitter circuitry present in device or used in design


---------------
; Report RSKM ;
---------------
No non-DPA dedicated SERDES Receiver circuitry present in device or used in design


+---------------------------------------------------+
; Unconstrained Paths Summary                       ;
+---------------------------------+--------+--------+
; Property                        ; Setup  ; Hold   ;
+---------------------------------+--------+--------+
; Illegal Clocks                  ; 0      ; 0      ;
; Unconstrained Clocks            ; 0      ; 0      ;
; Unconstrained Input Ports       ; 513    ; 513    ;
; Unconstrained Input Port Paths  ; 132668 ; 132668 ;
; Unconstrained Output Ports      ; 512    ; 512    ;
; Unconstrained Output Port Paths ; 2048   ; 2048   ;
+---------------------------------+--------+--------+


+-------------------------------------+
; Clock Status Summary                ;
+--------+-------+------+-------------+
; Target ; Clock ; Type ; Status      ;
+--------+-------+------+-------------+
; clk    ; clk   ; Base ; Constrained ;
; rstN   ; rstN  ; Base ; Constrained ;
+--------+-------+------+-------------+


+---------------------------------------------------------------------------------------------------+
; Unconstrained Input Ports                                                                         ;
+------------+--------------------------------------------------------------------------------------+
; Input Port ; Comment                                                                              ;
+------------+--------------------------------------------------------------------------------------+
; a0[0]      ; No input delay, min/max delays, false-path exceptions, or max skew assignments found ;
; a0[1]      ; No input delay, min/max delays, false-path exceptions, or max skew assignments found ;
; a0[2]      ; No input delay, min/max delays, false-path exceptions, or max skew assignments found ;
; a0[3]      ; No input delay, min/max delays, false-path exceptions, or max skew assignments found ;
; a0[4]      ; No input delay, min/max delays, false-path exceptions, or max skew assignments found ;
; a0[5]      ; No input delay, min/max delays, false-path exceptions, or max skew assignments found ;
; a0[6]      ; No input delay, min/max delays, false-path exceptions, or max skew assignments found ;
; a0[7]      ; No input delay, min/max delays, false-path exceptions, or max skew assignments found ;
; a0[8]      ; No input delay, min/max delays, false-path exceptions, or max skew assignments found ;
; a0[9]      ; No input delay, min/max delays, false-path exceptions, or max skew assignments found ;
; a0[10]     ; No input delay, min/max delays, false-path exceptions, or max skew assignments found ;
; a0[11]     ; No input delay, min/max delays, false-path exceptions, or max skew assignments found ;
; a0[12]     ; No input delay, min/max delays, false-path exceptions, or max skew assignments found ;
; a0[13]     ; No input delay, min/max delays, false-path exceptions, or max skew assignments found ;
; a0[14]     ; No input delay, min/max delays, false-path exceptions, or max skew assignments found ;
; a0[15]     ; No input delay, min/max delays, false-path exceptions, or max skew assignments found ;
; a1[0]      ; No input delay, min/max delays, false-path exceptions, or max skew assignments found ;
; a1[1]      ; No input delay, min/max delays, false-path exceptions, or max skew assignments found ;
; a1[2]      ; No input delay, min/max delays, false-path exceptions, or max skew assignments found ;
; a1[3]      ; No input delay, min/max delays, false-path exceptions, or max skew assignments found ;
; a1[4]      ; No input delay, min/max delays, false-path exceptions, or max skew assignments found ;
; a1[5]      ; No input delay, min/max delays, false-path exceptions, or max skew assignments found ;
; a1[6]      ; No input delay, min/max delays, false-path exceptions, or max skew assignments found ;
; a1[7]      ; No input delay, min/max delays, false-path exceptions, or max skew assignments found ;
; a1[8]      ; No input delay, min/max delays, false-path exceptions, or max skew assignments found ;
; a1[9]      ; No input delay, min/max delays, false-path exceptions, or max skew assignments found ;
; a1[10]     ; No input delay, min/max delays, false-path exceptions, or max skew assignments found ;
; a1[11]     ; No input delay, min/max delays, false-path exceptions, or max skew assignments found ;
; a1[12]     ; No input delay, min/max delays, false-path exceptions, or max skew assignments found ;
; a1[13]     ; No input delay, min/max delays, false-path exceptions, or max skew assignments found ;
; a1[14]     ; No input delay, min/max delays, false-path exceptions, or max skew assignments found ;
; a1[15]     ; No input delay, min/max delays, false-path exceptions, or max skew assignments found ;
; a2[0]      ; No input delay, min/max delays, false-path exceptions, or max skew assignments found ;
; a2[1]      ; No input delay, min/max delays, false-path exceptions, or max skew assignments found ;
; a2[2]      ; No input delay, min/max delays, false-path exceptions, or max skew assignments found ;
; a2[3]      ; No input delay, min/max delays, false-path exceptions, or max skew assignments found ;
; a2[4]      ; No input delay, min/max delays, false-path exceptions, or max skew assignments found ;
; a2[5]      ; No input delay, min/max delays, false-path exceptions, or max skew assignments found ;
; a2[6]      ; No input delay, min/max delays, false-path exceptions, or max skew assignments found ;
; a2[7]      ; No input delay, min/max delays, false-path exceptions, or max skew assignments found ;
; a2[8]      ; No input delay, min/max delays, false-path exceptions, or max skew assignments found ;
; a2[9]      ; No input delay, min/max delays, false-path exceptions, or max skew assignments found ;
; a2[10]     ; No input delay, min/max delays, false-path exceptions, or max skew assignments found ;
; a2[11]     ; No input delay, min/max delays, false-path exceptions, or max skew assignments found ;
; a2[12]     ; No input delay, min/max delays, false-path exceptions, or max skew assignments found ;
; a2[13]     ; No input delay, min/max delays, false-path exceptions, or max skew assignments found ;
; a2[14]     ; No input delay, min/max delays, false-path exceptions, or max skew assignments found ;
; a2[15]     ; No input delay, min/max delays, false-path exceptions, or max skew assignments found ;
; a3[0]      ; No input delay, min/max delays, false-path exceptions, or max skew assignments found ;
; a3[1]      ; No input delay, min/max delays, false-path exceptions, or max skew assignments found ;
; a3[2]      ; No input delay, min/max delays, false-path exceptions, or max skew assignments found ;
; a3[3]      ; No input delay, min/max delays, false-path exceptions, or max skew assignments found ;
; a3[4]      ; No input delay, min/max delays, false-path exceptions, or max skew assignments found ;
; a3[5]      ; No input delay, min/max delays, false-path exceptions, or max skew assignments found ;
; a3[6]      ; No input delay, min/max delays, false-path exceptions, or max skew assignments found ;
; a3[7]      ; No input delay, min/max delays, false-path exceptions, or max skew assignments found ;
; a3[8]      ; No input delay, min/max delays, false-path exceptions, or max skew assignments found ;
; a3[9]      ; No input delay, min/max delays, false-path exceptions, or max skew assignments found ;
; a3[10]     ; No input delay, min/max delays, false-path exceptions, or max skew assignments found ;
; a3[11]     ; No input delay, min/max delays, false-path exceptions, or max skew assignments found ;
; a3[12]     ; No input delay, min/max delays, false-path exceptions, or max skew assignments found ;
; a3[13]     ; No input delay, min/max delays, false-path exceptions, or max skew assignments found ;
; a3[14]     ; No input delay, min/max delays, false-path exceptions, or max skew assignments found ;
; a3[15]     ; No input delay, min/max delays, false-path exceptions, or max skew assignments found ;
; a4[0]      ; No input delay, min/max delays, false-path exceptions, or max skew assignments found ;
; a4[1]      ; No input delay, min/max delays, false-path exceptions, or max skew assignments found ;
; a4[2]      ; No input delay, min/max delays, false-path exceptions, or max skew assignments found ;
; a4[3]      ; No input delay, min/max delays, false-path exceptions, or max skew assignments found ;
; a4[4]      ; No input delay, min/max delays, false-path exceptions, or max skew assignments found ;
; a4[5]      ; No input delay, min/max delays, false-path exceptions, or max skew assignments found ;
; a4[6]      ; No input delay, min/max delays, false-path exceptions, or max skew assignments found ;
; a4[7]      ; No input delay, min/max delays, false-path exceptions, or max skew assignments found ;
; a4[8]      ; No input delay, min/max delays, false-path exceptions, or max skew assignments found ;
; a4[9]      ; No input delay, min/max delays, false-path exceptions, or max skew assignments found ;
; a4[10]     ; No input delay, min/max delays, false-path exceptions, or max skew assignments found ;
; a4[11]     ; No input delay, min/max delays, false-path exceptions, or max skew assignments found ;
; a4[12]     ; No input delay, min/max delays, false-path exceptions, or max skew assignments found ;
; a4[13]     ; No input delay, min/max delays, false-path exceptions, or max skew assignments found ;
; a4[14]     ; No input delay, min/max delays, false-path exceptions, or max skew assignments found ;
; a4[15]     ; No input delay, min/max delays, false-path exceptions, or max skew assignments found ;
; a5[0]      ; No input delay, min/max delays, false-path exceptions, or max skew assignments found ;
; a5[1]      ; No input delay, min/max delays, false-path exceptions, or max skew assignments found ;
; a5[2]      ; No input delay, min/max delays, false-path exceptions, or max skew assignments found ;
; a5[3]      ; No input delay, min/max delays, false-path exceptions, or max skew assignments found ;
; a5[4]      ; No input delay, min/max delays, false-path exceptions, or max skew assignments found ;
; a5[5]      ; No input delay, min/max delays, false-path exceptions, or max skew assignments found ;
; a5[6]      ; No input delay, min/max delays, false-path exceptions, or max skew assignments found ;
; a5[7]      ; No input delay, min/max delays, false-path exceptions, or max skew assignments found ;
; a5[8]      ; No input delay, min/max delays, false-path exceptions, or max skew assignments found ;
; a5[9]      ; No input delay, min/max delays, false-path exceptions, or max skew assignments found ;
; a5[10]     ; No input delay, min/max delays, false-path exceptions, or max skew assignments found ;
; a5[11]     ; No input delay, min/max delays, false-path exceptions, or max skew assignments found ;
; a5[12]     ; No input delay, min/max delays, false-path exceptions, or max skew assignments found ;
; a5[13]     ; No input delay, min/max delays, false-path exceptions, or max skew assignments found ;
; a5[14]     ; No input delay, min/max delays, false-path exceptions, or max skew assignments found ;
; a5[15]     ; No input delay, min/max delays, false-path exceptions, or max skew assignments found ;
; a6[0]      ; No input delay, min/max delays, false-path exceptions, or max skew assignments found ;
; a6[1]      ; No input delay, min/max delays, false-path exceptions, or max skew assignments found ;
; a6[2]      ; No input delay, min/max delays, false-path exceptions, or max skew assignments found ;
; a6[3]      ; No input delay, min/max delays, false-path exceptions, or max skew assignments found ;
; a6[4]      ; No input delay, min/max delays, false-path exceptions, or max skew assignments found ;
; a6[5]      ; No input delay, min/max delays, false-path exceptions, or max skew assignments found ;
; a6[6]      ; No input delay, min/max delays, false-path exceptions, or max skew assignments found ;
; a6[7]      ; No input delay, min/max delays, false-path exceptions, or max skew assignments found ;
; a6[8]      ; No input delay, min/max delays, false-path exceptions, or max skew assignments found ;
; a6[9]      ; No input delay, min/max delays, false-path exceptions, or max skew assignments found ;
; a6[10]     ; No input delay, min/max delays, false-path exceptions, or max skew assignments found ;
; a6[11]     ; No input delay, min/max delays, false-path exceptions, or max skew assignments found ;
; a6[12]     ; No input delay, min/max delays, false-path exceptions, or max skew assignments found ;
; a6[13]     ; No input delay, min/max delays, false-path exceptions, or max skew assignments found ;
; a6[14]     ; No input delay, min/max delays, false-path exceptions, or max skew assignments found ;
; a6[15]     ; No input delay, min/max delays, false-path exceptions, or max skew assignments found ;
; a7[0]      ; No input delay, min/max delays, false-path exceptions, or max skew assignments found ;
; a7[1]      ; No input delay, min/max delays, false-path exceptions, or max skew assignments found ;
; a7[2]      ; No input delay, min/max delays, false-path exceptions, or max skew assignments found ;
; a7[3]      ; No input delay, min/max delays, false-path exceptions, or max skew assignments found ;
; a7[4]      ; No input delay, min/max delays, false-path exceptions, or max skew assignments found ;
; a7[5]      ; No input delay, min/max delays, false-path exceptions, or max skew assignments found ;
; a7[6]      ; No input delay, min/max delays, false-path exceptions, or max skew assignments found ;
; a7[7]      ; No input delay, min/max delays, false-path exceptions, or max skew assignments found ;
; a7[8]      ; No input delay, min/max delays, false-path exceptions, or max skew assignments found ;
; a7[9]      ; No input delay, min/max delays, false-path exceptions, or max skew assignments found ;
; a7[10]     ; No input delay, min/max delays, false-path exceptions, or max skew assignments found ;
; a7[11]     ; No input delay, min/max delays, false-path exceptions, or max skew assignments found ;
; a7[12]     ; No input delay, min/max delays, false-path exceptions, or max skew assignments found ;
; a7[13]     ; No input delay, min/max delays, false-path exceptions, or max skew assignments found ;
; a7[14]     ; No input delay, min/max delays, false-path exceptions, or max skew assignments found ;
; a7[15]     ; No input delay, min/max delays, false-path exceptions, or max skew assignments found ;
; a8[0]      ; No input delay, min/max delays, false-path exceptions, or max skew assignments found ;
; a8[1]      ; No input delay, min/max delays, false-path exceptions, or max skew assignments found ;
; a8[2]      ; No input delay, min/max delays, false-path exceptions, or max skew assignments found ;
; a8[3]      ; No input delay, min/max delays, false-path exceptions, or max skew assignments found ;
; a8[4]      ; No input delay, min/max delays, false-path exceptions, or max skew assignments found ;
; a8[5]      ; No input delay, min/max delays, false-path exceptions, or max skew assignments found ;
; a8[6]      ; No input delay, min/max delays, false-path exceptions, or max skew assignments found ;
; a8[7]      ; No input delay, min/max delays, false-path exceptions, or max skew assignments found ;
; a8[8]      ; No input delay, min/max delays, false-path exceptions, or max skew assignments found ;
; a8[9]      ; No input delay, min/max delays, false-path exceptions, or max skew assignments found ;
; a8[10]     ; No input delay, min/max delays, false-path exceptions, or max skew assignments found ;
; a8[11]     ; No input delay, min/max delays, false-path exceptions, or max skew assignments found ;
; a8[12]     ; No input delay, min/max delays, false-path exceptions, or max skew assignments found ;
; a8[13]     ; No input delay, min/max delays, false-path exceptions, or max skew assignments found ;
; a8[14]     ; No input delay, min/max delays, false-path exceptions, or max skew assignments found ;
; a8[15]     ; No input delay, min/max delays, false-path exceptions, or max skew assignments found ;
; a9[0]      ; No input delay, min/max delays, false-path exceptions, or max skew assignments found ;
; a9[1]      ; No input delay, min/max delays, false-path exceptions, or max skew assignments found ;
; a9[2]      ; No input delay, min/max delays, false-path exceptions, or max skew assignments found ;
; a9[3]      ; No input delay, min/max delays, false-path exceptions, or max skew assignments found ;
; a9[4]      ; No input delay, min/max delays, false-path exceptions, or max skew assignments found ;
; a9[5]      ; No input delay, min/max delays, false-path exceptions, or max skew assignments found ;
; a9[6]      ; No input delay, min/max delays, false-path exceptions, or max skew assignments found ;
; a9[7]      ; No input delay, min/max delays, false-path exceptions, or max skew assignments found ;
; a9[8]      ; No input delay, min/max delays, false-path exceptions, or max skew assignments found ;
; a9[9]      ; No input delay, min/max delays, false-path exceptions, or max skew assignments found ;
; a9[10]     ; No input delay, min/max delays, false-path exceptions, or max skew assignments found ;
; a9[11]     ; No input delay, min/max delays, false-path exceptions, or max skew assignments found ;
; a9[12]     ; No input delay, min/max delays, false-path exceptions, or max skew assignments found ;
; a9[13]     ; No input delay, min/max delays, false-path exceptions, or max skew assignments found ;
; a9[14]     ; No input delay, min/max delays, false-path exceptions, or max skew assignments found ;
; a9[15]     ; No input delay, min/max delays, false-path exceptions, or max skew assignments found ;
; a10[0]     ; No input delay, min/max delays, false-path exceptions, or max skew assignments found ;
; a10[1]     ; No input delay, min/max delays, false-path exceptions, or max skew assignments found ;
; a10[2]     ; No input delay, min/max delays, false-path exceptions, or max skew assignments found ;
; a10[3]     ; No input delay, min/max delays, false-path exceptions, or max skew assignments found ;
; a10[4]     ; No input delay, min/max delays, false-path exceptions, or max skew assignments found ;
; a10[5]     ; No input delay, min/max delays, false-path exceptions, or max skew assignments found ;
; a10[6]     ; No input delay, min/max delays, false-path exceptions, or max skew assignments found ;
; a10[7]     ; No input delay, min/max delays, false-path exceptions, or max skew assignments found ;
; a10[8]     ; No input delay, min/max delays, false-path exceptions, or max skew assignments found ;
; a10[9]     ; No input delay, min/max delays, false-path exceptions, or max skew assignments found ;
; a10[10]    ; No input delay, min/max delays, false-path exceptions, or max skew assignments found ;
; a10[11]    ; No input delay, min/max delays, false-path exceptions, or max skew assignments found ;
; a10[12]    ; No input delay, min/max delays, false-path exceptions, or max skew assignments found ;
; a10[13]    ; No input delay, min/max delays, false-path exceptions, or max skew assignments found ;
; a10[14]    ; No input delay, min/max delays, false-path exceptions, or max skew assignments found ;
; a10[15]    ; No input delay, min/max delays, false-path exceptions, or max skew assignments found ;
; a11[0]     ; No input delay, min/max delays, false-path exceptions, or max skew assignments found ;
; a11[1]     ; No input delay, min/max delays, false-path exceptions, or max skew assignments found ;
; a11[2]     ; No input delay, min/max delays, false-path exceptions, or max skew assignments found ;
; a11[3]     ; No input delay, min/max delays, false-path exceptions, or max skew assignments found ;
; a11[4]     ; No input delay, min/max delays, false-path exceptions, or max skew assignments found ;
; a11[5]     ; No input delay, min/max delays, false-path exceptions, or max skew assignments found ;
; a11[6]     ; No input delay, min/max delays, false-path exceptions, or max skew assignments found ;
; a11[7]     ; No input delay, min/max delays, false-path exceptions, or max skew assignments found ;
; a11[8]     ; No input delay, min/max delays, false-path exceptions, or max skew assignments found ;
; a11[9]     ; No input delay, min/max delays, false-path exceptions, or max skew assignments found ;
; a11[10]    ; No input delay, min/max delays, false-path exceptions, or max skew assignments found ;
; a11[11]    ; No input delay, min/max delays, false-path exceptions, or max skew assignments found ;
; a11[12]    ; No input delay, min/max delays, false-path exceptions, or max skew assignments found ;
; a11[13]    ; No input delay, min/max delays, false-path exceptions, or max skew assignments found ;
; a11[14]    ; No input delay, min/max delays, false-path exceptions, or max skew assignments found ;
; a11[15]    ; No input delay, min/max delays, false-path exceptions, or max skew assignments found ;
; a12[0]     ; No input delay, min/max delays, false-path exceptions, or max skew assignments found ;
; a12[1]     ; No input delay, min/max delays, false-path exceptions, or max skew assignments found ;
; a12[2]     ; No input delay, min/max delays, false-path exceptions, or max skew assignments found ;
; a12[3]     ; No input delay, min/max delays, false-path exceptions, or max skew assignments found ;
; a12[4]     ; No input delay, min/max delays, false-path exceptions, or max skew assignments found ;
; a12[5]     ; No input delay, min/max delays, false-path exceptions, or max skew assignments found ;
; a12[6]     ; No input delay, min/max delays, false-path exceptions, or max skew assignments found ;
; a12[7]     ; No input delay, min/max delays, false-path exceptions, or max skew assignments found ;
; a12[8]     ; No input delay, min/max delays, false-path exceptions, or max skew assignments found ;
; a12[9]     ; No input delay, min/max delays, false-path exceptions, or max skew assignments found ;
; a12[10]    ; No input delay, min/max delays, false-path exceptions, or max skew assignments found ;
; a12[11]    ; No input delay, min/max delays, false-path exceptions, or max skew assignments found ;
; a12[12]    ; No input delay, min/max delays, false-path exceptions, or max skew assignments found ;
; a12[13]    ; No input delay, min/max delays, false-path exceptions, or max skew assignments found ;
; a12[14]    ; No input delay, min/max delays, false-path exceptions, or max skew assignments found ;
; a12[15]    ; No input delay, min/max delays, false-path exceptions, or max skew assignments found ;
; a13[0]     ; No input delay, min/max delays, false-path exceptions, or max skew assignments found ;
; a13[1]     ; No input delay, min/max delays, false-path exceptions, or max skew assignments found ;
; a13[2]     ; No input delay, min/max delays, false-path exceptions, or max skew assignments found ;
; a13[3]     ; No input delay, min/max delays, false-path exceptions, or max skew assignments found ;
; a13[4]     ; No input delay, min/max delays, false-path exceptions, or max skew assignments found ;
; a13[5]     ; No input delay, min/max delays, false-path exceptions, or max skew assignments found ;
; a13[6]     ; No input delay, min/max delays, false-path exceptions, or max skew assignments found ;
; a13[7]     ; No input delay, min/max delays, false-path exceptions, or max skew assignments found ;
; a13[8]     ; No input delay, min/max delays, false-path exceptions, or max skew assignments found ;
; a13[9]     ; No input delay, min/max delays, false-path exceptions, or max skew assignments found ;
; a13[10]    ; No input delay, min/max delays, false-path exceptions, or max skew assignments found ;
; a13[11]    ; No input delay, min/max delays, false-path exceptions, or max skew assignments found ;
; a13[12]    ; No input delay, min/max delays, false-path exceptions, or max skew assignments found ;
; a13[13]    ; No input delay, min/max delays, false-path exceptions, or max skew assignments found ;
; a13[14]    ; No input delay, min/max delays, false-path exceptions, or max skew assignments found ;
; a13[15]    ; No input delay, min/max delays, false-path exceptions, or max skew assignments found ;
; a14[0]     ; No input delay, min/max delays, false-path exceptions, or max skew assignments found ;
; a14[1]     ; No input delay, min/max delays, false-path exceptions, or max skew assignments found ;
; a14[2]     ; No input delay, min/max delays, false-path exceptions, or max skew assignments found ;
; a14[3]     ; No input delay, min/max delays, false-path exceptions, or max skew assignments found ;
; a14[4]     ; No input delay, min/max delays, false-path exceptions, or max skew assignments found ;
; a14[5]     ; No input delay, min/max delays, false-path exceptions, or max skew assignments found ;
; a14[6]     ; No input delay, min/max delays, false-path exceptions, or max skew assignments found ;
; a14[7]     ; No input delay, min/max delays, false-path exceptions, or max skew assignments found ;
; a14[8]     ; No input delay, min/max delays, false-path exceptions, or max skew assignments found ;
; a14[9]     ; No input delay, min/max delays, false-path exceptions, or max skew assignments found ;
; a14[10]    ; No input delay, min/max delays, false-path exceptions, or max skew assignments found ;
; a14[11]    ; No input delay, min/max delays, false-path exceptions, or max skew assignments found ;
; a14[12]    ; No input delay, min/max delays, false-path exceptions, or max skew assignments found ;
; a14[13]    ; No input delay, min/max delays, false-path exceptions, or max skew assignments found ;
; a14[14]    ; No input delay, min/max delays, false-path exceptions, or max skew assignments found ;
; a14[15]    ; No input delay, min/max delays, false-path exceptions, or max skew assignments found ;
; a15[0]     ; No input delay, min/max delays, false-path exceptions, or max skew assignments found ;
; a15[1]     ; No input delay, min/max delays, false-path exceptions, or max skew assignments found ;
; a15[2]     ; No input delay, min/max delays, false-path exceptions, or max skew assignments found ;
; a15[3]     ; No input delay, min/max delays, false-path exceptions, or max skew assignments found ;
; a15[4]     ; No input delay, min/max delays, false-path exceptions, or max skew assignments found ;
; a15[5]     ; No input delay, min/max delays, false-path exceptions, or max skew assignments found ;
; a15[6]     ; No input delay, min/max delays, false-path exceptions, or max skew assignments found ;
; a15[7]     ; No input delay, min/max delays, false-path exceptions, or max skew assignments found ;
; a15[8]     ; No input delay, min/max delays, false-path exceptions, or max skew assignments found ;
; a15[9]     ; No input delay, min/max delays, false-path exceptions, or max skew assignments found ;
; a15[10]    ; No input delay, min/max delays, false-path exceptions, or max skew assignments found ;
; a15[11]    ; No input delay, min/max delays, false-path exceptions, or max skew assignments found ;
; a15[12]    ; No input delay, min/max delays, false-path exceptions, or max skew assignments found ;
; a15[13]    ; No input delay, min/max delays, false-path exceptions, or max skew assignments found ;
; a15[14]    ; No input delay, min/max delays, false-path exceptions, or max skew assignments found ;
; a15[15]    ; No input delay, min/max delays, false-path exceptions, or max skew assignments found ;
; a16[0]     ; No input delay, min/max delays, false-path exceptions, or max skew assignments found ;
; a16[1]     ; No input delay, min/max delays, false-path exceptions, or max skew assignments found ;
; a16[2]     ; No input delay, min/max delays, false-path exceptions, or max skew assignments found ;
; a16[3]     ; No input delay, min/max delays, false-path exceptions, or max skew assignments found ;
; a16[4]     ; No input delay, min/max delays, false-path exceptions, or max skew assignments found ;
; a16[5]     ; No input delay, min/max delays, false-path exceptions, or max skew assignments found ;
; a16[6]     ; No input delay, min/max delays, false-path exceptions, or max skew assignments found ;
; a16[7]     ; No input delay, min/max delays, false-path exceptions, or max skew assignments found ;
; a16[8]     ; No input delay, min/max delays, false-path exceptions, or max skew assignments found ;
; a16[9]     ; No input delay, min/max delays, false-path exceptions, or max skew assignments found ;
; a16[10]    ; No input delay, min/max delays, false-path exceptions, or max skew assignments found ;
; a16[11]    ; No input delay, min/max delays, false-path exceptions, or max skew assignments found ;
; a16[12]    ; No input delay, min/max delays, false-path exceptions, or max skew assignments found ;
; a16[13]    ; No input delay, min/max delays, false-path exceptions, or max skew assignments found ;
; a16[14]    ; No input delay, min/max delays, false-path exceptions, or max skew assignments found ;
; a16[15]    ; No input delay, min/max delays, false-path exceptions, or max skew assignments found ;
; a17[0]     ; No input delay, min/max delays, false-path exceptions, or max skew assignments found ;
; a17[1]     ; No input delay, min/max delays, false-path exceptions, or max skew assignments found ;
; a17[2]     ; No input delay, min/max delays, false-path exceptions, or max skew assignments found ;
; a17[3]     ; No input delay, min/max delays, false-path exceptions, or max skew assignments found ;
; a17[4]     ; No input delay, min/max delays, false-path exceptions, or max skew assignments found ;
; a17[5]     ; No input delay, min/max delays, false-path exceptions, or max skew assignments found ;
; a17[6]     ; No input delay, min/max delays, false-path exceptions, or max skew assignments found ;
; a17[7]     ; No input delay, min/max delays, false-path exceptions, or max skew assignments found ;
; a17[8]     ; No input delay, min/max delays, false-path exceptions, or max skew assignments found ;
; a17[9]     ; No input delay, min/max delays, false-path exceptions, or max skew assignments found ;
; a17[10]    ; No input delay, min/max delays, false-path exceptions, or max skew assignments found ;
; a17[11]    ; No input delay, min/max delays, false-path exceptions, or max skew assignments found ;
; a17[12]    ; No input delay, min/max delays, false-path exceptions, or max skew assignments found ;
; a17[13]    ; No input delay, min/max delays, false-path exceptions, or max skew assignments found ;
; a17[14]    ; No input delay, min/max delays, false-path exceptions, or max skew assignments found ;
; a17[15]    ; No input delay, min/max delays, false-path exceptions, or max skew assignments found ;
; a18[0]     ; No input delay, min/max delays, false-path exceptions, or max skew assignments found ;
; a18[1]     ; No input delay, min/max delays, false-path exceptions, or max skew assignments found ;
; a18[2]     ; No input delay, min/max delays, false-path exceptions, or max skew assignments found ;
; a18[3]     ; No input delay, min/max delays, false-path exceptions, or max skew assignments found ;
; a18[4]     ; No input delay, min/max delays, false-path exceptions, or max skew assignments found ;
; a18[5]     ; No input delay, min/max delays, false-path exceptions, or max skew assignments found ;
; a18[6]     ; No input delay, min/max delays, false-path exceptions, or max skew assignments found ;
; a18[7]     ; No input delay, min/max delays, false-path exceptions, or max skew assignments found ;
; a18[8]     ; No input delay, min/max delays, false-path exceptions, or max skew assignments found ;
; a18[9]     ; No input delay, min/max delays, false-path exceptions, or max skew assignments found ;
; a18[10]    ; No input delay, min/max delays, false-path exceptions, or max skew assignments found ;
; a18[11]    ; No input delay, min/max delays, false-path exceptions, or max skew assignments found ;
; a18[12]    ; No input delay, min/max delays, false-path exceptions, or max skew assignments found ;
; a18[13]    ; No input delay, min/max delays, false-path exceptions, or max skew assignments found ;
; a18[14]    ; No input delay, min/max delays, false-path exceptions, or max skew assignments found ;
; a18[15]    ; No input delay, min/max delays, false-path exceptions, or max skew assignments found ;
; a19[0]     ; No input delay, min/max delays, false-path exceptions, or max skew assignments found ;
; a19[1]     ; No input delay, min/max delays, false-path exceptions, or max skew assignments found ;
; a19[2]     ; No input delay, min/max delays, false-path exceptions, or max skew assignments found ;
; a19[3]     ; No input delay, min/max delays, false-path exceptions, or max skew assignments found ;
; a19[4]     ; No input delay, min/max delays, false-path exceptions, or max skew assignments found ;
; a19[5]     ; No input delay, min/max delays, false-path exceptions, or max skew assignments found ;
; a19[6]     ; No input delay, min/max delays, false-path exceptions, or max skew assignments found ;
; a19[7]     ; No input delay, min/max delays, false-path exceptions, or max skew assignments found ;
; a19[8]     ; No input delay, min/max delays, false-path exceptions, or max skew assignments found ;
; a19[9]     ; No input delay, min/max delays, false-path exceptions, or max skew assignments found ;
; a19[10]    ; No input delay, min/max delays, false-path exceptions, or max skew assignments found ;
; a19[11]    ; No input delay, min/max delays, false-path exceptions, or max skew assignments found ;
; a19[12]    ; No input delay, min/max delays, false-path exceptions, or max skew assignments found ;
; a19[13]    ; No input delay, min/max delays, false-path exceptions, or max skew assignments found ;
; a19[14]    ; No input delay, min/max delays, false-path exceptions, or max skew assignments found ;
; a19[15]    ; No input delay, min/max delays, false-path exceptions, or max skew assignments found ;
; a20[0]     ; No input delay, min/max delays, false-path exceptions, or max skew assignments found ;
; a20[1]     ; No input delay, min/max delays, false-path exceptions, or max skew assignments found ;
; a20[2]     ; No input delay, min/max delays, false-path exceptions, or max skew assignments found ;
; a20[3]     ; No input delay, min/max delays, false-path exceptions, or max skew assignments found ;
; a20[4]     ; No input delay, min/max delays, false-path exceptions, or max skew assignments found ;
; a20[5]     ; No input delay, min/max delays, false-path exceptions, or max skew assignments found ;
; a20[6]     ; No input delay, min/max delays, false-path exceptions, or max skew assignments found ;
; a20[7]     ; No input delay, min/max delays, false-path exceptions, or max skew assignments found ;
; a20[8]     ; No input delay, min/max delays, false-path exceptions, or max skew assignments found ;
; a20[9]     ; No input delay, min/max delays, false-path exceptions, or max skew assignments found ;
; a20[10]    ; No input delay, min/max delays, false-path exceptions, or max skew assignments found ;
; a20[11]    ; No input delay, min/max delays, false-path exceptions, or max skew assignments found ;
; a20[12]    ; No input delay, min/max delays, false-path exceptions, or max skew assignments found ;
; a20[13]    ; No input delay, min/max delays, false-path exceptions, or max skew assignments found ;
; a20[14]    ; No input delay, min/max delays, false-path exceptions, or max skew assignments found ;
; a20[15]    ; No input delay, min/max delays, false-path exceptions, or max skew assignments found ;
; a21[0]     ; No input delay, min/max delays, false-path exceptions, or max skew assignments found ;
; a21[1]     ; No input delay, min/max delays, false-path exceptions, or max skew assignments found ;
; a21[2]     ; No input delay, min/max delays, false-path exceptions, or max skew assignments found ;
; a21[3]     ; No input delay, min/max delays, false-path exceptions, or max skew assignments found ;
; a21[4]     ; No input delay, min/max delays, false-path exceptions, or max skew assignments found ;
; a21[5]     ; No input delay, min/max delays, false-path exceptions, or max skew assignments found ;
; a21[6]     ; No input delay, min/max delays, false-path exceptions, or max skew assignments found ;
; a21[7]     ; No input delay, min/max delays, false-path exceptions, or max skew assignments found ;
; a21[8]     ; No input delay, min/max delays, false-path exceptions, or max skew assignments found ;
; a21[9]     ; No input delay, min/max delays, false-path exceptions, or max skew assignments found ;
; a21[10]    ; No input delay, min/max delays, false-path exceptions, or max skew assignments found ;
; a21[11]    ; No input delay, min/max delays, false-path exceptions, or max skew assignments found ;
; a21[12]    ; No input delay, min/max delays, false-path exceptions, or max skew assignments found ;
; a21[13]    ; No input delay, min/max delays, false-path exceptions, or max skew assignments found ;
; a21[14]    ; No input delay, min/max delays, false-path exceptions, or max skew assignments found ;
; a21[15]    ; No input delay, min/max delays, false-path exceptions, or max skew assignments found ;
; a22[0]     ; No input delay, min/max delays, false-path exceptions, or max skew assignments found ;
; a22[1]     ; No input delay, min/max delays, false-path exceptions, or max skew assignments found ;
; a22[2]     ; No input delay, min/max delays, false-path exceptions, or max skew assignments found ;
; a22[3]     ; No input delay, min/max delays, false-path exceptions, or max skew assignments found ;
; a22[4]     ; No input delay, min/max delays, false-path exceptions, or max skew assignments found ;
; a22[5]     ; No input delay, min/max delays, false-path exceptions, or max skew assignments found ;
; a22[6]     ; No input delay, min/max delays, false-path exceptions, or max skew assignments found ;
; a22[7]     ; No input delay, min/max delays, false-path exceptions, or max skew assignments found ;
; a22[8]     ; No input delay, min/max delays, false-path exceptions, or max skew assignments found ;
; a22[9]     ; No input delay, min/max delays, false-path exceptions, or max skew assignments found ;
; a22[10]    ; No input delay, min/max delays, false-path exceptions, or max skew assignments found ;
; a22[11]    ; No input delay, min/max delays, false-path exceptions, or max skew assignments found ;
; a22[12]    ; No input delay, min/max delays, false-path exceptions, or max skew assignments found ;
; a22[13]    ; No input delay, min/max delays, false-path exceptions, or max skew assignments found ;
; a22[14]    ; No input delay, min/max delays, false-path exceptions, or max skew assignments found ;
; a22[15]    ; No input delay, min/max delays, false-path exceptions, or max skew assignments found ;
; a23[0]     ; No input delay, min/max delays, false-path exceptions, or max skew assignments found ;
; a23[1]     ; No input delay, min/max delays, false-path exceptions, or max skew assignments found ;
; a23[2]     ; No input delay, min/max delays, false-path exceptions, or max skew assignments found ;
; a23[3]     ; No input delay, min/max delays, false-path exceptions, or max skew assignments found ;
; a23[4]     ; No input delay, min/max delays, false-path exceptions, or max skew assignments found ;
; a23[5]     ; No input delay, min/max delays, false-path exceptions, or max skew assignments found ;
; a23[6]     ; No input delay, min/max delays, false-path exceptions, or max skew assignments found ;
; a23[7]     ; No input delay, min/max delays, false-path exceptions, or max skew assignments found ;
; a23[8]     ; No input delay, min/max delays, false-path exceptions, or max skew assignments found ;
; a23[9]     ; No input delay, min/max delays, false-path exceptions, or max skew assignments found ;
; a23[10]    ; No input delay, min/max delays, false-path exceptions, or max skew assignments found ;
; a23[11]    ; No input delay, min/max delays, false-path exceptions, or max skew assignments found ;
; a23[12]    ; No input delay, min/max delays, false-path exceptions, or max skew assignments found ;
; a23[13]    ; No input delay, min/max delays, false-path exceptions, or max skew assignments found ;
; a23[14]    ; No input delay, min/max delays, false-path exceptions, or max skew assignments found ;
; a23[15]    ; No input delay, min/max delays, false-path exceptions, or max skew assignments found ;
; a24[0]     ; No input delay, min/max delays, false-path exceptions, or max skew assignments found ;
; a24[1]     ; No input delay, min/max delays, false-path exceptions, or max skew assignments found ;
; a24[2]     ; No input delay, min/max delays, false-path exceptions, or max skew assignments found ;
; a24[3]     ; No input delay, min/max delays, false-path exceptions, or max skew assignments found ;
; a24[4]     ; No input delay, min/max delays, false-path exceptions, or max skew assignments found ;
; a24[5]     ; No input delay, min/max delays, false-path exceptions, or max skew assignments found ;
; a24[6]     ; No input delay, min/max delays, false-path exceptions, or max skew assignments found ;
; a24[7]     ; No input delay, min/max delays, false-path exceptions, or max skew assignments found ;
; a24[8]     ; No input delay, min/max delays, false-path exceptions, or max skew assignments found ;
; a24[9]     ; No input delay, min/max delays, false-path exceptions, or max skew assignments found ;
; a24[10]    ; No input delay, min/max delays, false-path exceptions, or max skew assignments found ;
; a24[11]    ; No input delay, min/max delays, false-path exceptions, or max skew assignments found ;
; a24[12]    ; No input delay, min/max delays, false-path exceptions, or max skew assignments found ;
; a24[13]    ; No input delay, min/max delays, false-path exceptions, or max skew assignments found ;
; a24[14]    ; No input delay, min/max delays, false-path exceptions, or max skew assignments found ;
; a24[15]    ; No input delay, min/max delays, false-path exceptions, or max skew assignments found ;
; a25[0]     ; No input delay, min/max delays, false-path exceptions, or max skew assignments found ;
; a25[1]     ; No input delay, min/max delays, false-path exceptions, or max skew assignments found ;
; a25[2]     ; No input delay, min/max delays, false-path exceptions, or max skew assignments found ;
; a25[3]     ; No input delay, min/max delays, false-path exceptions, or max skew assignments found ;
; a25[4]     ; No input delay, min/max delays, false-path exceptions, or max skew assignments found ;
; a25[5]     ; No input delay, min/max delays, false-path exceptions, or max skew assignments found ;
; a25[6]     ; No input delay, min/max delays, false-path exceptions, or max skew assignments found ;
; a25[7]     ; No input delay, min/max delays, false-path exceptions, or max skew assignments found ;
; a25[8]     ; No input delay, min/max delays, false-path exceptions, or max skew assignments found ;
; a25[9]     ; No input delay, min/max delays, false-path exceptions, or max skew assignments found ;
; a25[10]    ; No input delay, min/max delays, false-path exceptions, or max skew assignments found ;
; a25[11]    ; No input delay, min/max delays, false-path exceptions, or max skew assignments found ;
; a25[12]    ; No input delay, min/max delays, false-path exceptions, or max skew assignments found ;
; a25[13]    ; No input delay, min/max delays, false-path exceptions, or max skew assignments found ;
; a25[14]    ; No input delay, min/max delays, false-path exceptions, or max skew assignments found ;
; a25[15]    ; No input delay, min/max delays, false-path exceptions, or max skew assignments found ;
; a26[0]     ; No input delay, min/max delays, false-path exceptions, or max skew assignments found ;
; a26[1]     ; No input delay, min/max delays, false-path exceptions, or max skew assignments found ;
; a26[2]     ; No input delay, min/max delays, false-path exceptions, or max skew assignments found ;
; a26[3]     ; No input delay, min/max delays, false-path exceptions, or max skew assignments found ;
; a26[4]     ; No input delay, min/max delays, false-path exceptions, or max skew assignments found ;
; a26[5]     ; No input delay, min/max delays, false-path exceptions, or max skew assignments found ;
; a26[6]     ; No input delay, min/max delays, false-path exceptions, or max skew assignments found ;
; a26[7]     ; No input delay, min/max delays, false-path exceptions, or max skew assignments found ;
; a26[8]     ; No input delay, min/max delays, false-path exceptions, or max skew assignments found ;
; a26[9]     ; No input delay, min/max delays, false-path exceptions, or max skew assignments found ;
; a26[10]    ; No input delay, min/max delays, false-path exceptions, or max skew assignments found ;
; a26[11]    ; No input delay, min/max delays, false-path exceptions, or max skew assignments found ;
; a26[12]    ; No input delay, min/max delays, false-path exceptions, or max skew assignments found ;
; a26[13]    ; No input delay, min/max delays, false-path exceptions, or max skew assignments found ;
; a26[14]    ; No input delay, min/max delays, false-path exceptions, or max skew assignments found ;
; a26[15]    ; No input delay, min/max delays, false-path exceptions, or max skew assignments found ;
; a27[0]     ; No input delay, min/max delays, false-path exceptions, or max skew assignments found ;
; a27[1]     ; No input delay, min/max delays, false-path exceptions, or max skew assignments found ;
; a27[2]     ; No input delay, min/max delays, false-path exceptions, or max skew assignments found ;
; a27[3]     ; No input delay, min/max delays, false-path exceptions, or max skew assignments found ;
; a27[4]     ; No input delay, min/max delays, false-path exceptions, or max skew assignments found ;
; a27[5]     ; No input delay, min/max delays, false-path exceptions, or max skew assignments found ;
; a27[6]     ; No input delay, min/max delays, false-path exceptions, or max skew assignments found ;
; a27[7]     ; No input delay, min/max delays, false-path exceptions, or max skew assignments found ;
; a27[8]     ; No input delay, min/max delays, false-path exceptions, or max skew assignments found ;
; a27[9]     ; No input delay, min/max delays, false-path exceptions, or max skew assignments found ;
; a27[10]    ; No input delay, min/max delays, false-path exceptions, or max skew assignments found ;
; a27[11]    ; No input delay, min/max delays, false-path exceptions, or max skew assignments found ;
; a27[12]    ; No input delay, min/max delays, false-path exceptions, or max skew assignments found ;
; a27[13]    ; No input delay, min/max delays, false-path exceptions, or max skew assignments found ;
; a27[14]    ; No input delay, min/max delays, false-path exceptions, or max skew assignments found ;
; a27[15]    ; No input delay, min/max delays, false-path exceptions, or max skew assignments found ;
; a28[0]     ; No input delay, min/max delays, false-path exceptions, or max skew assignments found ;
; a28[1]     ; No input delay, min/max delays, false-path exceptions, or max skew assignments found ;
; a28[2]     ; No input delay, min/max delays, false-path exceptions, or max skew assignments found ;
; a28[3]     ; No input delay, min/max delays, false-path exceptions, or max skew assignments found ;
; a28[4]     ; No input delay, min/max delays, false-path exceptions, or max skew assignments found ;
; a28[5]     ; No input delay, min/max delays, false-path exceptions, or max skew assignments found ;
; a28[6]     ; No input delay, min/max delays, false-path exceptions, or max skew assignments found ;
; a28[7]     ; No input delay, min/max delays, false-path exceptions, or max skew assignments found ;
; a28[8]     ; No input delay, min/max delays, false-path exceptions, or max skew assignments found ;
; a28[9]     ; No input delay, min/max delays, false-path exceptions, or max skew assignments found ;
; a28[10]    ; No input delay, min/max delays, false-path exceptions, or max skew assignments found ;
; a28[11]    ; No input delay, min/max delays, false-path exceptions, or max skew assignments found ;
; a28[12]    ; No input delay, min/max delays, false-path exceptions, or max skew assignments found ;
; a28[13]    ; No input delay, min/max delays, false-path exceptions, or max skew assignments found ;
; a28[14]    ; No input delay, min/max delays, false-path exceptions, or max skew assignments found ;
; a28[15]    ; No input delay, min/max delays, false-path exceptions, or max skew assignments found ;
; a29[0]     ; No input delay, min/max delays, false-path exceptions, or max skew assignments found ;
; a29[1]     ; No input delay, min/max delays, false-path exceptions, or max skew assignments found ;
; a29[2]     ; No input delay, min/max delays, false-path exceptions, or max skew assignments found ;
; a29[3]     ; No input delay, min/max delays, false-path exceptions, or max skew assignments found ;
; a29[4]     ; No input delay, min/max delays, false-path exceptions, or max skew assignments found ;
; a29[5]     ; No input delay, min/max delays, false-path exceptions, or max skew assignments found ;
; a29[6]     ; No input delay, min/max delays, false-path exceptions, or max skew assignments found ;
; a29[7]     ; No input delay, min/max delays, false-path exceptions, or max skew assignments found ;
; a29[8]     ; No input delay, min/max delays, false-path exceptions, or max skew assignments found ;
; a29[9]     ; No input delay, min/max delays, false-path exceptions, or max skew assignments found ;
; a29[10]    ; No input delay, min/max delays, false-path exceptions, or max skew assignments found ;
; a29[11]    ; No input delay, min/max delays, false-path exceptions, or max skew assignments found ;
; a29[12]    ; No input delay, min/max delays, false-path exceptions, or max skew assignments found ;
; a29[13]    ; No input delay, min/max delays, false-path exceptions, or max skew assignments found ;
; a29[14]    ; No input delay, min/max delays, false-path exceptions, or max skew assignments found ;
; a29[15]    ; No input delay, min/max delays, false-path exceptions, or max skew assignments found ;
; a30[0]     ; No input delay, min/max delays, false-path exceptions, or max skew assignments found ;
; a30[1]     ; No input delay, min/max delays, false-path exceptions, or max skew assignments found ;
; a30[2]     ; No input delay, min/max delays, false-path exceptions, or max skew assignments found ;
; a30[3]     ; No input delay, min/max delays, false-path exceptions, or max skew assignments found ;
; a30[4]     ; No input delay, min/max delays, false-path exceptions, or max skew assignments found ;
; a30[5]     ; No input delay, min/max delays, false-path exceptions, or max skew assignments found ;
; a30[6]     ; No input delay, min/max delays, false-path exceptions, or max skew assignments found ;
; a30[7]     ; No input delay, min/max delays, false-path exceptions, or max skew assignments found ;
; a30[8]     ; No input delay, min/max delays, false-path exceptions, or max skew assignments found ;
; a30[9]     ; No input delay, min/max delays, false-path exceptions, or max skew assignments found ;
; a30[10]    ; No input delay, min/max delays, false-path exceptions, or max skew assignments found ;
; a30[11]    ; No input delay, min/max delays, false-path exceptions, or max skew assignments found ;
; a30[12]    ; No input delay, min/max delays, false-path exceptions, or max skew assignments found ;
; a30[13]    ; No input delay, min/max delays, false-path exceptions, or max skew assignments found ;
; a30[14]    ; No input delay, min/max delays, false-path exceptions, or max skew assignments found ;
; a30[15]    ; No input delay, min/max delays, false-path exceptions, or max skew assignments found ;
; a31[0]     ; No input delay, min/max delays, false-path exceptions, or max skew assignments found ;
; a31[1]     ; No input delay, min/max delays, false-path exceptions, or max skew assignments found ;
; a31[2]     ; No input delay, min/max delays, false-path exceptions, or max skew assignments found ;
; a31[3]     ; No input delay, min/max delays, false-path exceptions, or max skew assignments found ;
; a31[4]     ; No input delay, min/max delays, false-path exceptions, or max skew assignments found ;
; a31[5]     ; No input delay, min/max delays, false-path exceptions, or max skew assignments found ;
; a31[6]     ; No input delay, min/max delays, false-path exceptions, or max skew assignments found ;
; a31[7]     ; No input delay, min/max delays, false-path exceptions, or max skew assignments found ;
; a31[8]     ; No input delay, min/max delays, false-path exceptions, or max skew assignments found ;
; a31[9]     ; No input delay, min/max delays, false-path exceptions, or max skew assignments found ;
; a31[10]    ; No input delay, min/max delays, false-path exceptions, or max skew assignments found ;
; a31[11]    ; No input delay, min/max delays, false-path exceptions, or max skew assignments found ;
; a31[12]    ; No input delay, min/max delays, false-path exceptions, or max skew assignments found ;
; a31[13]    ; No input delay, min/max delays, false-path exceptions, or max skew assignments found ;
; a31[14]    ; No input delay, min/max delays, false-path exceptions, or max skew assignments found ;
; a31[15]    ; No input delay, min/max delays, false-path exceptions, or max skew assignments found ;
; rstN       ; No input delay, min/max delays, false-path exceptions, or max skew assignments found ;
+------------+--------------------------------------------------------------------------------------+


+-----------------------------------------------------------------------------------------------------+
; Unconstrained Output Ports                                                                          ;
+-------------+---------------------------------------------------------------------------------------+
; Output Port ; Comment                                                                               ;
+-------------+---------------------------------------------------------------------------------------+
; y0[0]       ; No output delay, min/max delays, false-path exceptions, or max skew assignments found ;
; y0[1]       ; No output delay, min/max delays, false-path exceptions, or max skew assignments found ;
; y0[2]       ; No output delay, min/max delays, false-path exceptions, or max skew assignments found ;
; y0[3]       ; No output delay, min/max delays, false-path exceptions, or max skew assignments found ;
; y0[4]       ; No output delay, min/max delays, false-path exceptions, or max skew assignments found ;
; y0[5]       ; No output delay, min/max delays, false-path exceptions, or max skew assignments found ;
; y0[6]       ; No output delay, min/max delays, false-path exceptions, or max skew assignments found ;
; y0[7]       ; No output delay, min/max delays, false-path exceptions, or max skew assignments found ;
; y0[8]       ; No output delay, min/max delays, false-path exceptions, or max skew assignments found ;
; y0[9]       ; No output delay, min/max delays, false-path exceptions, or max skew assignments found ;
; y0[10]      ; No output delay, min/max delays, false-path exceptions, or max skew assignments found ;
; y0[11]      ; No output delay, min/max delays, false-path exceptions, or max skew assignments found ;
; y0[12]      ; No output delay, min/max delays, false-path exceptions, or max skew assignments found ;
; y0[13]      ; No output delay, min/max delays, false-path exceptions, or max skew assignments found ;
; y0[14]      ; No output delay, min/max delays, false-path exceptions, or max skew assignments found ;
; y0[15]      ; No output delay, min/max delays, false-path exceptions, or max skew assignments found ;
; y1[0]       ; No output delay, min/max delays, false-path exceptions, or max skew assignments found ;
; y1[1]       ; No output delay, min/max delays, false-path exceptions, or max skew assignments found ;
; y1[2]       ; No output delay, min/max delays, false-path exceptions, or max skew assignments found ;
; y1[3]       ; No output delay, min/max delays, false-path exceptions, or max skew assignments found ;
; y1[4]       ; No output delay, min/max delays, false-path exceptions, or max skew assignments found ;
; y1[5]       ; No output delay, min/max delays, false-path exceptions, or max skew assignments found ;
; y1[6]       ; No output delay, min/max delays, false-path exceptions, or max skew assignments found ;
; y1[7]       ; No output delay, min/max delays, false-path exceptions, or max skew assignments found ;
; y1[8]       ; No output delay, min/max delays, false-path exceptions, or max skew assignments found ;
; y1[9]       ; No output delay, min/max delays, false-path exceptions, or max skew assignments found ;
; y1[10]      ; No output delay, min/max delays, false-path exceptions, or max skew assignments found ;
; y1[11]      ; No output delay, min/max delays, false-path exceptions, or max skew assignments found ;
; y1[12]      ; No output delay, min/max delays, false-path exceptions, or max skew assignments found ;
; y1[13]      ; No output delay, min/max delays, false-path exceptions, or max skew assignments found ;
; y1[14]      ; No output delay, min/max delays, false-path exceptions, or max skew assignments found ;
; y1[15]      ; No output delay, min/max delays, false-path exceptions, or max skew assignments found ;
; y2[0]       ; No output delay, min/max delays, false-path exceptions, or max skew assignments found ;
; y2[1]       ; No output delay, min/max delays, false-path exceptions, or max skew assignments found ;
; y2[2]       ; No output delay, min/max delays, false-path exceptions, or max skew assignments found ;
; y2[3]       ; No output delay, min/max delays, false-path exceptions, or max skew assignments found ;
; y2[4]       ; No output delay, min/max delays, false-path exceptions, or max skew assignments found ;
; y2[5]       ; No output delay, min/max delays, false-path exceptions, or max skew assignments found ;
; y2[6]       ; No output delay, min/max delays, false-path exceptions, or max skew assignments found ;
; y2[7]       ; No output delay, min/max delays, false-path exceptions, or max skew assignments found ;
; y2[8]       ; No output delay, min/max delays, false-path exceptions, or max skew assignments found ;
; y2[9]       ; No output delay, min/max delays, false-path exceptions, or max skew assignments found ;
; y2[10]      ; No output delay, min/max delays, false-path exceptions, or max skew assignments found ;
; y2[11]      ; No output delay, min/max delays, false-path exceptions, or max skew assignments found ;
; y2[12]      ; No output delay, min/max delays, false-path exceptions, or max skew assignments found ;
; y2[13]      ; No output delay, min/max delays, false-path exceptions, or max skew assignments found ;
; y2[14]      ; No output delay, min/max delays, false-path exceptions, or max skew assignments found ;
; y2[15]      ; No output delay, min/max delays, false-path exceptions, or max skew assignments found ;
; y3[0]       ; No output delay, min/max delays, false-path exceptions, or max skew assignments found ;
; y3[1]       ; No output delay, min/max delays, false-path exceptions, or max skew assignments found ;
; y3[2]       ; No output delay, min/max delays, false-path exceptions, or max skew assignments found ;
; y3[3]       ; No output delay, min/max delays, false-path exceptions, or max skew assignments found ;
; y3[4]       ; No output delay, min/max delays, false-path exceptions, or max skew assignments found ;
; y3[5]       ; No output delay, min/max delays, false-path exceptions, or max skew assignments found ;
; y3[6]       ; No output delay, min/max delays, false-path exceptions, or max skew assignments found ;
; y3[7]       ; No output delay, min/max delays, false-path exceptions, or max skew assignments found ;
; y3[8]       ; No output delay, min/max delays, false-path exceptions, or max skew assignments found ;
; y3[9]       ; No output delay, min/max delays, false-path exceptions, or max skew assignments found ;
; y3[10]      ; No output delay, min/max delays, false-path exceptions, or max skew assignments found ;
; y3[11]      ; No output delay, min/max delays, false-path exceptions, or max skew assignments found ;
; y3[12]      ; No output delay, min/max delays, false-path exceptions, or max skew assignments found ;
; y3[13]      ; No output delay, min/max delays, false-path exceptions, or max skew assignments found ;
; y3[14]      ; No output delay, min/max delays, false-path exceptions, or max skew assignments found ;
; y3[15]      ; No output delay, min/max delays, false-path exceptions, or max skew assignments found ;
; y4[0]       ; No output delay, min/max delays, false-path exceptions, or max skew assignments found ;
; y4[1]       ; No output delay, min/max delays, false-path exceptions, or max skew assignments found ;
; y4[2]       ; No output delay, min/max delays, false-path exceptions, or max skew assignments found ;
; y4[3]       ; No output delay, min/max delays, false-path exceptions, or max skew assignments found ;
; y4[4]       ; No output delay, min/max delays, false-path exceptions, or max skew assignments found ;
; y4[5]       ; No output delay, min/max delays, false-path exceptions, or max skew assignments found ;
; y4[6]       ; No output delay, min/max delays, false-path exceptions, or max skew assignments found ;
; y4[7]       ; No output delay, min/max delays, false-path exceptions, or max skew assignments found ;
; y4[8]       ; No output delay, min/max delays, false-path exceptions, or max skew assignments found ;
; y4[9]       ; No output delay, min/max delays, false-path exceptions, or max skew assignments found ;
; y4[10]      ; No output delay, min/max delays, false-path exceptions, or max skew assignments found ;
; y4[11]      ; No output delay, min/max delays, false-path exceptions, or max skew assignments found ;
; y4[12]      ; No output delay, min/max delays, false-path exceptions, or max skew assignments found ;
; y4[13]      ; No output delay, min/max delays, false-path exceptions, or max skew assignments found ;
; y4[14]      ; No output delay, min/max delays, false-path exceptions, or max skew assignments found ;
; y4[15]      ; No output delay, min/max delays, false-path exceptions, or max skew assignments found ;
; y5[0]       ; No output delay, min/max delays, false-path exceptions, or max skew assignments found ;
; y5[1]       ; No output delay, min/max delays, false-path exceptions, or max skew assignments found ;
; y5[2]       ; No output delay, min/max delays, false-path exceptions, or max skew assignments found ;
; y5[3]       ; No output delay, min/max delays, false-path exceptions, or max skew assignments found ;
; y5[4]       ; No output delay, min/max delays, false-path exceptions, or max skew assignments found ;
; y5[5]       ; No output delay, min/max delays, false-path exceptions, or max skew assignments found ;
; y5[6]       ; No output delay, min/max delays, false-path exceptions, or max skew assignments found ;
; y5[7]       ; No output delay, min/max delays, false-path exceptions, or max skew assignments found ;
; y5[8]       ; No output delay, min/max delays, false-path exceptions, or max skew assignments found ;
; y5[9]       ; No output delay, min/max delays, false-path exceptions, or max skew assignments found ;
; y5[10]      ; No output delay, min/max delays, false-path exceptions, or max skew assignments found ;
; y5[11]      ; No output delay, min/max delays, false-path exceptions, or max skew assignments found ;
; y5[12]      ; No output delay, min/max delays, false-path exceptions, or max skew assignments found ;
; y5[13]      ; No output delay, min/max delays, false-path exceptions, or max skew assignments found ;
; y5[14]      ; No output delay, min/max delays, false-path exceptions, or max skew assignments found ;
; y5[15]      ; No output delay, min/max delays, false-path exceptions, or max skew assignments found ;
; y6[0]       ; No output delay, min/max delays, false-path exceptions, or max skew assignments found ;
; y6[1]       ; No output delay, min/max delays, false-path exceptions, or max skew assignments found ;
; y6[2]       ; No output delay, min/max delays, false-path exceptions, or max skew assignments found ;
; y6[3]       ; No output delay, min/max delays, false-path exceptions, or max skew assignments found ;
; y6[4]       ; No output delay, min/max delays, false-path exceptions, or max skew assignments found ;
; y6[5]       ; No output delay, min/max delays, false-path exceptions, or max skew assignments found ;
; y6[6]       ; No output delay, min/max delays, false-path exceptions, or max skew assignments found ;
; y6[7]       ; No output delay, min/max delays, false-path exceptions, or max skew assignments found ;
; y6[8]       ; No output delay, min/max delays, false-path exceptions, or max skew assignments found ;
; y6[9]       ; No output delay, min/max delays, false-path exceptions, or max skew assignments found ;
; y6[10]      ; No output delay, min/max delays, false-path exceptions, or max skew assignments found ;
; y6[11]      ; No output delay, min/max delays, false-path exceptions, or max skew assignments found ;
; y6[12]      ; No output delay, min/max delays, false-path exceptions, or max skew assignments found ;
; y6[13]      ; No output delay, min/max delays, false-path exceptions, or max skew assignments found ;
; y6[14]      ; No output delay, min/max delays, false-path exceptions, or max skew assignments found ;
; y6[15]      ; No output delay, min/max delays, false-path exceptions, or max skew assignments found ;
; y7[0]       ; No output delay, min/max delays, false-path exceptions, or max skew assignments found ;
; y7[1]       ; No output delay, min/max delays, false-path exceptions, or max skew assignments found ;
; y7[2]       ; No output delay, min/max delays, false-path exceptions, or max skew assignments found ;
; y7[3]       ; No output delay, min/max delays, false-path exceptions, or max skew assignments found ;
; y7[4]       ; No output delay, min/max delays, false-path exceptions, or max skew assignments found ;
; y7[5]       ; No output delay, min/max delays, false-path exceptions, or max skew assignments found ;
; y7[6]       ; No output delay, min/max delays, false-path exceptions, or max skew assignments found ;
; y7[7]       ; No output delay, min/max delays, false-path exceptions, or max skew assignments found ;
; y7[8]       ; No output delay, min/max delays, false-path exceptions, or max skew assignments found ;
; y7[9]       ; No output delay, min/max delays, false-path exceptions, or max skew assignments found ;
; y7[10]      ; No output delay, min/max delays, false-path exceptions, or max skew assignments found ;
; y7[11]      ; No output delay, min/max delays, false-path exceptions, or max skew assignments found ;
; y7[12]      ; No output delay, min/max delays, false-path exceptions, or max skew assignments found ;
; y7[13]      ; No output delay, min/max delays, false-path exceptions, or max skew assignments found ;
; y7[14]      ; No output delay, min/max delays, false-path exceptions, or max skew assignments found ;
; y7[15]      ; No output delay, min/max delays, false-path exceptions, or max skew assignments found ;
; y8[0]       ; No output delay, min/max delays, false-path exceptions, or max skew assignments found ;
; y8[1]       ; No output delay, min/max delays, false-path exceptions, or max skew assignments found ;
; y8[2]       ; No output delay, min/max delays, false-path exceptions, or max skew assignments found ;
; y8[3]       ; No output delay, min/max delays, false-path exceptions, or max skew assignments found ;
; y8[4]       ; No output delay, min/max delays, false-path exceptions, or max skew assignments found ;
; y8[5]       ; No output delay, min/max delays, false-path exceptions, or max skew assignments found ;
; y8[6]       ; No output delay, min/max delays, false-path exceptions, or max skew assignments found ;
; y8[7]       ; No output delay, min/max delays, false-path exceptions, or max skew assignments found ;
; y8[8]       ; No output delay, min/max delays, false-path exceptions, or max skew assignments found ;
; y8[9]       ; No output delay, min/max delays, false-path exceptions, or max skew assignments found ;
; y8[10]      ; No output delay, min/max delays, false-path exceptions, or max skew assignments found ;
; y8[11]      ; No output delay, min/max delays, false-path exceptions, or max skew assignments found ;
; y8[12]      ; No output delay, min/max delays, false-path exceptions, or max skew assignments found ;
; y8[13]      ; No output delay, min/max delays, false-path exceptions, or max skew assignments found ;
; y8[14]      ; No output delay, min/max delays, false-path exceptions, or max skew assignments found ;
; y8[15]      ; No output delay, min/max delays, false-path exceptions, or max skew assignments found ;
; y9[0]       ; No output delay, min/max delays, false-path exceptions, or max skew assignments found ;
; y9[1]       ; No output delay, min/max delays, false-path exceptions, or max skew assignments found ;
; y9[2]       ; No output delay, min/max delays, false-path exceptions, or max skew assignments found ;
; y9[3]       ; No output delay, min/max delays, false-path exceptions, or max skew assignments found ;
; y9[4]       ; No output delay, min/max delays, false-path exceptions, or max skew assignments found ;
; y9[5]       ; No output delay, min/max delays, false-path exceptions, or max skew assignments found ;
; y9[6]       ; No output delay, min/max delays, false-path exceptions, or max skew assignments found ;
; y9[7]       ; No output delay, min/max delays, false-path exceptions, or max skew assignments found ;
; y9[8]       ; No output delay, min/max delays, false-path exceptions, or max skew assignments found ;
; y9[9]       ; No output delay, min/max delays, false-path exceptions, or max skew assignments found ;
; y9[10]      ; No output delay, min/max delays, false-path exceptions, or max skew assignments found ;
; y9[11]      ; No output delay, min/max delays, false-path exceptions, or max skew assignments found ;
; y9[12]      ; No output delay, min/max delays, false-path exceptions, or max skew assignments found ;
; y9[13]      ; No output delay, min/max delays, false-path exceptions, or max skew assignments found ;
; y9[14]      ; No output delay, min/max delays, false-path exceptions, or max skew assignments found ;
; y9[15]      ; No output delay, min/max delays, false-path exceptions, or max skew assignments found ;
; y10[0]      ; No output delay, min/max delays, false-path exceptions, or max skew assignments found ;
; y10[1]      ; No output delay, min/max delays, false-path exceptions, or max skew assignments found ;
; y10[2]      ; No output delay, min/max delays, false-path exceptions, or max skew assignments found ;
; y10[3]      ; No output delay, min/max delays, false-path exceptions, or max skew assignments found ;
; y10[4]      ; No output delay, min/max delays, false-path exceptions, or max skew assignments found ;
; y10[5]      ; No output delay, min/max delays, false-path exceptions, or max skew assignments found ;
; y10[6]      ; No output delay, min/max delays, false-path exceptions, or max skew assignments found ;
; y10[7]      ; No output delay, min/max delays, false-path exceptions, or max skew assignments found ;
; y10[8]      ; No output delay, min/max delays, false-path exceptions, or max skew assignments found ;
; y10[9]      ; No output delay, min/max delays, false-path exceptions, or max skew assignments found ;
; y10[10]     ; No output delay, min/max delays, false-path exceptions, or max skew assignments found ;
; y10[11]     ; No output delay, min/max delays, false-path exceptions, or max skew assignments found ;
; y10[12]     ; No output delay, min/max delays, false-path exceptions, or max skew assignments found ;
; y10[13]     ; No output delay, min/max delays, false-path exceptions, or max skew assignments found ;
; y10[14]     ; No output delay, min/max delays, false-path exceptions, or max skew assignments found ;
; y10[15]     ; No output delay, min/max delays, false-path exceptions, or max skew assignments found ;
; y11[0]      ; No output delay, min/max delays, false-path exceptions, or max skew assignments found ;
; y11[1]      ; No output delay, min/max delays, false-path exceptions, or max skew assignments found ;
; y11[2]      ; No output delay, min/max delays, false-path exceptions, or max skew assignments found ;
; y11[3]      ; No output delay, min/max delays, false-path exceptions, or max skew assignments found ;
; y11[4]      ; No output delay, min/max delays, false-path exceptions, or max skew assignments found ;
; y11[5]      ; No output delay, min/max delays, false-path exceptions, or max skew assignments found ;
; y11[6]      ; No output delay, min/max delays, false-path exceptions, or max skew assignments found ;
; y11[7]      ; No output delay, min/max delays, false-path exceptions, or max skew assignments found ;
; y11[8]      ; No output delay, min/max delays, false-path exceptions, or max skew assignments found ;
; y11[9]      ; No output delay, min/max delays, false-path exceptions, or max skew assignments found ;
; y11[10]     ; No output delay, min/max delays, false-path exceptions, or max skew assignments found ;
; y11[11]     ; No output delay, min/max delays, false-path exceptions, or max skew assignments found ;
; y11[12]     ; No output delay, min/max delays, false-path exceptions, or max skew assignments found ;
; y11[13]     ; No output delay, min/max delays, false-path exceptions, or max skew assignments found ;
; y11[14]     ; No output delay, min/max delays, false-path exceptions, or max skew assignments found ;
; y11[15]     ; No output delay, min/max delays, false-path exceptions, or max skew assignments found ;
; y12[0]      ; No output delay, min/max delays, false-path exceptions, or max skew assignments found ;
; y12[1]      ; No output delay, min/max delays, false-path exceptions, or max skew assignments found ;
; y12[2]      ; No output delay, min/max delays, false-path exceptions, or max skew assignments found ;
; y12[3]      ; No output delay, min/max delays, false-path exceptions, or max skew assignments found ;
; y12[4]      ; No output delay, min/max delays, false-path exceptions, or max skew assignments found ;
; y12[5]      ; No output delay, min/max delays, false-path exceptions, or max skew assignments found ;
; y12[6]      ; No output delay, min/max delays, false-path exceptions, or max skew assignments found ;
; y12[7]      ; No output delay, min/max delays, false-path exceptions, or max skew assignments found ;
; y12[8]      ; No output delay, min/max delays, false-path exceptions, or max skew assignments found ;
; y12[9]      ; No output delay, min/max delays, false-path exceptions, or max skew assignments found ;
; y12[10]     ; No output delay, min/max delays, false-path exceptions, or max skew assignments found ;
; y12[11]     ; No output delay, min/max delays, false-path exceptions, or max skew assignments found ;
; y12[12]     ; No output delay, min/max delays, false-path exceptions, or max skew assignments found ;
; y12[13]     ; No output delay, min/max delays, false-path exceptions, or max skew assignments found ;
; y12[14]     ; No output delay, min/max delays, false-path exceptions, or max skew assignments found ;
; y12[15]     ; No output delay, min/max delays, false-path exceptions, or max skew assignments found ;
; y13[0]      ; No output delay, min/max delays, false-path exceptions, or max skew assignments found ;
; y13[1]      ; No output delay, min/max delays, false-path exceptions, or max skew assignments found ;
; y13[2]      ; No output delay, min/max delays, false-path exceptions, or max skew assignments found ;
; y13[3]      ; No output delay, min/max delays, false-path exceptions, or max skew assignments found ;
; y13[4]      ; No output delay, min/max delays, false-path exceptions, or max skew assignments found ;
; y13[5]      ; No output delay, min/max delays, false-path exceptions, or max skew assignments found ;
; y13[6]      ; No output delay, min/max delays, false-path exceptions, or max skew assignments found ;
; y13[7]      ; No output delay, min/max delays, false-path exceptions, or max skew assignments found ;
; y13[8]      ; No output delay, min/max delays, false-path exceptions, or max skew assignments found ;
; y13[9]      ; No output delay, min/max delays, false-path exceptions, or max skew assignments found ;
; y13[10]     ; No output delay, min/max delays, false-path exceptions, or max skew assignments found ;
; y13[11]     ; No output delay, min/max delays, false-path exceptions, or max skew assignments found ;
; y13[12]     ; No output delay, min/max delays, false-path exceptions, or max skew assignments found ;
; y13[13]     ; No output delay, min/max delays, false-path exceptions, or max skew assignments found ;
; y13[14]     ; No output delay, min/max delays, false-path exceptions, or max skew assignments found ;
; y13[15]     ; No output delay, min/max delays, false-path exceptions, or max skew assignments found ;
; y14[0]      ; No output delay, min/max delays, false-path exceptions, or max skew assignments found ;
; y14[1]      ; No output delay, min/max delays, false-path exceptions, or max skew assignments found ;
; y14[2]      ; No output delay, min/max delays, false-path exceptions, or max skew assignments found ;
; y14[3]      ; No output delay, min/max delays, false-path exceptions, or max skew assignments found ;
; y14[4]      ; No output delay, min/max delays, false-path exceptions, or max skew assignments found ;
; y14[5]      ; No output delay, min/max delays, false-path exceptions, or max skew assignments found ;
; y14[6]      ; No output delay, min/max delays, false-path exceptions, or max skew assignments found ;
; y14[7]      ; No output delay, min/max delays, false-path exceptions, or max skew assignments found ;
; y14[8]      ; No output delay, min/max delays, false-path exceptions, or max skew assignments found ;
; y14[9]      ; No output delay, min/max delays, false-path exceptions, or max skew assignments found ;
; y14[10]     ; No output delay, min/max delays, false-path exceptions, or max skew assignments found ;
; y14[11]     ; No output delay, min/max delays, false-path exceptions, or max skew assignments found ;
; y14[12]     ; No output delay, min/max delays, false-path exceptions, or max skew assignments found ;
; y14[13]     ; No output delay, min/max delays, false-path exceptions, or max skew assignments found ;
; y14[14]     ; No output delay, min/max delays, false-path exceptions, or max skew assignments found ;
; y14[15]     ; No output delay, min/max delays, false-path exceptions, or max skew assignments found ;
; y15[0]      ; No output delay, min/max delays, false-path exceptions, or max skew assignments found ;
; y15[1]      ; No output delay, min/max delays, false-path exceptions, or max skew assignments found ;
; y15[2]      ; No output delay, min/max delays, false-path exceptions, or max skew assignments found ;
; y15[3]      ; No output delay, min/max delays, false-path exceptions, or max skew assignments found ;
; y15[4]      ; No output delay, min/max delays, false-path exceptions, or max skew assignments found ;
; y15[5]      ; No output delay, min/max delays, false-path exceptions, or max skew assignments found ;
; y15[6]      ; No output delay, min/max delays, false-path exceptions, or max skew assignments found ;
; y15[7]      ; No output delay, min/max delays, false-path exceptions, or max skew assignments found ;
; y15[8]      ; No output delay, min/max delays, false-path exceptions, or max skew assignments found ;
; y15[9]      ; No output delay, min/max delays, false-path exceptions, or max skew assignments found ;
; y15[10]     ; No output delay, min/max delays, false-path exceptions, or max skew assignments found ;
; y15[11]     ; No output delay, min/max delays, false-path exceptions, or max skew assignments found ;
; y15[12]     ; No output delay, min/max delays, false-path exceptions, or max skew assignments found ;
; y15[13]     ; No output delay, min/max delays, false-path exceptions, or max skew assignments found ;
; y15[14]     ; No output delay, min/max delays, false-path exceptions, or max skew assignments found ;
; y15[15]     ; No output delay, min/max delays, false-path exceptions, or max skew assignments found ;
; y16[0]      ; No output delay, min/max delays, false-path exceptions, or max skew assignments found ;
; y16[1]      ; No output delay, min/max delays, false-path exceptions, or max skew assignments found ;
; y16[2]      ; No output delay, min/max delays, false-path exceptions, or max skew assignments found ;
; y16[3]      ; No output delay, min/max delays, false-path exceptions, or max skew assignments found ;
; y16[4]      ; No output delay, min/max delays, false-path exceptions, or max skew assignments found ;
; y16[5]      ; No output delay, min/max delays, false-path exceptions, or max skew assignments found ;
; y16[6]      ; No output delay, min/max delays, false-path exceptions, or max skew assignments found ;
; y16[7]      ; No output delay, min/max delays, false-path exceptions, or max skew assignments found ;
; y16[8]      ; No output delay, min/max delays, false-path exceptions, or max skew assignments found ;
; y16[9]      ; No output delay, min/max delays, false-path exceptions, or max skew assignments found ;
; y16[10]     ; No output delay, min/max delays, false-path exceptions, or max skew assignments found ;
; y16[11]     ; No output delay, min/max delays, false-path exceptions, or max skew assignments found ;
; y16[12]     ; No output delay, min/max delays, false-path exceptions, or max skew assignments found ;
; y16[13]     ; No output delay, min/max delays, false-path exceptions, or max skew assignments found ;
; y16[14]     ; No output delay, min/max delays, false-path exceptions, or max skew assignments found ;
; y16[15]     ; No output delay, min/max delays, false-path exceptions, or max skew assignments found ;
; y17[0]      ; No output delay, min/max delays, false-path exceptions, or max skew assignments found ;
; y17[1]      ; No output delay, min/max delays, false-path exceptions, or max skew assignments found ;
; y17[2]      ; No output delay, min/max delays, false-path exceptions, or max skew assignments found ;
; y17[3]      ; No output delay, min/max delays, false-path exceptions, or max skew assignments found ;
; y17[4]      ; No output delay, min/max delays, false-path exceptions, or max skew assignments found ;
; y17[5]      ; No output delay, min/max delays, false-path exceptions, or max skew assignments found ;
; y17[6]      ; No output delay, min/max delays, false-path exceptions, or max skew assignments found ;
; y17[7]      ; No output delay, min/max delays, false-path exceptions, or max skew assignments found ;
; y17[8]      ; No output delay, min/max delays, false-path exceptions, or max skew assignments found ;
; y17[9]      ; No output delay, min/max delays, false-path exceptions, or max skew assignments found ;
; y17[10]     ; No output delay, min/max delays, false-path exceptions, or max skew assignments found ;
; y17[11]     ; No output delay, min/max delays, false-path exceptions, or max skew assignments found ;
; y17[12]     ; No output delay, min/max delays, false-path exceptions, or max skew assignments found ;
; y17[13]     ; No output delay, min/max delays, false-path exceptions, or max skew assignments found ;
; y17[14]     ; No output delay, min/max delays, false-path exceptions, or max skew assignments found ;
; y17[15]     ; No output delay, min/max delays, false-path exceptions, or max skew assignments found ;
; y18[0]      ; No output delay, min/max delays, false-path exceptions, or max skew assignments found ;
; y18[1]      ; No output delay, min/max delays, false-path exceptions, or max skew assignments found ;
; y18[2]      ; No output delay, min/max delays, false-path exceptions, or max skew assignments found ;
; y18[3]      ; No output delay, min/max delays, false-path exceptions, or max skew assignments found ;
; y18[4]      ; No output delay, min/max delays, false-path exceptions, or max skew assignments found ;
; y18[5]      ; No output delay, min/max delays, false-path exceptions, or max skew assignments found ;
; y18[6]      ; No output delay, min/max delays, false-path exceptions, or max skew assignments found ;
; y18[7]      ; No output delay, min/max delays, false-path exceptions, or max skew assignments found ;
; y18[8]      ; No output delay, min/max delays, false-path exceptions, or max skew assignments found ;
; y18[9]      ; No output delay, min/max delays, false-path exceptions, or max skew assignments found ;
; y18[10]     ; No output delay, min/max delays, false-path exceptions, or max skew assignments found ;
; y18[11]     ; No output delay, min/max delays, false-path exceptions, or max skew assignments found ;
; y18[12]     ; No output delay, min/max delays, false-path exceptions, or max skew assignments found ;
; y18[13]     ; No output delay, min/max delays, false-path exceptions, or max skew assignments found ;
; y18[14]     ; No output delay, min/max delays, false-path exceptions, or max skew assignments found ;
; y18[15]     ; No output delay, min/max delays, false-path exceptions, or max skew assignments found ;
; y19[0]      ; No output delay, min/max delays, false-path exceptions, or max skew assignments found ;
; y19[1]      ; No output delay, min/max delays, false-path exceptions, or max skew assignments found ;
; y19[2]      ; No output delay, min/max delays, false-path exceptions, or max skew assignments found ;
; y19[3]      ; No output delay, min/max delays, false-path exceptions, or max skew assignments found ;
; y19[4]      ; No output delay, min/max delays, false-path exceptions, or max skew assignments found ;
; y19[5]      ; No output delay, min/max delays, false-path exceptions, or max skew assignments found ;
; y19[6]      ; No output delay, min/max delays, false-path exceptions, or max skew assignments found ;
; y19[7]      ; No output delay, min/max delays, false-path exceptions, or max skew assignments found ;
; y19[8]      ; No output delay, min/max delays, false-path exceptions, or max skew assignments found ;
; y19[9]      ; No output delay, min/max delays, false-path exceptions, or max skew assignments found ;
; y19[10]     ; No output delay, min/max delays, false-path exceptions, or max skew assignments found ;
; y19[11]     ; No output delay, min/max delays, false-path exceptions, or max skew assignments found ;
; y19[12]     ; No output delay, min/max delays, false-path exceptions, or max skew assignments found ;
; y19[13]     ; No output delay, min/max delays, false-path exceptions, or max skew assignments found ;
; y19[14]     ; No output delay, min/max delays, false-path exceptions, or max skew assignments found ;
; y19[15]     ; No output delay, min/max delays, false-path exceptions, or max skew assignments found ;
; y20[0]      ; No output delay, min/max delays, false-path exceptions, or max skew assignments found ;
; y20[1]      ; No output delay, min/max delays, false-path exceptions, or max skew assignments found ;
; y20[2]      ; No output delay, min/max delays, false-path exceptions, or max skew assignments found ;
; y20[3]      ; No output delay, min/max delays, false-path exceptions, or max skew assignments found ;
; y20[4]      ; No output delay, min/max delays, false-path exceptions, or max skew assignments found ;
; y20[5]      ; No output delay, min/max delays, false-path exceptions, or max skew assignments found ;
; y20[6]      ; No output delay, min/max delays, false-path exceptions, or max skew assignments found ;
; y20[7]      ; No output delay, min/max delays, false-path exceptions, or max skew assignments found ;
; y20[8]      ; No output delay, min/max delays, false-path exceptions, or max skew assignments found ;
; y20[9]      ; No output delay, min/max delays, false-path exceptions, or max skew assignments found ;
; y20[10]     ; No output delay, min/max delays, false-path exceptions, or max skew assignments found ;
; y20[11]     ; No output delay, min/max delays, false-path exceptions, or max skew assignments found ;
; y20[12]     ; No output delay, min/max delays, false-path exceptions, or max skew assignments found ;
; y20[13]     ; No output delay, min/max delays, false-path exceptions, or max skew assignments found ;
; y20[14]     ; No output delay, min/max delays, false-path exceptions, or max skew assignments found ;
; y20[15]     ; No output delay, min/max delays, false-path exceptions, or max skew assignments found ;
; y21[0]      ; No output delay, min/max delays, false-path exceptions, or max skew assignments found ;
; y21[1]      ; No output delay, min/max delays, false-path exceptions, or max skew assignments found ;
; y21[2]      ; No output delay, min/max delays, false-path exceptions, or max skew assignments found ;
; y21[3]      ; No output delay, min/max delays, false-path exceptions, or max skew assignments found ;
; y21[4]      ; No output delay, min/max delays, false-path exceptions, or max skew assignments found ;
; y21[5]      ; No output delay, min/max delays, false-path exceptions, or max skew assignments found ;
; y21[6]      ; No output delay, min/max delays, false-path exceptions, or max skew assignments found ;
; y21[7]      ; No output delay, min/max delays, false-path exceptions, or max skew assignments found ;
; y21[8]      ; No output delay, min/max delays, false-path exceptions, or max skew assignments found ;
; y21[9]      ; No output delay, min/max delays, false-path exceptions, or max skew assignments found ;
; y21[10]     ; No output delay, min/max delays, false-path exceptions, or max skew assignments found ;
; y21[11]     ; No output delay, min/max delays, false-path exceptions, or max skew assignments found ;
; y21[12]     ; No output delay, min/max delays, false-path exceptions, or max skew assignments found ;
; y21[13]     ; No output delay, min/max delays, false-path exceptions, or max skew assignments found ;
; y21[14]     ; No output delay, min/max delays, false-path exceptions, or max skew assignments found ;
; y21[15]     ; No output delay, min/max delays, false-path exceptions, or max skew assignments found ;
; y22[0]      ; No output delay, min/max delays, false-path exceptions, or max skew assignments found ;
; y22[1]      ; No output delay, min/max delays, false-path exceptions, or max skew assignments found ;
; y22[2]      ; No output delay, min/max delays, false-path exceptions, or max skew assignments found ;
; y22[3]      ; No output delay, min/max delays, false-path exceptions, or max skew assignments found ;
; y22[4]      ; No output delay, min/max delays, false-path exceptions, or max skew assignments found ;
; y22[5]      ; No output delay, min/max delays, false-path exceptions, or max skew assignments found ;
; y22[6]      ; No output delay, min/max delays, false-path exceptions, or max skew assignments found ;
; y22[7]      ; No output delay, min/max delays, false-path exceptions, or max skew assignments found ;
; y22[8]      ; No output delay, min/max delays, false-path exceptions, or max skew assignments found ;
; y22[9]      ; No output delay, min/max delays, false-path exceptions, or max skew assignments found ;
; y22[10]     ; No output delay, min/max delays, false-path exceptions, or max skew assignments found ;
; y22[11]     ; No output delay, min/max delays, false-path exceptions, or max skew assignments found ;
; y22[12]     ; No output delay, min/max delays, false-path exceptions, or max skew assignments found ;
; y22[13]     ; No output delay, min/max delays, false-path exceptions, or max skew assignments found ;
; y22[14]     ; No output delay, min/max delays, false-path exceptions, or max skew assignments found ;
; y22[15]     ; No output delay, min/max delays, false-path exceptions, or max skew assignments found ;
; y23[0]      ; No output delay, min/max delays, false-path exceptions, or max skew assignments found ;
; y23[1]      ; No output delay, min/max delays, false-path exceptions, or max skew assignments found ;
; y23[2]      ; No output delay, min/max delays, false-path exceptions, or max skew assignments found ;
; y23[3]      ; No output delay, min/max delays, false-path exceptions, or max skew assignments found ;
; y23[4]      ; No output delay, min/max delays, false-path exceptions, or max skew assignments found ;
; y23[5]      ; No output delay, min/max delays, false-path exceptions, or max skew assignments found ;
; y23[6]      ; No output delay, min/max delays, false-path exceptions, or max skew assignments found ;
; y23[7]      ; No output delay, min/max delays, false-path exceptions, or max skew assignments found ;
; y23[8]      ; No output delay, min/max delays, false-path exceptions, or max skew assignments found ;
; y23[9]      ; No output delay, min/max delays, false-path exceptions, or max skew assignments found ;
; y23[10]     ; No output delay, min/max delays, false-path exceptions, or max skew assignments found ;
; y23[11]     ; No output delay, min/max delays, false-path exceptions, or max skew assignments found ;
; y23[12]     ; No output delay, min/max delays, false-path exceptions, or max skew assignments found ;
; y23[13]     ; No output delay, min/max delays, false-path exceptions, or max skew assignments found ;
; y23[14]     ; No output delay, min/max delays, false-path exceptions, or max skew assignments found ;
; y23[15]     ; No output delay, min/max delays, false-path exceptions, or max skew assignments found ;
; y24[0]      ; No output delay, min/max delays, false-path exceptions, or max skew assignments found ;
; y24[1]      ; No output delay, min/max delays, false-path exceptions, or max skew assignments found ;
; y24[2]      ; No output delay, min/max delays, false-path exceptions, or max skew assignments found ;
; y24[3]      ; No output delay, min/max delays, false-path exceptions, or max skew assignments found ;
; y24[4]      ; No output delay, min/max delays, false-path exceptions, or max skew assignments found ;
; y24[5]      ; No output delay, min/max delays, false-path exceptions, or max skew assignments found ;
; y24[6]      ; No output delay, min/max delays, false-path exceptions, or max skew assignments found ;
; y24[7]      ; No output delay, min/max delays, false-path exceptions, or max skew assignments found ;
; y24[8]      ; No output delay, min/max delays, false-path exceptions, or max skew assignments found ;
; y24[9]      ; No output delay, min/max delays, false-path exceptions, or max skew assignments found ;
; y24[10]     ; No output delay, min/max delays, false-path exceptions, or max skew assignments found ;
; y24[11]     ; No output delay, min/max delays, false-path exceptions, or max skew assignments found ;
; y24[12]     ; No output delay, min/max delays, false-path exceptions, or max skew assignments found ;
; y24[13]     ; No output delay, min/max delays, false-path exceptions, or max skew assignments found ;
; y24[14]     ; No output delay, min/max delays, false-path exceptions, or max skew assignments found ;
; y24[15]     ; No output delay, min/max delays, false-path exceptions, or max skew assignments found ;
; y25[0]      ; No output delay, min/max delays, false-path exceptions, or max skew assignments found ;
; y25[1]      ; No output delay, min/max delays, false-path exceptions, or max skew assignments found ;
; y25[2]      ; No output delay, min/max delays, false-path exceptions, or max skew assignments found ;
; y25[3]      ; No output delay, min/max delays, false-path exceptions, or max skew assignments found ;
; y25[4]      ; No output delay, min/max delays, false-path exceptions, or max skew assignments found ;
; y25[5]      ; No output delay, min/max delays, false-path exceptions, or max skew assignments found ;
; y25[6]      ; No output delay, min/max delays, false-path exceptions, or max skew assignments found ;
; y25[7]      ; No output delay, min/max delays, false-path exceptions, or max skew assignments found ;
; y25[8]      ; No output delay, min/max delays, false-path exceptions, or max skew assignments found ;
; y25[9]      ; No output delay, min/max delays, false-path exceptions, or max skew assignments found ;
; y25[10]     ; No output delay, min/max delays, false-path exceptions, or max skew assignments found ;
; y25[11]     ; No output delay, min/max delays, false-path exceptions, or max skew assignments found ;
; y25[12]     ; No output delay, min/max delays, false-path exceptions, or max skew assignments found ;
; y25[13]     ; No output delay, min/max delays, false-path exceptions, or max skew assignments found ;
; y25[14]     ; No output delay, min/max delays, false-path exceptions, or max skew assignments found ;
; y25[15]     ; No output delay, min/max delays, false-path exceptions, or max skew assignments found ;
; y26[0]      ; No output delay, min/max delays, false-path exceptions, or max skew assignments found ;
; y26[1]      ; No output delay, min/max delays, false-path exceptions, or max skew assignments found ;
; y26[2]      ; No output delay, min/max delays, false-path exceptions, or max skew assignments found ;
; y26[3]      ; No output delay, min/max delays, false-path exceptions, or max skew assignments found ;
; y26[4]      ; No output delay, min/max delays, false-path exceptions, or max skew assignments found ;
; y26[5]      ; No output delay, min/max delays, false-path exceptions, or max skew assignments found ;
; y26[6]      ; No output delay, min/max delays, false-path exceptions, or max skew assignments found ;
; y26[7]      ; No output delay, min/max delays, false-path exceptions, or max skew assignments found ;
; y26[8]      ; No output delay, min/max delays, false-path exceptions, or max skew assignments found ;
; y26[9]      ; No output delay, min/max delays, false-path exceptions, or max skew assignments found ;
; y26[10]     ; No output delay, min/max delays, false-path exceptions, or max skew assignments found ;
; y26[11]     ; No output delay, min/max delays, false-path exceptions, or max skew assignments found ;
; y26[12]     ; No output delay, min/max delays, false-path exceptions, or max skew assignments found ;
; y26[13]     ; No output delay, min/max delays, false-path exceptions, or max skew assignments found ;
; y26[14]     ; No output delay, min/max delays, false-path exceptions, or max skew assignments found ;
; y26[15]     ; No output delay, min/max delays, false-path exceptions, or max skew assignments found ;
; y27[0]      ; No output delay, min/max delays, false-path exceptions, or max skew assignments found ;
; y27[1]      ; No output delay, min/max delays, false-path exceptions, or max skew assignments found ;
; y27[2]      ; No output delay, min/max delays, false-path exceptions, or max skew assignments found ;
; y27[3]      ; No output delay, min/max delays, false-path exceptions, or max skew assignments found ;
; y27[4]      ; No output delay, min/max delays, false-path exceptions, or max skew assignments found ;
; y27[5]      ; No output delay, min/max delays, false-path exceptions, or max skew assignments found ;
; y27[6]      ; No output delay, min/max delays, false-path exceptions, or max skew assignments found ;
; y27[7]      ; No output delay, min/max delays, false-path exceptions, or max skew assignments found ;
; y27[8]      ; No output delay, min/max delays, false-path exceptions, or max skew assignments found ;
; y27[9]      ; No output delay, min/max delays, false-path exceptions, or max skew assignments found ;
; y27[10]     ; No output delay, min/max delays, false-path exceptions, or max skew assignments found ;
; y27[11]     ; No output delay, min/max delays, false-path exceptions, or max skew assignments found ;
; y27[12]     ; No output delay, min/max delays, false-path exceptions, or max skew assignments found ;
; y27[13]     ; No output delay, min/max delays, false-path exceptions, or max skew assignments found ;
; y27[14]     ; No output delay, min/max delays, false-path exceptions, or max skew assignments found ;
; y27[15]     ; No output delay, min/max delays, false-path exceptions, or max skew assignments found ;
; y28[0]      ; No output delay, min/max delays, false-path exceptions, or max skew assignments found ;
; y28[1]      ; No output delay, min/max delays, false-path exceptions, or max skew assignments found ;
; y28[2]      ; No output delay, min/max delays, false-path exceptions, or max skew assignments found ;
; y28[3]      ; No output delay, min/max delays, false-path exceptions, or max skew assignments found ;
; y28[4]      ; No output delay, min/max delays, false-path exceptions, or max skew assignments found ;
; y28[5]      ; No output delay, min/max delays, false-path exceptions, or max skew assignments found ;
; y28[6]      ; No output delay, min/max delays, false-path exceptions, or max skew assignments found ;
; y28[7]      ; No output delay, min/max delays, false-path exceptions, or max skew assignments found ;
; y28[8]      ; No output delay, min/max delays, false-path exceptions, or max skew assignments found ;
; y28[9]      ; No output delay, min/max delays, false-path exceptions, or max skew assignments found ;
; y28[10]     ; No output delay, min/max delays, false-path exceptions, or max skew assignments found ;
; y28[11]     ; No output delay, min/max delays, false-path exceptions, or max skew assignments found ;
; y28[12]     ; No output delay, min/max delays, false-path exceptions, or max skew assignments found ;
; y28[13]     ; No output delay, min/max delays, false-path exceptions, or max skew assignments found ;
; y28[14]     ; No output delay, min/max delays, false-path exceptions, or max skew assignments found ;
; y28[15]     ; No output delay, min/max delays, false-path exceptions, or max skew assignments found ;
; y29[0]      ; No output delay, min/max delays, false-path exceptions, or max skew assignments found ;
; y29[1]      ; No output delay, min/max delays, false-path exceptions, or max skew assignments found ;
; y29[2]      ; No output delay, min/max delays, false-path exceptions, or max skew assignments found ;
; y29[3]      ; No output delay, min/max delays, false-path exceptions, or max skew assignments found ;
; y29[4]      ; No output delay, min/max delays, false-path exceptions, or max skew assignments found ;
; y29[5]      ; No output delay, min/max delays, false-path exceptions, or max skew assignments found ;
; y29[6]      ; No output delay, min/max delays, false-path exceptions, or max skew assignments found ;
; y29[7]      ; No output delay, min/max delays, false-path exceptions, or max skew assignments found ;
; y29[8]      ; No output delay, min/max delays, false-path exceptions, or max skew assignments found ;
; y29[9]      ; No output delay, min/max delays, false-path exceptions, or max skew assignments found ;
; y29[10]     ; No output delay, min/max delays, false-path exceptions, or max skew assignments found ;
; y29[11]     ; No output delay, min/max delays, false-path exceptions, or max skew assignments found ;
; y29[12]     ; No output delay, min/max delays, false-path exceptions, or max skew assignments found ;
; y29[13]     ; No output delay, min/max delays, false-path exceptions, or max skew assignments found ;
; y29[14]     ; No output delay, min/max delays, false-path exceptions, or max skew assignments found ;
; y29[15]     ; No output delay, min/max delays, false-path exceptions, or max skew assignments found ;
; y30[0]      ; No output delay, min/max delays, false-path exceptions, or max skew assignments found ;
; y30[1]      ; No output delay, min/max delays, false-path exceptions, or max skew assignments found ;
; y30[2]      ; No output delay, min/max delays, false-path exceptions, or max skew assignments found ;
; y30[3]      ; No output delay, min/max delays, false-path exceptions, or max skew assignments found ;
; y30[4]      ; No output delay, min/max delays, false-path exceptions, or max skew assignments found ;
; y30[5]      ; No output delay, min/max delays, false-path exceptions, or max skew assignments found ;
; y30[6]      ; No output delay, min/max delays, false-path exceptions, or max skew assignments found ;
; y30[7]      ; No output delay, min/max delays, false-path exceptions, or max skew assignments found ;
; y30[8]      ; No output delay, min/max delays, false-path exceptions, or max skew assignments found ;
; y30[9]      ; No output delay, min/max delays, false-path exceptions, or max skew assignments found ;
; y30[10]     ; No output delay, min/max delays, false-path exceptions, or max skew assignments found ;
; y30[11]     ; No output delay, min/max delays, false-path exceptions, or max skew assignments found ;
; y30[12]     ; No output delay, min/max delays, false-path exceptions, or max skew assignments found ;
; y30[13]     ; No output delay, min/max delays, false-path exceptions, or max skew assignments found ;
; y30[14]     ; No output delay, min/max delays, false-path exceptions, or max skew assignments found ;
; y30[15]     ; No output delay, min/max delays, false-path exceptions, or max skew assignments found ;
; y31[0]      ; No output delay, min/max delays, false-path exceptions, or max skew assignments found ;
; y31[1]      ; No output delay, min/max delays, false-path exceptions, or max skew assignments found ;
; y31[2]      ; No output delay, min/max delays, false-path exceptions, or max skew assignments found ;
; y31[3]      ; No output delay, min/max delays, false-path exceptions, or max skew assignments found ;
; y31[4]      ; No output delay, min/max delays, false-path exceptions, or max skew assignments found ;
; y31[5]      ; No output delay, min/max delays, false-path exceptions, or max skew assignments found ;
; y31[6]      ; No output delay, min/max delays, false-path exceptions, or max skew assignments found ;
; y31[7]      ; No output delay, min/max delays, false-path exceptions, or max skew assignments found ;
; y31[8]      ; No output delay, min/max delays, false-path exceptions, or max skew assignments found ;
; y31[9]      ; No output delay, min/max delays, false-path exceptions, or max skew assignments found ;
; y31[10]     ; No output delay, min/max delays, false-path exceptions, or max skew assignments found ;
; y31[11]     ; No output delay, min/max delays, false-path exceptions, or max skew assignments found ;
; y31[12]     ; No output delay, min/max delays, false-path exceptions, or max skew assignments found ;
; y31[13]     ; No output delay, min/max delays, false-path exceptions, or max skew assignments found ;
; y31[14]     ; No output delay, min/max delays, false-path exceptions, or max skew assignments found ;
; y31[15]     ; No output delay, min/max delays, false-path exceptions, or max skew assignments found ;
+-------------+---------------------------------------------------------------------------------------+


+---------------------------------------------------------------------------------------------------+
; Unconstrained Input Ports                                                                         ;
+------------+--------------------------------------------------------------------------------------+
; Input Port ; Comment                                                                              ;
+------------+--------------------------------------------------------------------------------------+
; a0[0]      ; No input delay, min/max delays, false-path exceptions, or max skew assignments found ;
; a0[1]      ; No input delay, min/max delays, false-path exceptions, or max skew assignments found ;
; a0[2]      ; No input delay, min/max delays, false-path exceptions, or max skew assignments found ;
; a0[3]      ; No input delay, min/max delays, false-path exceptions, or max skew assignments found ;
; a0[4]      ; No input delay, min/max delays, false-path exceptions, or max skew assignments found ;
; a0[5]      ; No input delay, min/max delays, false-path exceptions, or max skew assignments found ;
; a0[6]      ; No input delay, min/max delays, false-path exceptions, or max skew assignments found ;
; a0[7]      ; No input delay, min/max delays, false-path exceptions, or max skew assignments found ;
; a0[8]      ; No input delay, min/max delays, false-path exceptions, or max skew assignments found ;
; a0[9]      ; No input delay, min/max delays, false-path exceptions, or max skew assignments found ;
; a0[10]     ; No input delay, min/max delays, false-path exceptions, or max skew assignments found ;
; a0[11]     ; No input delay, min/max delays, false-path exceptions, or max skew assignments found ;
; a0[12]     ; No input delay, min/max delays, false-path exceptions, or max skew assignments found ;
; a0[13]     ; No input delay, min/max delays, false-path exceptions, or max skew assignments found ;
; a0[14]     ; No input delay, min/max delays, false-path exceptions, or max skew assignments found ;
; a0[15]     ; No input delay, min/max delays, false-path exceptions, or max skew assignments found ;
; a1[0]      ; No input delay, min/max delays, false-path exceptions, or max skew assignments found ;
; a1[1]      ; No input delay, min/max delays, false-path exceptions, or max skew assignments found ;
; a1[2]      ; No input delay, min/max delays, false-path exceptions, or max skew assignments found ;
; a1[3]      ; No input delay, min/max delays, false-path exceptions, or max skew assignments found ;
; a1[4]      ; No input delay, min/max delays, false-path exceptions, or max skew assignments found ;
; a1[5]      ; No input delay, min/max delays, false-path exceptions, or max skew assignments found ;
; a1[6]      ; No input delay, min/max delays, false-path exceptions, or max skew assignments found ;
; a1[7]      ; No input delay, min/max delays, false-path exceptions, or max skew assignments found ;
; a1[8]      ; No input delay, min/max delays, false-path exceptions, or max skew assignments found ;
; a1[9]      ; No input delay, min/max delays, false-path exceptions, or max skew assignments found ;
; a1[10]     ; No input delay, min/max delays, false-path exceptions, or max skew assignments found ;
; a1[11]     ; No input delay, min/max delays, false-path exceptions, or max skew assignments found ;
; a1[12]     ; No input delay, min/max delays, false-path exceptions, or max skew assignments found ;
; a1[13]     ; No input delay, min/max delays, false-path exceptions, or max skew assignments found ;
; a1[14]     ; No input delay, min/max delays, false-path exceptions, or max skew assignments found ;
; a1[15]     ; No input delay, min/max delays, false-path exceptions, or max skew assignments found ;
; a2[0]      ; No input delay, min/max delays, false-path exceptions, or max skew assignments found ;
; a2[1]      ; No input delay, min/max delays, false-path exceptions, or max skew assignments found ;
; a2[2]      ; No input delay, min/max delays, false-path exceptions, or max skew assignments found ;
; a2[3]      ; No input delay, min/max delays, false-path exceptions, or max skew assignments found ;
; a2[4]      ; No input delay, min/max delays, false-path exceptions, or max skew assignments found ;
; a2[5]      ; No input delay, min/max delays, false-path exceptions, or max skew assignments found ;
; a2[6]      ; No input delay, min/max delays, false-path exceptions, or max skew assignments found ;
; a2[7]      ; No input delay, min/max delays, false-path exceptions, or max skew assignments found ;
; a2[8]      ; No input delay, min/max delays, false-path exceptions, or max skew assignments found ;
; a2[9]      ; No input delay, min/max delays, false-path exceptions, or max skew assignments found ;
; a2[10]     ; No input delay, min/max delays, false-path exceptions, or max skew assignments found ;
; a2[11]     ; No input delay, min/max delays, false-path exceptions, or max skew assignments found ;
; a2[12]     ; No input delay, min/max delays, false-path exceptions, or max skew assignments found ;
; a2[13]     ; No input delay, min/max delays, false-path exceptions, or max skew assignments found ;
; a2[14]     ; No input delay, min/max delays, false-path exceptions, or max skew assignments found ;
; a2[15]     ; No input delay, min/max delays, false-path exceptions, or max skew assignments found ;
; a3[0]      ; No input delay, min/max delays, false-path exceptions, or max skew assignments found ;
; a3[1]      ; No input delay, min/max delays, false-path exceptions, or max skew assignments found ;
; a3[2]      ; No input delay, min/max delays, false-path exceptions, or max skew assignments found ;
; a3[3]      ; No input delay, min/max delays, false-path exceptions, or max skew assignments found ;
; a3[4]      ; No input delay, min/max delays, false-path exceptions, or max skew assignments found ;
; a3[5]      ; No input delay, min/max delays, false-path exceptions, or max skew assignments found ;
; a3[6]      ; No input delay, min/max delays, false-path exceptions, or max skew assignments found ;
; a3[7]      ; No input delay, min/max delays, false-path exceptions, or max skew assignments found ;
; a3[8]      ; No input delay, min/max delays, false-path exceptions, or max skew assignments found ;
; a3[9]      ; No input delay, min/max delays, false-path exceptions, or max skew assignments found ;
; a3[10]     ; No input delay, min/max delays, false-path exceptions, or max skew assignments found ;
; a3[11]     ; No input delay, min/max delays, false-path exceptions, or max skew assignments found ;
; a3[12]     ; No input delay, min/max delays, false-path exceptions, or max skew assignments found ;
; a3[13]     ; No input delay, min/max delays, false-path exceptions, or max skew assignments found ;
; a3[14]     ; No input delay, min/max delays, false-path exceptions, or max skew assignments found ;
; a3[15]     ; No input delay, min/max delays, false-path exceptions, or max skew assignments found ;
; a4[0]      ; No input delay, min/max delays, false-path exceptions, or max skew assignments found ;
; a4[1]      ; No input delay, min/max delays, false-path exceptions, or max skew assignments found ;
; a4[2]      ; No input delay, min/max delays, false-path exceptions, or max skew assignments found ;
; a4[3]      ; No input delay, min/max delays, false-path exceptions, or max skew assignments found ;
; a4[4]      ; No input delay, min/max delays, false-path exceptions, or max skew assignments found ;
; a4[5]      ; No input delay, min/max delays, false-path exceptions, or max skew assignments found ;
; a4[6]      ; No input delay, min/max delays, false-path exceptions, or max skew assignments found ;
; a4[7]      ; No input delay, min/max delays, false-path exceptions, or max skew assignments found ;
; a4[8]      ; No input delay, min/max delays, false-path exceptions, or max skew assignments found ;
; a4[9]      ; No input delay, min/max delays, false-path exceptions, or max skew assignments found ;
; a4[10]     ; No input delay, min/max delays, false-path exceptions, or max skew assignments found ;
; a4[11]     ; No input delay, min/max delays, false-path exceptions, or max skew assignments found ;
; a4[12]     ; No input delay, min/max delays, false-path exceptions, or max skew assignments found ;
; a4[13]     ; No input delay, min/max delays, false-path exceptions, or max skew assignments found ;
; a4[14]     ; No input delay, min/max delays, false-path exceptions, or max skew assignments found ;
; a4[15]     ; No input delay, min/max delays, false-path exceptions, or max skew assignments found ;
; a5[0]      ; No input delay, min/max delays, false-path exceptions, or max skew assignments found ;
; a5[1]      ; No input delay, min/max delays, false-path exceptions, or max skew assignments found ;
; a5[2]      ; No input delay, min/max delays, false-path exceptions, or max skew assignments found ;
; a5[3]      ; No input delay, min/max delays, false-path exceptions, or max skew assignments found ;
; a5[4]      ; No input delay, min/max delays, false-path exceptions, or max skew assignments found ;
; a5[5]      ; No input delay, min/max delays, false-path exceptions, or max skew assignments found ;
; a5[6]      ; No input delay, min/max delays, false-path exceptions, or max skew assignments found ;
; a5[7]      ; No input delay, min/max delays, false-path exceptions, or max skew assignments found ;
; a5[8]      ; No input delay, min/max delays, false-path exceptions, or max skew assignments found ;
; a5[9]      ; No input delay, min/max delays, false-path exceptions, or max skew assignments found ;
; a5[10]     ; No input delay, min/max delays, false-path exceptions, or max skew assignments found ;
; a5[11]     ; No input delay, min/max delays, false-path exceptions, or max skew assignments found ;
; a5[12]     ; No input delay, min/max delays, false-path exceptions, or max skew assignments found ;
; a5[13]     ; No input delay, min/max delays, false-path exceptions, or max skew assignments found ;
; a5[14]     ; No input delay, min/max delays, false-path exceptions, or max skew assignments found ;
; a5[15]     ; No input delay, min/max delays, false-path exceptions, or max skew assignments found ;
; a6[0]      ; No input delay, min/max delays, false-path exceptions, or max skew assignments found ;
; a6[1]      ; No input delay, min/max delays, false-path exceptions, or max skew assignments found ;
; a6[2]      ; No input delay, min/max delays, false-path exceptions, or max skew assignments found ;
; a6[3]      ; No input delay, min/max delays, false-path exceptions, or max skew assignments found ;
; a6[4]      ; No input delay, min/max delays, false-path exceptions, or max skew assignments found ;
; a6[5]      ; No input delay, min/max delays, false-path exceptions, or max skew assignments found ;
; a6[6]      ; No input delay, min/max delays, false-path exceptions, or max skew assignments found ;
; a6[7]      ; No input delay, min/max delays, false-path exceptions, or max skew assignments found ;
; a6[8]      ; No input delay, min/max delays, false-path exceptions, or max skew assignments found ;
; a6[9]      ; No input delay, min/max delays, false-path exceptions, or max skew assignments found ;
; a6[10]     ; No input delay, min/max delays, false-path exceptions, or max skew assignments found ;
; a6[11]     ; No input delay, min/max delays, false-path exceptions, or max skew assignments found ;
; a6[12]     ; No input delay, min/max delays, false-path exceptions, or max skew assignments found ;
; a6[13]     ; No input delay, min/max delays, false-path exceptions, or max skew assignments found ;
; a6[14]     ; No input delay, min/max delays, false-path exceptions, or max skew assignments found ;
; a6[15]     ; No input delay, min/max delays, false-path exceptions, or max skew assignments found ;
; a7[0]      ; No input delay, min/max delays, false-path exceptions, or max skew assignments found ;
; a7[1]      ; No input delay, min/max delays, false-path exceptions, or max skew assignments found ;
; a7[2]      ; No input delay, min/max delays, false-path exceptions, or max skew assignments found ;
; a7[3]      ; No input delay, min/max delays, false-path exceptions, or max skew assignments found ;
; a7[4]      ; No input delay, min/max delays, false-path exceptions, or max skew assignments found ;
; a7[5]      ; No input delay, min/max delays, false-path exceptions, or max skew assignments found ;
; a7[6]      ; No input delay, min/max delays, false-path exceptions, or max skew assignments found ;
; a7[7]      ; No input delay, min/max delays, false-path exceptions, or max skew assignments found ;
; a7[8]      ; No input delay, min/max delays, false-path exceptions, or max skew assignments found ;
; a7[9]      ; No input delay, min/max delays, false-path exceptions, or max skew assignments found ;
; a7[10]     ; No input delay, min/max delays, false-path exceptions, or max skew assignments found ;
; a7[11]     ; No input delay, min/max delays, false-path exceptions, or max skew assignments found ;
; a7[12]     ; No input delay, min/max delays, false-path exceptions, or max skew assignments found ;
; a7[13]     ; No input delay, min/max delays, false-path exceptions, or max skew assignments found ;
; a7[14]     ; No input delay, min/max delays, false-path exceptions, or max skew assignments found ;
; a7[15]     ; No input delay, min/max delays, false-path exceptions, or max skew assignments found ;
; a8[0]      ; No input delay, min/max delays, false-path exceptions, or max skew assignments found ;
; a8[1]      ; No input delay, min/max delays, false-path exceptions, or max skew assignments found ;
; a8[2]      ; No input delay, min/max delays, false-path exceptions, or max skew assignments found ;
; a8[3]      ; No input delay, min/max delays, false-path exceptions, or max skew assignments found ;
; a8[4]      ; No input delay, min/max delays, false-path exceptions, or max skew assignments found ;
; a8[5]      ; No input delay, min/max delays, false-path exceptions, or max skew assignments found ;
; a8[6]      ; No input delay, min/max delays, false-path exceptions, or max skew assignments found ;
; a8[7]      ; No input delay, min/max delays, false-path exceptions, or max skew assignments found ;
; a8[8]      ; No input delay, min/max delays, false-path exceptions, or max skew assignments found ;
; a8[9]      ; No input delay, min/max delays, false-path exceptions, or max skew assignments found ;
; a8[10]     ; No input delay, min/max delays, false-path exceptions, or max skew assignments found ;
; a8[11]     ; No input delay, min/max delays, false-path exceptions, or max skew assignments found ;
; a8[12]     ; No input delay, min/max delays, false-path exceptions, or max skew assignments found ;
; a8[13]     ; No input delay, min/max delays, false-path exceptions, or max skew assignments found ;
; a8[14]     ; No input delay, min/max delays, false-path exceptions, or max skew assignments found ;
; a8[15]     ; No input delay, min/max delays, false-path exceptions, or max skew assignments found ;
; a9[0]      ; No input delay, min/max delays, false-path exceptions, or max skew assignments found ;
; a9[1]      ; No input delay, min/max delays, false-path exceptions, or max skew assignments found ;
; a9[2]      ; No input delay, min/max delays, false-path exceptions, or max skew assignments found ;
; a9[3]      ; No input delay, min/max delays, false-path exceptions, or max skew assignments found ;
; a9[4]      ; No input delay, min/max delays, false-path exceptions, or max skew assignments found ;
; a9[5]      ; No input delay, min/max delays, false-path exceptions, or max skew assignments found ;
; a9[6]      ; No input delay, min/max delays, false-path exceptions, or max skew assignments found ;
; a9[7]      ; No input delay, min/max delays, false-path exceptions, or max skew assignments found ;
; a9[8]      ; No input delay, min/max delays, false-path exceptions, or max skew assignments found ;
; a9[9]      ; No input delay, min/max delays, false-path exceptions, or max skew assignments found ;
; a9[10]     ; No input delay, min/max delays, false-path exceptions, or max skew assignments found ;
; a9[11]     ; No input delay, min/max delays, false-path exceptions, or max skew assignments found ;
; a9[12]     ; No input delay, min/max delays, false-path exceptions, or max skew assignments found ;
; a9[13]     ; No input delay, min/max delays, false-path exceptions, or max skew assignments found ;
; a9[14]     ; No input delay, min/max delays, false-path exceptions, or max skew assignments found ;
; a9[15]     ; No input delay, min/max delays, false-path exceptions, or max skew assignments found ;
; a10[0]     ; No input delay, min/max delays, false-path exceptions, or max skew assignments found ;
; a10[1]     ; No input delay, min/max delays, false-path exceptions, or max skew assignments found ;
; a10[2]     ; No input delay, min/max delays, false-path exceptions, or max skew assignments found ;
; a10[3]     ; No input delay, min/max delays, false-path exceptions, or max skew assignments found ;
; a10[4]     ; No input delay, min/max delays, false-path exceptions, or max skew assignments found ;
; a10[5]     ; No input delay, min/max delays, false-path exceptions, or max skew assignments found ;
; a10[6]     ; No input delay, min/max delays, false-path exceptions, or max skew assignments found ;
; a10[7]     ; No input delay, min/max delays, false-path exceptions, or max skew assignments found ;
; a10[8]     ; No input delay, min/max delays, false-path exceptions, or max skew assignments found ;
; a10[9]     ; No input delay, min/max delays, false-path exceptions, or max skew assignments found ;
; a10[10]    ; No input delay, min/max delays, false-path exceptions, or max skew assignments found ;
; a10[11]    ; No input delay, min/max delays, false-path exceptions, or max skew assignments found ;
; a10[12]    ; No input delay, min/max delays, false-path exceptions, or max skew assignments found ;
; a10[13]    ; No input delay, min/max delays, false-path exceptions, or max skew assignments found ;
; a10[14]    ; No input delay, min/max delays, false-path exceptions, or max skew assignments found ;
; a10[15]    ; No input delay, min/max delays, false-path exceptions, or max skew assignments found ;
; a11[0]     ; No input delay, min/max delays, false-path exceptions, or max skew assignments found ;
; a11[1]     ; No input delay, min/max delays, false-path exceptions, or max skew assignments found ;
; a11[2]     ; No input delay, min/max delays, false-path exceptions, or max skew assignments found ;
; a11[3]     ; No input delay, min/max delays, false-path exceptions, or max skew assignments found ;
; a11[4]     ; No input delay, min/max delays, false-path exceptions, or max skew assignments found ;
; a11[5]     ; No input delay, min/max delays, false-path exceptions, or max skew assignments found ;
; a11[6]     ; No input delay, min/max delays, false-path exceptions, or max skew assignments found ;
; a11[7]     ; No input delay, min/max delays, false-path exceptions, or max skew assignments found ;
; a11[8]     ; No input delay, min/max delays, false-path exceptions, or max skew assignments found ;
; a11[9]     ; No input delay, min/max delays, false-path exceptions, or max skew assignments found ;
; a11[10]    ; No input delay, min/max delays, false-path exceptions, or max skew assignments found ;
; a11[11]    ; No input delay, min/max delays, false-path exceptions, or max skew assignments found ;
; a11[12]    ; No input delay, min/max delays, false-path exceptions, or max skew assignments found ;
; a11[13]    ; No input delay, min/max delays, false-path exceptions, or max skew assignments found ;
; a11[14]    ; No input delay, min/max delays, false-path exceptions, or max skew assignments found ;
; a11[15]    ; No input delay, min/max delays, false-path exceptions, or max skew assignments found ;
; a12[0]     ; No input delay, min/max delays, false-path exceptions, or max skew assignments found ;
; a12[1]     ; No input delay, min/max delays, false-path exceptions, or max skew assignments found ;
; a12[2]     ; No input delay, min/max delays, false-path exceptions, or max skew assignments found ;
; a12[3]     ; No input delay, min/max delays, false-path exceptions, or max skew assignments found ;
; a12[4]     ; No input delay, min/max delays, false-path exceptions, or max skew assignments found ;
; a12[5]     ; No input delay, min/max delays, false-path exceptions, or max skew assignments found ;
; a12[6]     ; No input delay, min/max delays, false-path exceptions, or max skew assignments found ;
; a12[7]     ; No input delay, min/max delays, false-path exceptions, or max skew assignments found ;
; a12[8]     ; No input delay, min/max delays, false-path exceptions, or max skew assignments found ;
; a12[9]     ; No input delay, min/max delays, false-path exceptions, or max skew assignments found ;
; a12[10]    ; No input delay, min/max delays, false-path exceptions, or max skew assignments found ;
; a12[11]    ; No input delay, min/max delays, false-path exceptions, or max skew assignments found ;
; a12[12]    ; No input delay, min/max delays, false-path exceptions, or max skew assignments found ;
; a12[13]    ; No input delay, min/max delays, false-path exceptions, or max skew assignments found ;
; a12[14]    ; No input delay, min/max delays, false-path exceptions, or max skew assignments found ;
; a12[15]    ; No input delay, min/max delays, false-path exceptions, or max skew assignments found ;
; a13[0]     ; No input delay, min/max delays, false-path exceptions, or max skew assignments found ;
; a13[1]     ; No input delay, min/max delays, false-path exceptions, or max skew assignments found ;
; a13[2]     ; No input delay, min/max delays, false-path exceptions, or max skew assignments found ;
; a13[3]     ; No input delay, min/max delays, false-path exceptions, or max skew assignments found ;
; a13[4]     ; No input delay, min/max delays, false-path exceptions, or max skew assignments found ;
; a13[5]     ; No input delay, min/max delays, false-path exceptions, or max skew assignments found ;
; a13[6]     ; No input delay, min/max delays, false-path exceptions, or max skew assignments found ;
; a13[7]     ; No input delay, min/max delays, false-path exceptions, or max skew assignments found ;
; a13[8]     ; No input delay, min/max delays, false-path exceptions, or max skew assignments found ;
; a13[9]     ; No input delay, min/max delays, false-path exceptions, or max skew assignments found ;
; a13[10]    ; No input delay, min/max delays, false-path exceptions, or max skew assignments found ;
; a13[11]    ; No input delay, min/max delays, false-path exceptions, or max skew assignments found ;
; a13[12]    ; No input delay, min/max delays, false-path exceptions, or max skew assignments found ;
; a13[13]    ; No input delay, min/max delays, false-path exceptions, or max skew assignments found ;
; a13[14]    ; No input delay, min/max delays, false-path exceptions, or max skew assignments found ;
; a13[15]    ; No input delay, min/max delays, false-path exceptions, or max skew assignments found ;
; a14[0]     ; No input delay, min/max delays, false-path exceptions, or max skew assignments found ;
; a14[1]     ; No input delay, min/max delays, false-path exceptions, or max skew assignments found ;
; a14[2]     ; No input delay, min/max delays, false-path exceptions, or max skew assignments found ;
; a14[3]     ; No input delay, min/max delays, false-path exceptions, or max skew assignments found ;
; a14[4]     ; No input delay, min/max delays, false-path exceptions, or max skew assignments found ;
; a14[5]     ; No input delay, min/max delays, false-path exceptions, or max skew assignments found ;
; a14[6]     ; No input delay, min/max delays, false-path exceptions, or max skew assignments found ;
; a14[7]     ; No input delay, min/max delays, false-path exceptions, or max skew assignments found ;
; a14[8]     ; No input delay, min/max delays, false-path exceptions, or max skew assignments found ;
; a14[9]     ; No input delay, min/max delays, false-path exceptions, or max skew assignments found ;
; a14[10]    ; No input delay, min/max delays, false-path exceptions, or max skew assignments found ;
; a14[11]    ; No input delay, min/max delays, false-path exceptions, or max skew assignments found ;
; a14[12]    ; No input delay, min/max delays, false-path exceptions, or max skew assignments found ;
; a14[13]    ; No input delay, min/max delays, false-path exceptions, or max skew assignments found ;
; a14[14]    ; No input delay, min/max delays, false-path exceptions, or max skew assignments found ;
; a14[15]    ; No input delay, min/max delays, false-path exceptions, or max skew assignments found ;
; a15[0]     ; No input delay, min/max delays, false-path exceptions, or max skew assignments found ;
; a15[1]     ; No input delay, min/max delays, false-path exceptions, or max skew assignments found ;
; a15[2]     ; No input delay, min/max delays, false-path exceptions, or max skew assignments found ;
; a15[3]     ; No input delay, min/max delays, false-path exceptions, or max skew assignments found ;
; a15[4]     ; No input delay, min/max delays, false-path exceptions, or max skew assignments found ;
; a15[5]     ; No input delay, min/max delays, false-path exceptions, or max skew assignments found ;
; a15[6]     ; No input delay, min/max delays, false-path exceptions, or max skew assignments found ;
; a15[7]     ; No input delay, min/max delays, false-path exceptions, or max skew assignments found ;
; a15[8]     ; No input delay, min/max delays, false-path exceptions, or max skew assignments found ;
; a15[9]     ; No input delay, min/max delays, false-path exceptions, or max skew assignments found ;
; a15[10]    ; No input delay, min/max delays, false-path exceptions, or max skew assignments found ;
; a15[11]    ; No input delay, min/max delays, false-path exceptions, or max skew assignments found ;
; a15[12]    ; No input delay, min/max delays, false-path exceptions, or max skew assignments found ;
; a15[13]    ; No input delay, min/max delays, false-path exceptions, or max skew assignments found ;
; a15[14]    ; No input delay, min/max delays, false-path exceptions, or max skew assignments found ;
; a15[15]    ; No input delay, min/max delays, false-path exceptions, or max skew assignments found ;
; a16[0]     ; No input delay, min/max delays, false-path exceptions, or max skew assignments found ;
; a16[1]     ; No input delay, min/max delays, false-path exceptions, or max skew assignments found ;
; a16[2]     ; No input delay, min/max delays, false-path exceptions, or max skew assignments found ;
; a16[3]     ; No input delay, min/max delays, false-path exceptions, or max skew assignments found ;
; a16[4]     ; No input delay, min/max delays, false-path exceptions, or max skew assignments found ;
; a16[5]     ; No input delay, min/max delays, false-path exceptions, or max skew assignments found ;
; a16[6]     ; No input delay, min/max delays, false-path exceptions, or max skew assignments found ;
; a16[7]     ; No input delay, min/max delays, false-path exceptions, or max skew assignments found ;
; a16[8]     ; No input delay, min/max delays, false-path exceptions, or max skew assignments found ;
; a16[9]     ; No input delay, min/max delays, false-path exceptions, or max skew assignments found ;
; a16[10]    ; No input delay, min/max delays, false-path exceptions, or max skew assignments found ;
; a16[11]    ; No input delay, min/max delays, false-path exceptions, or max skew assignments found ;
; a16[12]    ; No input delay, min/max delays, false-path exceptions, or max skew assignments found ;
; a16[13]    ; No input delay, min/max delays, false-path exceptions, or max skew assignments found ;
; a16[14]    ; No input delay, min/max delays, false-path exceptions, or max skew assignments found ;
; a16[15]    ; No input delay, min/max delays, false-path exceptions, or max skew assignments found ;
; a17[0]     ; No input delay, min/max delays, false-path exceptions, or max skew assignments found ;
; a17[1]     ; No input delay, min/max delays, false-path exceptions, or max skew assignments found ;
; a17[2]     ; No input delay, min/max delays, false-path exceptions, or max skew assignments found ;
; a17[3]     ; No input delay, min/max delays, false-path exceptions, or max skew assignments found ;
; a17[4]     ; No input delay, min/max delays, false-path exceptions, or max skew assignments found ;
; a17[5]     ; No input delay, min/max delays, false-path exceptions, or max skew assignments found ;
; a17[6]     ; No input delay, min/max delays, false-path exceptions, or max skew assignments found ;
; a17[7]     ; No input delay, min/max delays, false-path exceptions, or max skew assignments found ;
; a17[8]     ; No input delay, min/max delays, false-path exceptions, or max skew assignments found ;
; a17[9]     ; No input delay, min/max delays, false-path exceptions, or max skew assignments found ;
; a17[10]    ; No input delay, min/max delays, false-path exceptions, or max skew assignments found ;
; a17[11]    ; No input delay, min/max delays, false-path exceptions, or max skew assignments found ;
; a17[12]    ; No input delay, min/max delays, false-path exceptions, or max skew assignments found ;
; a17[13]    ; No input delay, min/max delays, false-path exceptions, or max skew assignments found ;
; a17[14]    ; No input delay, min/max delays, false-path exceptions, or max skew assignments found ;
; a17[15]    ; No input delay, min/max delays, false-path exceptions, or max skew assignments found ;
; a18[0]     ; No input delay, min/max delays, false-path exceptions, or max skew assignments found ;
; a18[1]     ; No input delay, min/max delays, false-path exceptions, or max skew assignments found ;
; a18[2]     ; No input delay, min/max delays, false-path exceptions, or max skew assignments found ;
; a18[3]     ; No input delay, min/max delays, false-path exceptions, or max skew assignments found ;
; a18[4]     ; No input delay, min/max delays, false-path exceptions, or max skew assignments found ;
; a18[5]     ; No input delay, min/max delays, false-path exceptions, or max skew assignments found ;
; a18[6]     ; No input delay, min/max delays, false-path exceptions, or max skew assignments found ;
; a18[7]     ; No input delay, min/max delays, false-path exceptions, or max skew assignments found ;
; a18[8]     ; No input delay, min/max delays, false-path exceptions, or max skew assignments found ;
; a18[9]     ; No input delay, min/max delays, false-path exceptions, or max skew assignments found ;
; a18[10]    ; No input delay, min/max delays, false-path exceptions, or max skew assignments found ;
; a18[11]    ; No input delay, min/max delays, false-path exceptions, or max skew assignments found ;
; a18[12]    ; No input delay, min/max delays, false-path exceptions, or max skew assignments found ;
; a18[13]    ; No input delay, min/max delays, false-path exceptions, or max skew assignments found ;
; a18[14]    ; No input delay, min/max delays, false-path exceptions, or max skew assignments found ;
; a18[15]    ; No input delay, min/max delays, false-path exceptions, or max skew assignments found ;
; a19[0]     ; No input delay, min/max delays, false-path exceptions, or max skew assignments found ;
; a19[1]     ; No input delay, min/max delays, false-path exceptions, or max skew assignments found ;
; a19[2]     ; No input delay, min/max delays, false-path exceptions, or max skew assignments found ;
; a19[3]     ; No input delay, min/max delays, false-path exceptions, or max skew assignments found ;
; a19[4]     ; No input delay, min/max delays, false-path exceptions, or max skew assignments found ;
; a19[5]     ; No input delay, min/max delays, false-path exceptions, or max skew assignments found ;
; a19[6]     ; No input delay, min/max delays, false-path exceptions, or max skew assignments found ;
; a19[7]     ; No input delay, min/max delays, false-path exceptions, or max skew assignments found ;
; a19[8]     ; No input delay, min/max delays, false-path exceptions, or max skew assignments found ;
; a19[9]     ; No input delay, min/max delays, false-path exceptions, or max skew assignments found ;
; a19[10]    ; No input delay, min/max delays, false-path exceptions, or max skew assignments found ;
; a19[11]    ; No input delay, min/max delays, false-path exceptions, or max skew assignments found ;
; a19[12]    ; No input delay, min/max delays, false-path exceptions, or max skew assignments found ;
; a19[13]    ; No input delay, min/max delays, false-path exceptions, or max skew assignments found ;
; a19[14]    ; No input delay, min/max delays, false-path exceptions, or max skew assignments found ;
; a19[15]    ; No input delay, min/max delays, false-path exceptions, or max skew assignments found ;
; a20[0]     ; No input delay, min/max delays, false-path exceptions, or max skew assignments found ;
; a20[1]     ; No input delay, min/max delays, false-path exceptions, or max skew assignments found ;
; a20[2]     ; No input delay, min/max delays, false-path exceptions, or max skew assignments found ;
; a20[3]     ; No input delay, min/max delays, false-path exceptions, or max skew assignments found ;
; a20[4]     ; No input delay, min/max delays, false-path exceptions, or max skew assignments found ;
; a20[5]     ; No input delay, min/max delays, false-path exceptions, or max skew assignments found ;
; a20[6]     ; No input delay, min/max delays, false-path exceptions, or max skew assignments found ;
; a20[7]     ; No input delay, min/max delays, false-path exceptions, or max skew assignments found ;
; a20[8]     ; No input delay, min/max delays, false-path exceptions, or max skew assignments found ;
; a20[9]     ; No input delay, min/max delays, false-path exceptions, or max skew assignments found ;
; a20[10]    ; No input delay, min/max delays, false-path exceptions, or max skew assignments found ;
; a20[11]    ; No input delay, min/max delays, false-path exceptions, or max skew assignments found ;
; a20[12]    ; No input delay, min/max delays, false-path exceptions, or max skew assignments found ;
; a20[13]    ; No input delay, min/max delays, false-path exceptions, or max skew assignments found ;
; a20[14]    ; No input delay, min/max delays, false-path exceptions, or max skew assignments found ;
; a20[15]    ; No input delay, min/max delays, false-path exceptions, or max skew assignments found ;
; a21[0]     ; No input delay, min/max delays, false-path exceptions, or max skew assignments found ;
; a21[1]     ; No input delay, min/max delays, false-path exceptions, or max skew assignments found ;
; a21[2]     ; No input delay, min/max delays, false-path exceptions, or max skew assignments found ;
; a21[3]     ; No input delay, min/max delays, false-path exceptions, or max skew assignments found ;
; a21[4]     ; No input delay, min/max delays, false-path exceptions, or max skew assignments found ;
; a21[5]     ; No input delay, min/max delays, false-path exceptions, or max skew assignments found ;
; a21[6]     ; No input delay, min/max delays, false-path exceptions, or max skew assignments found ;
; a21[7]     ; No input delay, min/max delays, false-path exceptions, or max skew assignments found ;
; a21[8]     ; No input delay, min/max delays, false-path exceptions, or max skew assignments found ;
; a21[9]     ; No input delay, min/max delays, false-path exceptions, or max skew assignments found ;
; a21[10]    ; No input delay, min/max delays, false-path exceptions, or max skew assignments found ;
; a21[11]    ; No input delay, min/max delays, false-path exceptions, or max skew assignments found ;
; a21[12]    ; No input delay, min/max delays, false-path exceptions, or max skew assignments found ;
; a21[13]    ; No input delay, min/max delays, false-path exceptions, or max skew assignments found ;
; a21[14]    ; No input delay, min/max delays, false-path exceptions, or max skew assignments found ;
; a21[15]    ; No input delay, min/max delays, false-path exceptions, or max skew assignments found ;
; a22[0]     ; No input delay, min/max delays, false-path exceptions, or max skew assignments found ;
; a22[1]     ; No input delay, min/max delays, false-path exceptions, or max skew assignments found ;
; a22[2]     ; No input delay, min/max delays, false-path exceptions, or max skew assignments found ;
; a22[3]     ; No input delay, min/max delays, false-path exceptions, or max skew assignments found ;
; a22[4]     ; No input delay, min/max delays, false-path exceptions, or max skew assignments found ;
; a22[5]     ; No input delay, min/max delays, false-path exceptions, or max skew assignments found ;
; a22[6]     ; No input delay, min/max delays, false-path exceptions, or max skew assignments found ;
; a22[7]     ; No input delay, min/max delays, false-path exceptions, or max skew assignments found ;
; a22[8]     ; No input delay, min/max delays, false-path exceptions, or max skew assignments found ;
; a22[9]     ; No input delay, min/max delays, false-path exceptions, or max skew assignments found ;
; a22[10]    ; No input delay, min/max delays, false-path exceptions, or max skew assignments found ;
; a22[11]    ; No input delay, min/max delays, false-path exceptions, or max skew assignments found ;
; a22[12]    ; No input delay, min/max delays, false-path exceptions, or max skew assignments found ;
; a22[13]    ; No input delay, min/max delays, false-path exceptions, or max skew assignments found ;
; a22[14]    ; No input delay, min/max delays, false-path exceptions, or max skew assignments found ;
; a22[15]    ; No input delay, min/max delays, false-path exceptions, or max skew assignments found ;
; a23[0]     ; No input delay, min/max delays, false-path exceptions, or max skew assignments found ;
; a23[1]     ; No input delay, min/max delays, false-path exceptions, or max skew assignments found ;
; a23[2]     ; No input delay, min/max delays, false-path exceptions, or max skew assignments found ;
; a23[3]     ; No input delay, min/max delays, false-path exceptions, or max skew assignments found ;
; a23[4]     ; No input delay, min/max delays, false-path exceptions, or max skew assignments found ;
; a23[5]     ; No input delay, min/max delays, false-path exceptions, or max skew assignments found ;
; a23[6]     ; No input delay, min/max delays, false-path exceptions, or max skew assignments found ;
; a23[7]     ; No input delay, min/max delays, false-path exceptions, or max skew assignments found ;
; a23[8]     ; No input delay, min/max delays, false-path exceptions, or max skew assignments found ;
; a23[9]     ; No input delay, min/max delays, false-path exceptions, or max skew assignments found ;
; a23[10]    ; No input delay, min/max delays, false-path exceptions, or max skew assignments found ;
; a23[11]    ; No input delay, min/max delays, false-path exceptions, or max skew assignments found ;
; a23[12]    ; No input delay, min/max delays, false-path exceptions, or max skew assignments found ;
; a23[13]    ; No input delay, min/max delays, false-path exceptions, or max skew assignments found ;
; a23[14]    ; No input delay, min/max delays, false-path exceptions, or max skew assignments found ;
; a23[15]    ; No input delay, min/max delays, false-path exceptions, or max skew assignments found ;
; a24[0]     ; No input delay, min/max delays, false-path exceptions, or max skew assignments found ;
; a24[1]     ; No input delay, min/max delays, false-path exceptions, or max skew assignments found ;
; a24[2]     ; No input delay, min/max delays, false-path exceptions, or max skew assignments found ;
; a24[3]     ; No input delay, min/max delays, false-path exceptions, or max skew assignments found ;
; a24[4]     ; No input delay, min/max delays, false-path exceptions, or max skew assignments found ;
; a24[5]     ; No input delay, min/max delays, false-path exceptions, or max skew assignments found ;
; a24[6]     ; No input delay, min/max delays, false-path exceptions, or max skew assignments found ;
; a24[7]     ; No input delay, min/max delays, false-path exceptions, or max skew assignments found ;
; a24[8]     ; No input delay, min/max delays, false-path exceptions, or max skew assignments found ;
; a24[9]     ; No input delay, min/max delays, false-path exceptions, or max skew assignments found ;
; a24[10]    ; No input delay, min/max delays, false-path exceptions, or max skew assignments found ;
; a24[11]    ; No input delay, min/max delays, false-path exceptions, or max skew assignments found ;
; a24[12]    ; No input delay, min/max delays, false-path exceptions, or max skew assignments found ;
; a24[13]    ; No input delay, min/max delays, false-path exceptions, or max skew assignments found ;
; a24[14]    ; No input delay, min/max delays, false-path exceptions, or max skew assignments found ;
; a24[15]    ; No input delay, min/max delays, false-path exceptions, or max skew assignments found ;
; a25[0]     ; No input delay, min/max delays, false-path exceptions, or max skew assignments found ;
; a25[1]     ; No input delay, min/max delays, false-path exceptions, or max skew assignments found ;
; a25[2]     ; No input delay, min/max delays, false-path exceptions, or max skew assignments found ;
; a25[3]     ; No input delay, min/max delays, false-path exceptions, or max skew assignments found ;
; a25[4]     ; No input delay, min/max delays, false-path exceptions, or max skew assignments found ;
; a25[5]     ; No input delay, min/max delays, false-path exceptions, or max skew assignments found ;
; a25[6]     ; No input delay, min/max delays, false-path exceptions, or max skew assignments found ;
; a25[7]     ; No input delay, min/max delays, false-path exceptions, or max skew assignments found ;
; a25[8]     ; No input delay, min/max delays, false-path exceptions, or max skew assignments found ;
; a25[9]     ; No input delay, min/max delays, false-path exceptions, or max skew assignments found ;
; a25[10]    ; No input delay, min/max delays, false-path exceptions, or max skew assignments found ;
; a25[11]    ; No input delay, min/max delays, false-path exceptions, or max skew assignments found ;
; a25[12]    ; No input delay, min/max delays, false-path exceptions, or max skew assignments found ;
; a25[13]    ; No input delay, min/max delays, false-path exceptions, or max skew assignments found ;
; a25[14]    ; No input delay, min/max delays, false-path exceptions, or max skew assignments found ;
; a25[15]    ; No input delay, min/max delays, false-path exceptions, or max skew assignments found ;
; a26[0]     ; No input delay, min/max delays, false-path exceptions, or max skew assignments found ;
; a26[1]     ; No input delay, min/max delays, false-path exceptions, or max skew assignments found ;
; a26[2]     ; No input delay, min/max delays, false-path exceptions, or max skew assignments found ;
; a26[3]     ; No input delay, min/max delays, false-path exceptions, or max skew assignments found ;
; a26[4]     ; No input delay, min/max delays, false-path exceptions, or max skew assignments found ;
; a26[5]     ; No input delay, min/max delays, false-path exceptions, or max skew assignments found ;
; a26[6]     ; No input delay, min/max delays, false-path exceptions, or max skew assignments found ;
; a26[7]     ; No input delay, min/max delays, false-path exceptions, or max skew assignments found ;
; a26[8]     ; No input delay, min/max delays, false-path exceptions, or max skew assignments found ;
; a26[9]     ; No input delay, min/max delays, false-path exceptions, or max skew assignments found ;
; a26[10]    ; No input delay, min/max delays, false-path exceptions, or max skew assignments found ;
; a26[11]    ; No input delay, min/max delays, false-path exceptions, or max skew assignments found ;
; a26[12]    ; No input delay, min/max delays, false-path exceptions, or max skew assignments found ;
; a26[13]    ; No input delay, min/max delays, false-path exceptions, or max skew assignments found ;
; a26[14]    ; No input delay, min/max delays, false-path exceptions, or max skew assignments found ;
; a26[15]    ; No input delay, min/max delays, false-path exceptions, or max skew assignments found ;
; a27[0]     ; No input delay, min/max delays, false-path exceptions, or max skew assignments found ;
; a27[1]     ; No input delay, min/max delays, false-path exceptions, or max skew assignments found ;
; a27[2]     ; No input delay, min/max delays, false-path exceptions, or max skew assignments found ;
; a27[3]     ; No input delay, min/max delays, false-path exceptions, or max skew assignments found ;
; a27[4]     ; No input delay, min/max delays, false-path exceptions, or max skew assignments found ;
; a27[5]     ; No input delay, min/max delays, false-path exceptions, or max skew assignments found ;
; a27[6]     ; No input delay, min/max delays, false-path exceptions, or max skew assignments found ;
; a27[7]     ; No input delay, min/max delays, false-path exceptions, or max skew assignments found ;
; a27[8]     ; No input delay, min/max delays, false-path exceptions, or max skew assignments found ;
; a27[9]     ; No input delay, min/max delays, false-path exceptions, or max skew assignments found ;
; a27[10]    ; No input delay, min/max delays, false-path exceptions, or max skew assignments found ;
; a27[11]    ; No input delay, min/max delays, false-path exceptions, or max skew assignments found ;
; a27[12]    ; No input delay, min/max delays, false-path exceptions, or max skew assignments found ;
; a27[13]    ; No input delay, min/max delays, false-path exceptions, or max skew assignments found ;
; a27[14]    ; No input delay, min/max delays, false-path exceptions, or max skew assignments found ;
; a27[15]    ; No input delay, min/max delays, false-path exceptions, or max skew assignments found ;
; a28[0]     ; No input delay, min/max delays, false-path exceptions, or max skew assignments found ;
; a28[1]     ; No input delay, min/max delays, false-path exceptions, or max skew assignments found ;
; a28[2]     ; No input delay, min/max delays, false-path exceptions, or max skew assignments found ;
; a28[3]     ; No input delay, min/max delays, false-path exceptions, or max skew assignments found ;
; a28[4]     ; No input delay, min/max delays, false-path exceptions, or max skew assignments found ;
; a28[5]     ; No input delay, min/max delays, false-path exceptions, or max skew assignments found ;
; a28[6]     ; No input delay, min/max delays, false-path exceptions, or max skew assignments found ;
; a28[7]     ; No input delay, min/max delays, false-path exceptions, or max skew assignments found ;
; a28[8]     ; No input delay, min/max delays, false-path exceptions, or max skew assignments found ;
; a28[9]     ; No input delay, min/max delays, false-path exceptions, or max skew assignments found ;
; a28[10]    ; No input delay, min/max delays, false-path exceptions, or max skew assignments found ;
; a28[11]    ; No input delay, min/max delays, false-path exceptions, or max skew assignments found ;
; a28[12]    ; No input delay, min/max delays, false-path exceptions, or max skew assignments found ;
; a28[13]    ; No input delay, min/max delays, false-path exceptions, or max skew assignments found ;
; a28[14]    ; No input delay, min/max delays, false-path exceptions, or max skew assignments found ;
; a28[15]    ; No input delay, min/max delays, false-path exceptions, or max skew assignments found ;
; a29[0]     ; No input delay, min/max delays, false-path exceptions, or max skew assignments found ;
; a29[1]     ; No input delay, min/max delays, false-path exceptions, or max skew assignments found ;
; a29[2]     ; No input delay, min/max delays, false-path exceptions, or max skew assignments found ;
; a29[3]     ; No input delay, min/max delays, false-path exceptions, or max skew assignments found ;
; a29[4]     ; No input delay, min/max delays, false-path exceptions, or max skew assignments found ;
; a29[5]     ; No input delay, min/max delays, false-path exceptions, or max skew assignments found ;
; a29[6]     ; No input delay, min/max delays, false-path exceptions, or max skew assignments found ;
; a29[7]     ; No input delay, min/max delays, false-path exceptions, or max skew assignments found ;
; a29[8]     ; No input delay, min/max delays, false-path exceptions, or max skew assignments found ;
; a29[9]     ; No input delay, min/max delays, false-path exceptions, or max skew assignments found ;
; a29[10]    ; No input delay, min/max delays, false-path exceptions, or max skew assignments found ;
; a29[11]    ; No input delay, min/max delays, false-path exceptions, or max skew assignments found ;
; a29[12]    ; No input delay, min/max delays, false-path exceptions, or max skew assignments found ;
; a29[13]    ; No input delay, min/max delays, false-path exceptions, or max skew assignments found ;
; a29[14]    ; No input delay, min/max delays, false-path exceptions, or max skew assignments found ;
; a29[15]    ; No input delay, min/max delays, false-path exceptions, or max skew assignments found ;
; a30[0]     ; No input delay, min/max delays, false-path exceptions, or max skew assignments found ;
; a30[1]     ; No input delay, min/max delays, false-path exceptions, or max skew assignments found ;
; a30[2]     ; No input delay, min/max delays, false-path exceptions, or max skew assignments found ;
; a30[3]     ; No input delay, min/max delays, false-path exceptions, or max skew assignments found ;
; a30[4]     ; No input delay, min/max delays, false-path exceptions, or max skew assignments found ;
; a30[5]     ; No input delay, min/max delays, false-path exceptions, or max skew assignments found ;
; a30[6]     ; No input delay, min/max delays, false-path exceptions, or max skew assignments found ;
; a30[7]     ; No input delay, min/max delays, false-path exceptions, or max skew assignments found ;
; a30[8]     ; No input delay, min/max delays, false-path exceptions, or max skew assignments found ;
; a30[9]     ; No input delay, min/max delays, false-path exceptions, or max skew assignments found ;
; a30[10]    ; No input delay, min/max delays, false-path exceptions, or max skew assignments found ;
; a30[11]    ; No input delay, min/max delays, false-path exceptions, or max skew assignments found ;
; a30[12]    ; No input delay, min/max delays, false-path exceptions, or max skew assignments found ;
; a30[13]    ; No input delay, min/max delays, false-path exceptions, or max skew assignments found ;
; a30[14]    ; No input delay, min/max delays, false-path exceptions, or max skew assignments found ;
; a30[15]    ; No input delay, min/max delays, false-path exceptions, or max skew assignments found ;
; a31[0]     ; No input delay, min/max delays, false-path exceptions, or max skew assignments found ;
; a31[1]     ; No input delay, min/max delays, false-path exceptions, or max skew assignments found ;
; a31[2]     ; No input delay, min/max delays, false-path exceptions, or max skew assignments found ;
; a31[3]     ; No input delay, min/max delays, false-path exceptions, or max skew assignments found ;
; a31[4]     ; No input delay, min/max delays, false-path exceptions, or max skew assignments found ;
; a31[5]     ; No input delay, min/max delays, false-path exceptions, or max skew assignments found ;
; a31[6]     ; No input delay, min/max delays, false-path exceptions, or max skew assignments found ;
; a31[7]     ; No input delay, min/max delays, false-path exceptions, or max skew assignments found ;
; a31[8]     ; No input delay, min/max delays, false-path exceptions, or max skew assignments found ;
; a31[9]     ; No input delay, min/max delays, false-path exceptions, or max skew assignments found ;
; a31[10]    ; No input delay, min/max delays, false-path exceptions, or max skew assignments found ;
; a31[11]    ; No input delay, min/max delays, false-path exceptions, or max skew assignments found ;
; a31[12]    ; No input delay, min/max delays, false-path exceptions, or max skew assignments found ;
; a31[13]    ; No input delay, min/max delays, false-path exceptions, or max skew assignments found ;
; a31[14]    ; No input delay, min/max delays, false-path exceptions, or max skew assignments found ;
; a31[15]    ; No input delay, min/max delays, false-path exceptions, or max skew assignments found ;
; rstN       ; No input delay, min/max delays, false-path exceptions, or max skew assignments found ;
+------------+--------------------------------------------------------------------------------------+


+-----------------------------------------------------------------------------------------------------+
; Unconstrained Output Ports                                                                          ;
+-------------+---------------------------------------------------------------------------------------+
; Output Port ; Comment                                                                               ;
+-------------+---------------------------------------------------------------------------------------+
; y0[0]       ; No output delay, min/max delays, false-path exceptions, or max skew assignments found ;
; y0[1]       ; No output delay, min/max delays, false-path exceptions, or max skew assignments found ;
; y0[2]       ; No output delay, min/max delays, false-path exceptions, or max skew assignments found ;
; y0[3]       ; No output delay, min/max delays, false-path exceptions, or max skew assignments found ;
; y0[4]       ; No output delay, min/max delays, false-path exceptions, or max skew assignments found ;
; y0[5]       ; No output delay, min/max delays, false-path exceptions, or max skew assignments found ;
; y0[6]       ; No output delay, min/max delays, false-path exceptions, or max skew assignments found ;
; y0[7]       ; No output delay, min/max delays, false-path exceptions, or max skew assignments found ;
; y0[8]       ; No output delay, min/max delays, false-path exceptions, or max skew assignments found ;
; y0[9]       ; No output delay, min/max delays, false-path exceptions, or max skew assignments found ;
; y0[10]      ; No output delay, min/max delays, false-path exceptions, or max skew assignments found ;
; y0[11]      ; No output delay, min/max delays, false-path exceptions, or max skew assignments found ;
; y0[12]      ; No output delay, min/max delays, false-path exceptions, or max skew assignments found ;
; y0[13]      ; No output delay, min/max delays, false-path exceptions, or max skew assignments found ;
; y0[14]      ; No output delay, min/max delays, false-path exceptions, or max skew assignments found ;
; y0[15]      ; No output delay, min/max delays, false-path exceptions, or max skew assignments found ;
; y1[0]       ; No output delay, min/max delays, false-path exceptions, or max skew assignments found ;
; y1[1]       ; No output delay, min/max delays, false-path exceptions, or max skew assignments found ;
; y1[2]       ; No output delay, min/max delays, false-path exceptions, or max skew assignments found ;
; y1[3]       ; No output delay, min/max delays, false-path exceptions, or max skew assignments found ;
; y1[4]       ; No output delay, min/max delays, false-path exceptions, or max skew assignments found ;
; y1[5]       ; No output delay, min/max delays, false-path exceptions, or max skew assignments found ;
; y1[6]       ; No output delay, min/max delays, false-path exceptions, or max skew assignments found ;
; y1[7]       ; No output delay, min/max delays, false-path exceptions, or max skew assignments found ;
; y1[8]       ; No output delay, min/max delays, false-path exceptions, or max skew assignments found ;
; y1[9]       ; No output delay, min/max delays, false-path exceptions, or max skew assignments found ;
; y1[10]      ; No output delay, min/max delays, false-path exceptions, or max skew assignments found ;
; y1[11]      ; No output delay, min/max delays, false-path exceptions, or max skew assignments found ;
; y1[12]      ; No output delay, min/max delays, false-path exceptions, or max skew assignments found ;
; y1[13]      ; No output delay, min/max delays, false-path exceptions, or max skew assignments found ;
; y1[14]      ; No output delay, min/max delays, false-path exceptions, or max skew assignments found ;
; y1[15]      ; No output delay, min/max delays, false-path exceptions, or max skew assignments found ;
; y2[0]       ; No output delay, min/max delays, false-path exceptions, or max skew assignments found ;
; y2[1]       ; No output delay, min/max delays, false-path exceptions, or max skew assignments found ;
; y2[2]       ; No output delay, min/max delays, false-path exceptions, or max skew assignments found ;
; y2[3]       ; No output delay, min/max delays, false-path exceptions, or max skew assignments found ;
; y2[4]       ; No output delay, min/max delays, false-path exceptions, or max skew assignments found ;
; y2[5]       ; No output delay, min/max delays, false-path exceptions, or max skew assignments found ;
; y2[6]       ; No output delay, min/max delays, false-path exceptions, or max skew assignments found ;
; y2[7]       ; No output delay, min/max delays, false-path exceptions, or max skew assignments found ;
; y2[8]       ; No output delay, min/max delays, false-path exceptions, or max skew assignments found ;
; y2[9]       ; No output delay, min/max delays, false-path exceptions, or max skew assignments found ;
; y2[10]      ; No output delay, min/max delays, false-path exceptions, or max skew assignments found ;
; y2[11]      ; No output delay, min/max delays, false-path exceptions, or max skew assignments found ;
; y2[12]      ; No output delay, min/max delays, false-path exceptions, or max skew assignments found ;
; y2[13]      ; No output delay, min/max delays, false-path exceptions, or max skew assignments found ;
; y2[14]      ; No output delay, min/max delays, false-path exceptions, or max skew assignments found ;
; y2[15]      ; No output delay, min/max delays, false-path exceptions, or max skew assignments found ;
; y3[0]       ; No output delay, min/max delays, false-path exceptions, or max skew assignments found ;
; y3[1]       ; No output delay, min/max delays, false-path exceptions, or max skew assignments found ;
; y3[2]       ; No output delay, min/max delays, false-path exceptions, or max skew assignments found ;
; y3[3]       ; No output delay, min/max delays, false-path exceptions, or max skew assignments found ;
; y3[4]       ; No output delay, min/max delays, false-path exceptions, or max skew assignments found ;
; y3[5]       ; No output delay, min/max delays, false-path exceptions, or max skew assignments found ;
; y3[6]       ; No output delay, min/max delays, false-path exceptions, or max skew assignments found ;
; y3[7]       ; No output delay, min/max delays, false-path exceptions, or max skew assignments found ;
; y3[8]       ; No output delay, min/max delays, false-path exceptions, or max skew assignments found ;
; y3[9]       ; No output delay, min/max delays, false-path exceptions, or max skew assignments found ;
; y3[10]      ; No output delay, min/max delays, false-path exceptions, or max skew assignments found ;
; y3[11]      ; No output delay, min/max delays, false-path exceptions, or max skew assignments found ;
; y3[12]      ; No output delay, min/max delays, false-path exceptions, or max skew assignments found ;
; y3[13]      ; No output delay, min/max delays, false-path exceptions, or max skew assignments found ;
; y3[14]      ; No output delay, min/max delays, false-path exceptions, or max skew assignments found ;
; y3[15]      ; No output delay, min/max delays, false-path exceptions, or max skew assignments found ;
; y4[0]       ; No output delay, min/max delays, false-path exceptions, or max skew assignments found ;
; y4[1]       ; No output delay, min/max delays, false-path exceptions, or max skew assignments found ;
; y4[2]       ; No output delay, min/max delays, false-path exceptions, or max skew assignments found ;
; y4[3]       ; No output delay, min/max delays, false-path exceptions, or max skew assignments found ;
; y4[4]       ; No output delay, min/max delays, false-path exceptions, or max skew assignments found ;
; y4[5]       ; No output delay, min/max delays, false-path exceptions, or max skew assignments found ;
; y4[6]       ; No output delay, min/max delays, false-path exceptions, or max skew assignments found ;
; y4[7]       ; No output delay, min/max delays, false-path exceptions, or max skew assignments found ;
; y4[8]       ; No output delay, min/max delays, false-path exceptions, or max skew assignments found ;
; y4[9]       ; No output delay, min/max delays, false-path exceptions, or max skew assignments found ;
; y4[10]      ; No output delay, min/max delays, false-path exceptions, or max skew assignments found ;
; y4[11]      ; No output delay, min/max delays, false-path exceptions, or max skew assignments found ;
; y4[12]      ; No output delay, min/max delays, false-path exceptions, or max skew assignments found ;
; y4[13]      ; No output delay, min/max delays, false-path exceptions, or max skew assignments found ;
; y4[14]      ; No output delay, min/max delays, false-path exceptions, or max skew assignments found ;
; y4[15]      ; No output delay, min/max delays, false-path exceptions, or max skew assignments found ;
; y5[0]       ; No output delay, min/max delays, false-path exceptions, or max skew assignments found ;
; y5[1]       ; No output delay, min/max delays, false-path exceptions, or max skew assignments found ;
; y5[2]       ; No output delay, min/max delays, false-path exceptions, or max skew assignments found ;
; y5[3]       ; No output delay, min/max delays, false-path exceptions, or max skew assignments found ;
; y5[4]       ; No output delay, min/max delays, false-path exceptions, or max skew assignments found ;
; y5[5]       ; No output delay, min/max delays, false-path exceptions, or max skew assignments found ;
; y5[6]       ; No output delay, min/max delays, false-path exceptions, or max skew assignments found ;
; y5[7]       ; No output delay, min/max delays, false-path exceptions, or max skew assignments found ;
; y5[8]       ; No output delay, min/max delays, false-path exceptions, or max skew assignments found ;
; y5[9]       ; No output delay, min/max delays, false-path exceptions, or max skew assignments found ;
; y5[10]      ; No output delay, min/max delays, false-path exceptions, or max skew assignments found ;
; y5[11]      ; No output delay, min/max delays, false-path exceptions, or max skew assignments found ;
; y5[12]      ; No output delay, min/max delays, false-path exceptions, or max skew assignments found ;
; y5[13]      ; No output delay, min/max delays, false-path exceptions, or max skew assignments found ;
; y5[14]      ; No output delay, min/max delays, false-path exceptions, or max skew assignments found ;
; y5[15]      ; No output delay, min/max delays, false-path exceptions, or max skew assignments found ;
; y6[0]       ; No output delay, min/max delays, false-path exceptions, or max skew assignments found ;
; y6[1]       ; No output delay, min/max delays, false-path exceptions, or max skew assignments found ;
; y6[2]       ; No output delay, min/max delays, false-path exceptions, or max skew assignments found ;
; y6[3]       ; No output delay, min/max delays, false-path exceptions, or max skew assignments found ;
; y6[4]       ; No output delay, min/max delays, false-path exceptions, or max skew assignments found ;
; y6[5]       ; No output delay, min/max delays, false-path exceptions, or max skew assignments found ;
; y6[6]       ; No output delay, min/max delays, false-path exceptions, or max skew assignments found ;
; y6[7]       ; No output delay, min/max delays, false-path exceptions, or max skew assignments found ;
; y6[8]       ; No output delay, min/max delays, false-path exceptions, or max skew assignments found ;
; y6[9]       ; No output delay, min/max delays, false-path exceptions, or max skew assignments found ;
; y6[10]      ; No output delay, min/max delays, false-path exceptions, or max skew assignments found ;
; y6[11]      ; No output delay, min/max delays, false-path exceptions, or max skew assignments found ;
; y6[12]      ; No output delay, min/max delays, false-path exceptions, or max skew assignments found ;
; y6[13]      ; No output delay, min/max delays, false-path exceptions, or max skew assignments found ;
; y6[14]      ; No output delay, min/max delays, false-path exceptions, or max skew assignments found ;
; y6[15]      ; No output delay, min/max delays, false-path exceptions, or max skew assignments found ;
; y7[0]       ; No output delay, min/max delays, false-path exceptions, or max skew assignments found ;
; y7[1]       ; No output delay, min/max delays, false-path exceptions, or max skew assignments found ;
; y7[2]       ; No output delay, min/max delays, false-path exceptions, or max skew assignments found ;
; y7[3]       ; No output delay, min/max delays, false-path exceptions, or max skew assignments found ;
; y7[4]       ; No output delay, min/max delays, false-path exceptions, or max skew assignments found ;
; y7[5]       ; No output delay, min/max delays, false-path exceptions, or max skew assignments found ;
; y7[6]       ; No output delay, min/max delays, false-path exceptions, or max skew assignments found ;
; y7[7]       ; No output delay, min/max delays, false-path exceptions, or max skew assignments found ;
; y7[8]       ; No output delay, min/max delays, false-path exceptions, or max skew assignments found ;
; y7[9]       ; No output delay, min/max delays, false-path exceptions, or max skew assignments found ;
; y7[10]      ; No output delay, min/max delays, false-path exceptions, or max skew assignments found ;
; y7[11]      ; No output delay, min/max delays, false-path exceptions, or max skew assignments found ;
; y7[12]      ; No output delay, min/max delays, false-path exceptions, or max skew assignments found ;
; y7[13]      ; No output delay, min/max delays, false-path exceptions, or max skew assignments found ;
; y7[14]      ; No output delay, min/max delays, false-path exceptions, or max skew assignments found ;
; y7[15]      ; No output delay, min/max delays, false-path exceptions, or max skew assignments found ;
; y8[0]       ; No output delay, min/max delays, false-path exceptions, or max skew assignments found ;
; y8[1]       ; No output delay, min/max delays, false-path exceptions, or max skew assignments found ;
; y8[2]       ; No output delay, min/max delays, false-path exceptions, or max skew assignments found ;
; y8[3]       ; No output delay, min/max delays, false-path exceptions, or max skew assignments found ;
; y8[4]       ; No output delay, min/max delays, false-path exceptions, or max skew assignments found ;
; y8[5]       ; No output delay, min/max delays, false-path exceptions, or max skew assignments found ;
; y8[6]       ; No output delay, min/max delays, false-path exceptions, or max skew assignments found ;
; y8[7]       ; No output delay, min/max delays, false-path exceptions, or max skew assignments found ;
; y8[8]       ; No output delay, min/max delays, false-path exceptions, or max skew assignments found ;
; y8[9]       ; No output delay, min/max delays, false-path exceptions, or max skew assignments found ;
; y8[10]      ; No output delay, min/max delays, false-path exceptions, or max skew assignments found ;
; y8[11]      ; No output delay, min/max delays, false-path exceptions, or max skew assignments found ;
; y8[12]      ; No output delay, min/max delays, false-path exceptions, or max skew assignments found ;
; y8[13]      ; No output delay, min/max delays, false-path exceptions, or max skew assignments found ;
; y8[14]      ; No output delay, min/max delays, false-path exceptions, or max skew assignments found ;
; y8[15]      ; No output delay, min/max delays, false-path exceptions, or max skew assignments found ;
; y9[0]       ; No output delay, min/max delays, false-path exceptions, or max skew assignments found ;
; y9[1]       ; No output delay, min/max delays, false-path exceptions, or max skew assignments found ;
; y9[2]       ; No output delay, min/max delays, false-path exceptions, or max skew assignments found ;
; y9[3]       ; No output delay, min/max delays, false-path exceptions, or max skew assignments found ;
; y9[4]       ; No output delay, min/max delays, false-path exceptions, or max skew assignments found ;
; y9[5]       ; No output delay, min/max delays, false-path exceptions, or max skew assignments found ;
; y9[6]       ; No output delay, min/max delays, false-path exceptions, or max skew assignments found ;
; y9[7]       ; No output delay, min/max delays, false-path exceptions, or max skew assignments found ;
; y9[8]       ; No output delay, min/max delays, false-path exceptions, or max skew assignments found ;
; y9[9]       ; No output delay, min/max delays, false-path exceptions, or max skew assignments found ;
; y9[10]      ; No output delay, min/max delays, false-path exceptions, or max skew assignments found ;
; y9[11]      ; No output delay, min/max delays, false-path exceptions, or max skew assignments found ;
; y9[12]      ; No output delay, min/max delays, false-path exceptions, or max skew assignments found ;
; y9[13]      ; No output delay, min/max delays, false-path exceptions, or max skew assignments found ;
; y9[14]      ; No output delay, min/max delays, false-path exceptions, or max skew assignments found ;
; y9[15]      ; No output delay, min/max delays, false-path exceptions, or max skew assignments found ;
; y10[0]      ; No output delay, min/max delays, false-path exceptions, or max skew assignments found ;
; y10[1]      ; No output delay, min/max delays, false-path exceptions, or max skew assignments found ;
; y10[2]      ; No output delay, min/max delays, false-path exceptions, or max skew assignments found ;
; y10[3]      ; No output delay, min/max delays, false-path exceptions, or max skew assignments found ;
; y10[4]      ; No output delay, min/max delays, false-path exceptions, or max skew assignments found ;
; y10[5]      ; No output delay, min/max delays, false-path exceptions, or max skew assignments found ;
; y10[6]      ; No output delay, min/max delays, false-path exceptions, or max skew assignments found ;
; y10[7]      ; No output delay, min/max delays, false-path exceptions, or max skew assignments found ;
; y10[8]      ; No output delay, min/max delays, false-path exceptions, or max skew assignments found ;
; y10[9]      ; No output delay, min/max delays, false-path exceptions, or max skew assignments found ;
; y10[10]     ; No output delay, min/max delays, false-path exceptions, or max skew assignments found ;
; y10[11]     ; No output delay, min/max delays, false-path exceptions, or max skew assignments found ;
; y10[12]     ; No output delay, min/max delays, false-path exceptions, or max skew assignments found ;
; y10[13]     ; No output delay, min/max delays, false-path exceptions, or max skew assignments found ;
; y10[14]     ; No output delay, min/max delays, false-path exceptions, or max skew assignments found ;
; y10[15]     ; No output delay, min/max delays, false-path exceptions, or max skew assignments found ;
; y11[0]      ; No output delay, min/max delays, false-path exceptions, or max skew assignments found ;
; y11[1]      ; No output delay, min/max delays, false-path exceptions, or max skew assignments found ;
; y11[2]      ; No output delay, min/max delays, false-path exceptions, or max skew assignments found ;
; y11[3]      ; No output delay, min/max delays, false-path exceptions, or max skew assignments found ;
; y11[4]      ; No output delay, min/max delays, false-path exceptions, or max skew assignments found ;
; y11[5]      ; No output delay, min/max delays, false-path exceptions, or max skew assignments found ;
; y11[6]      ; No output delay, min/max delays, false-path exceptions, or max skew assignments found ;
; y11[7]      ; No output delay, min/max delays, false-path exceptions, or max skew assignments found ;
; y11[8]      ; No output delay, min/max delays, false-path exceptions, or max skew assignments found ;
; y11[9]      ; No output delay, min/max delays, false-path exceptions, or max skew assignments found ;
; y11[10]     ; No output delay, min/max delays, false-path exceptions, or max skew assignments found ;
; y11[11]     ; No output delay, min/max delays, false-path exceptions, or max skew assignments found ;
; y11[12]     ; No output delay, min/max delays, false-path exceptions, or max skew assignments found ;
; y11[13]     ; No output delay, min/max delays, false-path exceptions, or max skew assignments found ;
; y11[14]     ; No output delay, min/max delays, false-path exceptions, or max skew assignments found ;
; y11[15]     ; No output delay, min/max delays, false-path exceptions, or max skew assignments found ;
; y12[0]      ; No output delay, min/max delays, false-path exceptions, or max skew assignments found ;
; y12[1]      ; No output delay, min/max delays, false-path exceptions, or max skew assignments found ;
; y12[2]      ; No output delay, min/max delays, false-path exceptions, or max skew assignments found ;
; y12[3]      ; No output delay, min/max delays, false-path exceptions, or max skew assignments found ;
; y12[4]      ; No output delay, min/max delays, false-path exceptions, or max skew assignments found ;
; y12[5]      ; No output delay, min/max delays, false-path exceptions, or max skew assignments found ;
; y12[6]      ; No output delay, min/max delays, false-path exceptions, or max skew assignments found ;
; y12[7]      ; No output delay, min/max delays, false-path exceptions, or max skew assignments found ;
; y12[8]      ; No output delay, min/max delays, false-path exceptions, or max skew assignments found ;
; y12[9]      ; No output delay, min/max delays, false-path exceptions, or max skew assignments found ;
; y12[10]     ; No output delay, min/max delays, false-path exceptions, or max skew assignments found ;
; y12[11]     ; No output delay, min/max delays, false-path exceptions, or max skew assignments found ;
; y12[12]     ; No output delay, min/max delays, false-path exceptions, or max skew assignments found ;
; y12[13]     ; No output delay, min/max delays, false-path exceptions, or max skew assignments found ;
; y12[14]     ; No output delay, min/max delays, false-path exceptions, or max skew assignments found ;
; y12[15]     ; No output delay, min/max delays, false-path exceptions, or max skew assignments found ;
; y13[0]      ; No output delay, min/max delays, false-path exceptions, or max skew assignments found ;
; y13[1]      ; No output delay, min/max delays, false-path exceptions, or max skew assignments found ;
; y13[2]      ; No output delay, min/max delays, false-path exceptions, or max skew assignments found ;
; y13[3]      ; No output delay, min/max delays, false-path exceptions, or max skew assignments found ;
; y13[4]      ; No output delay, min/max delays, false-path exceptions, or max skew assignments found ;
; y13[5]      ; No output delay, min/max delays, false-path exceptions, or max skew assignments found ;
; y13[6]      ; No output delay, min/max delays, false-path exceptions, or max skew assignments found ;
; y13[7]      ; No output delay, min/max delays, false-path exceptions, or max skew assignments found ;
; y13[8]      ; No output delay, min/max delays, false-path exceptions, or max skew assignments found ;
; y13[9]      ; No output delay, min/max delays, false-path exceptions, or max skew assignments found ;
; y13[10]     ; No output delay, min/max delays, false-path exceptions, or max skew assignments found ;
; y13[11]     ; No output delay, min/max delays, false-path exceptions, or max skew assignments found ;
; y13[12]     ; No output delay, min/max delays, false-path exceptions, or max skew assignments found ;
; y13[13]     ; No output delay, min/max delays, false-path exceptions, or max skew assignments found ;
; y13[14]     ; No output delay, min/max delays, false-path exceptions, or max skew assignments found ;
; y13[15]     ; No output delay, min/max delays, false-path exceptions, or max skew assignments found ;
; y14[0]      ; No output delay, min/max delays, false-path exceptions, or max skew assignments found ;
; y14[1]      ; No output delay, min/max delays, false-path exceptions, or max skew assignments found ;
; y14[2]      ; No output delay, min/max delays, false-path exceptions, or max skew assignments found ;
; y14[3]      ; No output delay, min/max delays, false-path exceptions, or max skew assignments found ;
; y14[4]      ; No output delay, min/max delays, false-path exceptions, or max skew assignments found ;
; y14[5]      ; No output delay, min/max delays, false-path exceptions, or max skew assignments found ;
; y14[6]      ; No output delay, min/max delays, false-path exceptions, or max skew assignments found ;
; y14[7]      ; No output delay, min/max delays, false-path exceptions, or max skew assignments found ;
; y14[8]      ; No output delay, min/max delays, false-path exceptions, or max skew assignments found ;
; y14[9]      ; No output delay, min/max delays, false-path exceptions, or max skew assignments found ;
; y14[10]     ; No output delay, min/max delays, false-path exceptions, or max skew assignments found ;
; y14[11]     ; No output delay, min/max delays, false-path exceptions, or max skew assignments found ;
; y14[12]     ; No output delay, min/max delays, false-path exceptions, or max skew assignments found ;
; y14[13]     ; No output delay, min/max delays, false-path exceptions, or max skew assignments found ;
; y14[14]     ; No output delay, min/max delays, false-path exceptions, or max skew assignments found ;
; y14[15]     ; No output delay, min/max delays, false-path exceptions, or max skew assignments found ;
; y15[0]      ; No output delay, min/max delays, false-path exceptions, or max skew assignments found ;
; y15[1]      ; No output delay, min/max delays, false-path exceptions, or max skew assignments found ;
; y15[2]      ; No output delay, min/max delays, false-path exceptions, or max skew assignments found ;
; y15[3]      ; No output delay, min/max delays, false-path exceptions, or max skew assignments found ;
; y15[4]      ; No output delay, min/max delays, false-path exceptions, or max skew assignments found ;
; y15[5]      ; No output delay, min/max delays, false-path exceptions, or max skew assignments found ;
; y15[6]      ; No output delay, min/max delays, false-path exceptions, or max skew assignments found ;
; y15[7]      ; No output delay, min/max delays, false-path exceptions, or max skew assignments found ;
; y15[8]      ; No output delay, min/max delays, false-path exceptions, or max skew assignments found ;
; y15[9]      ; No output delay, min/max delays, false-path exceptions, or max skew assignments found ;
; y15[10]     ; No output delay, min/max delays, false-path exceptions, or max skew assignments found ;
; y15[11]     ; No output delay, min/max delays, false-path exceptions, or max skew assignments found ;
; y15[12]     ; No output delay, min/max delays, false-path exceptions, or max skew assignments found ;
; y15[13]     ; No output delay, min/max delays, false-path exceptions, or max skew assignments found ;
; y15[14]     ; No output delay, min/max delays, false-path exceptions, or max skew assignments found ;
; y15[15]     ; No output delay, min/max delays, false-path exceptions, or max skew assignments found ;
; y16[0]      ; No output delay, min/max delays, false-path exceptions, or max skew assignments found ;
; y16[1]      ; No output delay, min/max delays, false-path exceptions, or max skew assignments found ;
; y16[2]      ; No output delay, min/max delays, false-path exceptions, or max skew assignments found ;
; y16[3]      ; No output delay, min/max delays, false-path exceptions, or max skew assignments found ;
; y16[4]      ; No output delay, min/max delays, false-path exceptions, or max skew assignments found ;
; y16[5]      ; No output delay, min/max delays, false-path exceptions, or max skew assignments found ;
; y16[6]      ; No output delay, min/max delays, false-path exceptions, or max skew assignments found ;
; y16[7]      ; No output delay, min/max delays, false-path exceptions, or max skew assignments found ;
; y16[8]      ; No output delay, min/max delays, false-path exceptions, or max skew assignments found ;
; y16[9]      ; No output delay, min/max delays, false-path exceptions, or max skew assignments found ;
; y16[10]     ; No output delay, min/max delays, false-path exceptions, or max skew assignments found ;
; y16[11]     ; No output delay, min/max delays, false-path exceptions, or max skew assignments found ;
; y16[12]     ; No output delay, min/max delays, false-path exceptions, or max skew assignments found ;
; y16[13]     ; No output delay, min/max delays, false-path exceptions, or max skew assignments found ;
; y16[14]     ; No output delay, min/max delays, false-path exceptions, or max skew assignments found ;
; y16[15]     ; No output delay, min/max delays, false-path exceptions, or max skew assignments found ;
; y17[0]      ; No output delay, min/max delays, false-path exceptions, or max skew assignments found ;
; y17[1]      ; No output delay, min/max delays, false-path exceptions, or max skew assignments found ;
; y17[2]      ; No output delay, min/max delays, false-path exceptions, or max skew assignments found ;
; y17[3]      ; No output delay, min/max delays, false-path exceptions, or max skew assignments found ;
; y17[4]      ; No output delay, min/max delays, false-path exceptions, or max skew assignments found ;
; y17[5]      ; No output delay, min/max delays, false-path exceptions, or max skew assignments found ;
; y17[6]      ; No output delay, min/max delays, false-path exceptions, or max skew assignments found ;
; y17[7]      ; No output delay, min/max delays, false-path exceptions, or max skew assignments found ;
; y17[8]      ; No output delay, min/max delays, false-path exceptions, or max skew assignments found ;
; y17[9]      ; No output delay, min/max delays, false-path exceptions, or max skew assignments found ;
; y17[10]     ; No output delay, min/max delays, false-path exceptions, or max skew assignments found ;
; y17[11]     ; No output delay, min/max delays, false-path exceptions, or max skew assignments found ;
; y17[12]     ; No output delay, min/max delays, false-path exceptions, or max skew assignments found ;
; y17[13]     ; No output delay, min/max delays, false-path exceptions, or max skew assignments found ;
; y17[14]     ; No output delay, min/max delays, false-path exceptions, or max skew assignments found ;
; y17[15]     ; No output delay, min/max delays, false-path exceptions, or max skew assignments found ;
; y18[0]      ; No output delay, min/max delays, false-path exceptions, or max skew assignments found ;
; y18[1]      ; No output delay, min/max delays, false-path exceptions, or max skew assignments found ;
; y18[2]      ; No output delay, min/max delays, false-path exceptions, or max skew assignments found ;
; y18[3]      ; No output delay, min/max delays, false-path exceptions, or max skew assignments found ;
; y18[4]      ; No output delay, min/max delays, false-path exceptions, or max skew assignments found ;
; y18[5]      ; No output delay, min/max delays, false-path exceptions, or max skew assignments found ;
; y18[6]      ; No output delay, min/max delays, false-path exceptions, or max skew assignments found ;
; y18[7]      ; No output delay, min/max delays, false-path exceptions, or max skew assignments found ;
; y18[8]      ; No output delay, min/max delays, false-path exceptions, or max skew assignments found ;
; y18[9]      ; No output delay, min/max delays, false-path exceptions, or max skew assignments found ;
; y18[10]     ; No output delay, min/max delays, false-path exceptions, or max skew assignments found ;
; y18[11]     ; No output delay, min/max delays, false-path exceptions, or max skew assignments found ;
; y18[12]     ; No output delay, min/max delays, false-path exceptions, or max skew assignments found ;
; y18[13]     ; No output delay, min/max delays, false-path exceptions, or max skew assignments found ;
; y18[14]     ; No output delay, min/max delays, false-path exceptions, or max skew assignments found ;
; y18[15]     ; No output delay, min/max delays, false-path exceptions, or max skew assignments found ;
; y19[0]      ; No output delay, min/max delays, false-path exceptions, or max skew assignments found ;
; y19[1]      ; No output delay, min/max delays, false-path exceptions, or max skew assignments found ;
; y19[2]      ; No output delay, min/max delays, false-path exceptions, or max skew assignments found ;
; y19[3]      ; No output delay, min/max delays, false-path exceptions, or max skew assignments found ;
; y19[4]      ; No output delay, min/max delays, false-path exceptions, or max skew assignments found ;
; y19[5]      ; No output delay, min/max delays, false-path exceptions, or max skew assignments found ;
; y19[6]      ; No output delay, min/max delays, false-path exceptions, or max skew assignments found ;
; y19[7]      ; No output delay, min/max delays, false-path exceptions, or max skew assignments found ;
; y19[8]      ; No output delay, min/max delays, false-path exceptions, or max skew assignments found ;
; y19[9]      ; No output delay, min/max delays, false-path exceptions, or max skew assignments found ;
; y19[10]     ; No output delay, min/max delays, false-path exceptions, or max skew assignments found ;
; y19[11]     ; No output delay, min/max delays, false-path exceptions, or max skew assignments found ;
; y19[12]     ; No output delay, min/max delays, false-path exceptions, or max skew assignments found ;
; y19[13]     ; No output delay, min/max delays, false-path exceptions, or max skew assignments found ;
; y19[14]     ; No output delay, min/max delays, false-path exceptions, or max skew assignments found ;
; y19[15]     ; No output delay, min/max delays, false-path exceptions, or max skew assignments found ;
; y20[0]      ; No output delay, min/max delays, false-path exceptions, or max skew assignments found ;
; y20[1]      ; No output delay, min/max delays, false-path exceptions, or max skew assignments found ;
; y20[2]      ; No output delay, min/max delays, false-path exceptions, or max skew assignments found ;
; y20[3]      ; No output delay, min/max delays, false-path exceptions, or max skew assignments found ;
; y20[4]      ; No output delay, min/max delays, false-path exceptions, or max skew assignments found ;
; y20[5]      ; No output delay, min/max delays, false-path exceptions, or max skew assignments found ;
; y20[6]      ; No output delay, min/max delays, false-path exceptions, or max skew assignments found ;
; y20[7]      ; No output delay, min/max delays, false-path exceptions, or max skew assignments found ;
; y20[8]      ; No output delay, min/max delays, false-path exceptions, or max skew assignments found ;
; y20[9]      ; No output delay, min/max delays, false-path exceptions, or max skew assignments found ;
; y20[10]     ; No output delay, min/max delays, false-path exceptions, or max skew assignments found ;
; y20[11]     ; No output delay, min/max delays, false-path exceptions, or max skew assignments found ;
; y20[12]     ; No output delay, min/max delays, false-path exceptions, or max skew assignments found ;
; y20[13]     ; No output delay, min/max delays, false-path exceptions, or max skew assignments found ;
; y20[14]     ; No output delay, min/max delays, false-path exceptions, or max skew assignments found ;
; y20[15]     ; No output delay, min/max delays, false-path exceptions, or max skew assignments found ;
; y21[0]      ; No output delay, min/max delays, false-path exceptions, or max skew assignments found ;
; y21[1]      ; No output delay, min/max delays, false-path exceptions, or max skew assignments found ;
; y21[2]      ; No output delay, min/max delays, false-path exceptions, or max skew assignments found ;
; y21[3]      ; No output delay, min/max delays, false-path exceptions, or max skew assignments found ;
; y21[4]      ; No output delay, min/max delays, false-path exceptions, or max skew assignments found ;
; y21[5]      ; No output delay, min/max delays, false-path exceptions, or max skew assignments found ;
; y21[6]      ; No output delay, min/max delays, false-path exceptions, or max skew assignments found ;
; y21[7]      ; No output delay, min/max delays, false-path exceptions, or max skew assignments found ;
; y21[8]      ; No output delay, min/max delays, false-path exceptions, or max skew assignments found ;
; y21[9]      ; No output delay, min/max delays, false-path exceptions, or max skew assignments found ;
; y21[10]     ; No output delay, min/max delays, false-path exceptions, or max skew assignments found ;
; y21[11]     ; No output delay, min/max delays, false-path exceptions, or max skew assignments found ;
; y21[12]     ; No output delay, min/max delays, false-path exceptions, or max skew assignments found ;
; y21[13]     ; No output delay, min/max delays, false-path exceptions, or max skew assignments found ;
; y21[14]     ; No output delay, min/max delays, false-path exceptions, or max skew assignments found ;
; y21[15]     ; No output delay, min/max delays, false-path exceptions, or max skew assignments found ;
; y22[0]      ; No output delay, min/max delays, false-path exceptions, or max skew assignments found ;
; y22[1]      ; No output delay, min/max delays, false-path exceptions, or max skew assignments found ;
; y22[2]      ; No output delay, min/max delays, false-path exceptions, or max skew assignments found ;
; y22[3]      ; No output delay, min/max delays, false-path exceptions, or max skew assignments found ;
; y22[4]      ; No output delay, min/max delays, false-path exceptions, or max skew assignments found ;
; y22[5]      ; No output delay, min/max delays, false-path exceptions, or max skew assignments found ;
; y22[6]      ; No output delay, min/max delays, false-path exceptions, or max skew assignments found ;
; y22[7]      ; No output delay, min/max delays, false-path exceptions, or max skew assignments found ;
; y22[8]      ; No output delay, min/max delays, false-path exceptions, or max skew assignments found ;
; y22[9]      ; No output delay, min/max delays, false-path exceptions, or max skew assignments found ;
; y22[10]     ; No output delay, min/max delays, false-path exceptions, or max skew assignments found ;
; y22[11]     ; No output delay, min/max delays, false-path exceptions, or max skew assignments found ;
; y22[12]     ; No output delay, min/max delays, false-path exceptions, or max skew assignments found ;
; y22[13]     ; No output delay, min/max delays, false-path exceptions, or max skew assignments found ;
; y22[14]     ; No output delay, min/max delays, false-path exceptions, or max skew assignments found ;
; y22[15]     ; No output delay, min/max delays, false-path exceptions, or max skew assignments found ;
; y23[0]      ; No output delay, min/max delays, false-path exceptions, or max skew assignments found ;
; y23[1]      ; No output delay, min/max delays, false-path exceptions, or max skew assignments found ;
; y23[2]      ; No output delay, min/max delays, false-path exceptions, or max skew assignments found ;
; y23[3]      ; No output delay, min/max delays, false-path exceptions, or max skew assignments found ;
; y23[4]      ; No output delay, min/max delays, false-path exceptions, or max skew assignments found ;
; y23[5]      ; No output delay, min/max delays, false-path exceptions, or max skew assignments found ;
; y23[6]      ; No output delay, min/max delays, false-path exceptions, or max skew assignments found ;
; y23[7]      ; No output delay, min/max delays, false-path exceptions, or max skew assignments found ;
; y23[8]      ; No output delay, min/max delays, false-path exceptions, or max skew assignments found ;
; y23[9]      ; No output delay, min/max delays, false-path exceptions, or max skew assignments found ;
; y23[10]     ; No output delay, min/max delays, false-path exceptions, or max skew assignments found ;
; y23[11]     ; No output delay, min/max delays, false-path exceptions, or max skew assignments found ;
; y23[12]     ; No output delay, min/max delays, false-path exceptions, or max skew assignments found ;
; y23[13]     ; No output delay, min/max delays, false-path exceptions, or max skew assignments found ;
; y23[14]     ; No output delay, min/max delays, false-path exceptions, or max skew assignments found ;
; y23[15]     ; No output delay, min/max delays, false-path exceptions, or max skew assignments found ;
; y24[0]      ; No output delay, min/max delays, false-path exceptions, or max skew assignments found ;
; y24[1]      ; No output delay, min/max delays, false-path exceptions, or max skew assignments found ;
; y24[2]      ; No output delay, min/max delays, false-path exceptions, or max skew assignments found ;
; y24[3]      ; No output delay, min/max delays, false-path exceptions, or max skew assignments found ;
; y24[4]      ; No output delay, min/max delays, false-path exceptions, or max skew assignments found ;
; y24[5]      ; No output delay, min/max delays, false-path exceptions, or max skew assignments found ;
; y24[6]      ; No output delay, min/max delays, false-path exceptions, or max skew assignments found ;
; y24[7]      ; No output delay, min/max delays, false-path exceptions, or max skew assignments found ;
; y24[8]      ; No output delay, min/max delays, false-path exceptions, or max skew assignments found ;
; y24[9]      ; No output delay, min/max delays, false-path exceptions, or max skew assignments found ;
; y24[10]     ; No output delay, min/max delays, false-path exceptions, or max skew assignments found ;
; y24[11]     ; No output delay, min/max delays, false-path exceptions, or max skew assignments found ;
; y24[12]     ; No output delay, min/max delays, false-path exceptions, or max skew assignments found ;
; y24[13]     ; No output delay, min/max delays, false-path exceptions, or max skew assignments found ;
; y24[14]     ; No output delay, min/max delays, false-path exceptions, or max skew assignments found ;
; y24[15]     ; No output delay, min/max delays, false-path exceptions, or max skew assignments found ;
; y25[0]      ; No output delay, min/max delays, false-path exceptions, or max skew assignments found ;
; y25[1]      ; No output delay, min/max delays, false-path exceptions, or max skew assignments found ;
; y25[2]      ; No output delay, min/max delays, false-path exceptions, or max skew assignments found ;
; y25[3]      ; No output delay, min/max delays, false-path exceptions, or max skew assignments found ;
; y25[4]      ; No output delay, min/max delays, false-path exceptions, or max skew assignments found ;
; y25[5]      ; No output delay, min/max delays, false-path exceptions, or max skew assignments found ;
; y25[6]      ; No output delay, min/max delays, false-path exceptions, or max skew assignments found ;
; y25[7]      ; No output delay, min/max delays, false-path exceptions, or max skew assignments found ;
; y25[8]      ; No output delay, min/max delays, false-path exceptions, or max skew assignments found ;
; y25[9]      ; No output delay, min/max delays, false-path exceptions, or max skew assignments found ;
; y25[10]     ; No output delay, min/max delays, false-path exceptions, or max skew assignments found ;
; y25[11]     ; No output delay, min/max delays, false-path exceptions, or max skew assignments found ;
; y25[12]     ; No output delay, min/max delays, false-path exceptions, or max skew assignments found ;
; y25[13]     ; No output delay, min/max delays, false-path exceptions, or max skew assignments found ;
; y25[14]     ; No output delay, min/max delays, false-path exceptions, or max skew assignments found ;
; y25[15]     ; No output delay, min/max delays, false-path exceptions, or max skew assignments found ;
; y26[0]      ; No output delay, min/max delays, false-path exceptions, or max skew assignments found ;
; y26[1]      ; No output delay, min/max delays, false-path exceptions, or max skew assignments found ;
; y26[2]      ; No output delay, min/max delays, false-path exceptions, or max skew assignments found ;
; y26[3]      ; No output delay, min/max delays, false-path exceptions, or max skew assignments found ;
; y26[4]      ; No output delay, min/max delays, false-path exceptions, or max skew assignments found ;
; y26[5]      ; No output delay, min/max delays, false-path exceptions, or max skew assignments found ;
; y26[6]      ; No output delay, min/max delays, false-path exceptions, or max skew assignments found ;
; y26[7]      ; No output delay, min/max delays, false-path exceptions, or max skew assignments found ;
; y26[8]      ; No output delay, min/max delays, false-path exceptions, or max skew assignments found ;
; y26[9]      ; No output delay, min/max delays, false-path exceptions, or max skew assignments found ;
; y26[10]     ; No output delay, min/max delays, false-path exceptions, or max skew assignments found ;
; y26[11]     ; No output delay, min/max delays, false-path exceptions, or max skew assignments found ;
; y26[12]     ; No output delay, min/max delays, false-path exceptions, or max skew assignments found ;
; y26[13]     ; No output delay, min/max delays, false-path exceptions, or max skew assignments found ;
; y26[14]     ; No output delay, min/max delays, false-path exceptions, or max skew assignments found ;
; y26[15]     ; No output delay, min/max delays, false-path exceptions, or max skew assignments found ;
; y27[0]      ; No output delay, min/max delays, false-path exceptions, or max skew assignments found ;
; y27[1]      ; No output delay, min/max delays, false-path exceptions, or max skew assignments found ;
; y27[2]      ; No output delay, min/max delays, false-path exceptions, or max skew assignments found ;
; y27[3]      ; No output delay, min/max delays, false-path exceptions, or max skew assignments found ;
; y27[4]      ; No output delay, min/max delays, false-path exceptions, or max skew assignments found ;
; y27[5]      ; No output delay, min/max delays, false-path exceptions, or max skew assignments found ;
; y27[6]      ; No output delay, min/max delays, false-path exceptions, or max skew assignments found ;
; y27[7]      ; No output delay, min/max delays, false-path exceptions, or max skew assignments found ;
; y27[8]      ; No output delay, min/max delays, false-path exceptions, or max skew assignments found ;
; y27[9]      ; No output delay, min/max delays, false-path exceptions, or max skew assignments found ;
; y27[10]     ; No output delay, min/max delays, false-path exceptions, or max skew assignments found ;
; y27[11]     ; No output delay, min/max delays, false-path exceptions, or max skew assignments found ;
; y27[12]     ; No output delay, min/max delays, false-path exceptions, or max skew assignments found ;
; y27[13]     ; No output delay, min/max delays, false-path exceptions, or max skew assignments found ;
; y27[14]     ; No output delay, min/max delays, false-path exceptions, or max skew assignments found ;
; y27[15]     ; No output delay, min/max delays, false-path exceptions, or max skew assignments found ;
; y28[0]      ; No output delay, min/max delays, false-path exceptions, or max skew assignments found ;
; y28[1]      ; No output delay, min/max delays, false-path exceptions, or max skew assignments found ;
; y28[2]      ; No output delay, min/max delays, false-path exceptions, or max skew assignments found ;
; y28[3]      ; No output delay, min/max delays, false-path exceptions, or max skew assignments found ;
; y28[4]      ; No output delay, min/max delays, false-path exceptions, or max skew assignments found ;
; y28[5]      ; No output delay, min/max delays, false-path exceptions, or max skew assignments found ;
; y28[6]      ; No output delay, min/max delays, false-path exceptions, or max skew assignments found ;
; y28[7]      ; No output delay, min/max delays, false-path exceptions, or max skew assignments found ;
; y28[8]      ; No output delay, min/max delays, false-path exceptions, or max skew assignments found ;
; y28[9]      ; No output delay, min/max delays, false-path exceptions, or max skew assignments found ;
; y28[10]     ; No output delay, min/max delays, false-path exceptions, or max skew assignments found ;
; y28[11]     ; No output delay, min/max delays, false-path exceptions, or max skew assignments found ;
; y28[12]     ; No output delay, min/max delays, false-path exceptions, or max skew assignments found ;
; y28[13]     ; No output delay, min/max delays, false-path exceptions, or max skew assignments found ;
; y28[14]     ; No output delay, min/max delays, false-path exceptions, or max skew assignments found ;
; y28[15]     ; No output delay, min/max delays, false-path exceptions, or max skew assignments found ;
; y29[0]      ; No output delay, min/max delays, false-path exceptions, or max skew assignments found ;
; y29[1]      ; No output delay, min/max delays, false-path exceptions, or max skew assignments found ;
; y29[2]      ; No output delay, min/max delays, false-path exceptions, or max skew assignments found ;
; y29[3]      ; No output delay, min/max delays, false-path exceptions, or max skew assignments found ;
; y29[4]      ; No output delay, min/max delays, false-path exceptions, or max skew assignments found ;
; y29[5]      ; No output delay, min/max delays, false-path exceptions, or max skew assignments found ;
; y29[6]      ; No output delay, min/max delays, false-path exceptions, or max skew assignments found ;
; y29[7]      ; No output delay, min/max delays, false-path exceptions, or max skew assignments found ;
; y29[8]      ; No output delay, min/max delays, false-path exceptions, or max skew assignments found ;
; y29[9]      ; No output delay, min/max delays, false-path exceptions, or max skew assignments found ;
; y29[10]     ; No output delay, min/max delays, false-path exceptions, or max skew assignments found ;
; y29[11]     ; No output delay, min/max delays, false-path exceptions, or max skew assignments found ;
; y29[12]     ; No output delay, min/max delays, false-path exceptions, or max skew assignments found ;
; y29[13]     ; No output delay, min/max delays, false-path exceptions, or max skew assignments found ;
; y29[14]     ; No output delay, min/max delays, false-path exceptions, or max skew assignments found ;
; y29[15]     ; No output delay, min/max delays, false-path exceptions, or max skew assignments found ;
; y30[0]      ; No output delay, min/max delays, false-path exceptions, or max skew assignments found ;
; y30[1]      ; No output delay, min/max delays, false-path exceptions, or max skew assignments found ;
; y30[2]      ; No output delay, min/max delays, false-path exceptions, or max skew assignments found ;
; y30[3]      ; No output delay, min/max delays, false-path exceptions, or max skew assignments found ;
; y30[4]      ; No output delay, min/max delays, false-path exceptions, or max skew assignments found ;
; y30[5]      ; No output delay, min/max delays, false-path exceptions, or max skew assignments found ;
; y30[6]      ; No output delay, min/max delays, false-path exceptions, or max skew assignments found ;
; y30[7]      ; No output delay, min/max delays, false-path exceptions, or max skew assignments found ;
; y30[8]      ; No output delay, min/max delays, false-path exceptions, or max skew assignments found ;
; y30[9]      ; No output delay, min/max delays, false-path exceptions, or max skew assignments found ;
; y30[10]     ; No output delay, min/max delays, false-path exceptions, or max skew assignments found ;
; y30[11]     ; No output delay, min/max delays, false-path exceptions, or max skew assignments found ;
; y30[12]     ; No output delay, min/max delays, false-path exceptions, or max skew assignments found ;
; y30[13]     ; No output delay, min/max delays, false-path exceptions, or max skew assignments found ;
; y30[14]     ; No output delay, min/max delays, false-path exceptions, or max skew assignments found ;
; y30[15]     ; No output delay, min/max delays, false-path exceptions, or max skew assignments found ;
; y31[0]      ; No output delay, min/max delays, false-path exceptions, or max skew assignments found ;
; y31[1]      ; No output delay, min/max delays, false-path exceptions, or max skew assignments found ;
; y31[2]      ; No output delay, min/max delays, false-path exceptions, or max skew assignments found ;
; y31[3]      ; No output delay, min/max delays, false-path exceptions, or max skew assignments found ;
; y31[4]      ; No output delay, min/max delays, false-path exceptions, or max skew assignments found ;
; y31[5]      ; No output delay, min/max delays, false-path exceptions, or max skew assignments found ;
; y31[6]      ; No output delay, min/max delays, false-path exceptions, or max skew assignments found ;
; y31[7]      ; No output delay, min/max delays, false-path exceptions, or max skew assignments found ;
; y31[8]      ; No output delay, min/max delays, false-path exceptions, or max skew assignments found ;
; y31[9]      ; No output delay, min/max delays, false-path exceptions, or max skew assignments found ;
; y31[10]     ; No output delay, min/max delays, false-path exceptions, or max skew assignments found ;
; y31[11]     ; No output delay, min/max delays, false-path exceptions, or max skew assignments found ;
; y31[12]     ; No output delay, min/max delays, false-path exceptions, or max skew assignments found ;
; y31[13]     ; No output delay, min/max delays, false-path exceptions, or max skew assignments found ;
; y31[14]     ; No output delay, min/max delays, false-path exceptions, or max skew assignments found ;
; y31[15]     ; No output delay, min/max delays, false-path exceptions, or max skew assignments found ;
+-------------+---------------------------------------------------------------------------------------+


+--------------------------+
; Timing Analyzer Messages ;
+--------------------------+
Info: *******************************************************************
Info: Running Quartus Prime Timing Analyzer
    Info: Version 18.1.0 Build 625 09/12/2018 SJ Lite Edition
    Info: Processing started: Wed May 21 11:17:13 2025
Info: Command: quartus_sta BitonicSorter -c BitonicSorter
Info: qsta_default_script.tcl version: #1
Warning (18236): Number of processors has not been specified which may cause overloading on shared machines.  Set the global assignment NUM_PARALLEL_PROCESSORS in your QSF to an appropriate value for best performance.
Info (20030): Parallel compilation is enabled and will use 2 of the 2 processors detected
Info (21076): High junction temperature operating condition is not set. Assuming a default value of '85'.
Info (21076): Low junction temperature operating condition is not set. Assuming a default value of '0'.
Warning (335093): The Timing Analyzer is analyzing 512 combinational loops as latches. For more details, run the Check Timing command in the Timing Analyzer or view the "User-Specified and Inferred Latches" table in the Analysis & Synthesis report.
Critical Warning (332012): Synopsys Design Constraints File file not found: 'BitonicSorter.sdc'. A Synopsys Design Constraints File is required by the Timing Analyzer to get proper timing constraints. Without it, the Compiler will not properly optimize the design.
Info (332142): No user constrained base clocks found in the design. Calling "derive_clocks -period 1.0"
Info (332105): Deriving Clocks
    Info (332105): create_clock -period 1.000 -name clk clk
    Info (332105): create_clock -period 1.000 -name rstN rstN
Info (332143): No user constrained clock uncertainty found in the design. Calling "derive_clock_uncertainty"
Info (332123): Deriving Clock Uncertainty. Please refer to report_sdc in the Timing Analyzer to see clock uncertainties.
Info: Found TIMING_ANALYZER_REPORT_SCRIPT_INCLUDE_DEFAULT_ANALYSIS = ON
Info: Analyzing Slow 1100mV 85C Model
Critical Warning (332148): Timing requirements not met
    Info (11105): For recommendations on closing timing, run Report Timing Closure Recommendations in the Timing Analyzer.
Info (332146): Worst-case setup slack is -8.326
    Info (332119):     Slack       End Point TNS Clock 
    Info (332119): ========= =================== =====================
    Info (332119):    -8.326           -3816.440 clk 
Info (332146): Worst-case hold slack is 0.278
    Info (332119):     Slack       End Point TNS Clock 
    Info (332119): ========= =================== =====================
    Info (332119):     0.278               0.000 clk 
Info (332146): Worst-case recovery slack is -0.304
    Info (332119):     Slack       End Point TNS Clock 
    Info (332119): ========= =================== =====================
    Info (332119):    -0.304            -148.928 clk 
Info (332146): Worst-case removal slack is -0.404
    Info (332119):     Slack       End Point TNS Clock 
    Info (332119): ========= =================== =====================
    Info (332119):    -0.404            -198.141 clk 
Info (332146): Worst-case minimum pulse width slack is -0.394
    Info (332119):     Slack       End Point TNS Clock 
    Info (332119): ========= =================== =====================
    Info (332119):    -0.394            -276.854 clk 
    Info (332119):    -0.010              -0.010 rstN 
Info: Analyzing Slow 1100mV 0C Model
Info (334003): Started post-fitting delay annotation
Info (334004): Delay annotation completed successfully
Info (332123): Deriving Clock Uncertainty. Please refer to report_sdc in the Timing Analyzer to see clock uncertainties.
Critical Warning (332148): Timing requirements not met
    Info (11105): For recommendations on closing timing, run Report Timing Closure Recommendations in the Timing Analyzer.
Info (332146): Worst-case setup slack is -8.169
    Info (332119):     Slack       End Point TNS Clock 
    Info (332119): ========= =================== =====================
    Info (332119):    -8.169           -3714.673 clk 
Info (332146): Worst-case hold slack is 0.116
    Info (332119):     Slack       End Point TNS Clock 
    Info (332119): ========= =================== =====================
    Info (332119):     0.116               0.000 clk 
Info (332146): Worst-case recovery slack is -0.272
    Info (332119):     Slack       End Point TNS Clock 
    Info (332119): ========= =================== =====================
    Info (332119):    -0.272            -135.982 clk 
Info (332146): Worst-case removal slack is -0.340
    Info (332119):     Slack       End Point TNS Clock 
    Info (332119): ========= =================== =====================
    Info (332119):    -0.340            -163.502 clk 
Info (332146): Worst-case minimum pulse width slack is -0.394
    Info (332119):     Slack       End Point TNS Clock 
    Info (332119): ========= =================== =====================
    Info (332119):    -0.394            -305.927 clk 
    Info (332119):    -0.002              -0.002 rstN 
Info: Analyzing Fast 1100mV 85C Model
Info (334003): Started post-fitting delay annotation
Info (334004): Delay annotation completed successfully
Info (332123): Deriving Clock Uncertainty. Please refer to report_sdc in the Timing Analyzer to see clock uncertainties.
Critical Warning (332148): Timing requirements not met
    Info (11105): For recommendations on closing timing, run Report Timing Closure Recommendations in the Timing Analyzer.
Info (332146): Worst-case setup slack is -5.090
    Info (332119):     Slack       End Point TNS Clock 
    Info (332119): ========= =================== =====================
    Info (332119):    -5.090           -2339.677 clk 
Info (332146): Worst-case hold slack is 0.096
    Info (332119):     Slack       End Point TNS Clock 
    Info (332119): ========= =================== =====================
    Info (332119):     0.096               0.000 clk 
Info (332146): Worst-case recovery slack is -0.276
    Info (332119):     Slack       End Point TNS Clock 
    Info (332119): ========= =================== =====================
    Info (332119):    -0.276            -139.404 clk 
Info (332146): Worst-case removal slack is -0.257
    Info (332119):     Slack       End Point TNS Clock 
    Info (332119): ========= =================== =====================
    Info (332119):    -0.257            -127.520 clk 
Info (332146): Worst-case minimum pulse width slack is -0.255
    Info (332119):     Slack       End Point TNS Clock 
    Info (332119): ========= =================== =====================
    Info (332119):    -0.255             -83.126 rstN 
    Info (332119):    -0.081             -39.187 clk 
Info: Analyzing Fast 1100mV 0C Model
Info (332123): Deriving Clock Uncertainty. Please refer to report_sdc in the Timing Analyzer to see clock uncertainties.
Critical Warning (332148): Timing requirements not met
    Info (11105): For recommendations on closing timing, run Report Timing Closure Recommendations in the Timing Analyzer.
Info (332146): Worst-case setup slack is -4.552
    Info (332119):     Slack       End Point TNS Clock 
    Info (332119): ========= =================== =====================
    Info (332119):    -4.552           -2078.871 clk 
Info (332146): Worst-case hold slack is 0.022
    Info (332119):     Slack       End Point TNS Clock 
    Info (332119): ========= =================== =====================
    Info (332119):     0.022               0.000 clk 
Info (332146): Worst-case recovery slack is -0.299
    Info (332119):     Slack       End Point TNS Clock 
    Info (332119): ========= =================== =====================
    Info (332119):    -0.299            -152.554 clk 
Info (332146): Worst-case removal slack is -0.232
    Info (332119):     Slack       End Point TNS Clock 
    Info (332119): ========= =================== =====================
    Info (332119):    -0.232            -114.124 clk 
Info (332146): Worst-case minimum pulse width slack is -0.218
    Info (332119):     Slack       End Point TNS Clock 
    Info (332119): ========= =================== =====================
    Info (332119):    -0.218             -80.484 rstN 
    Info (332119):    -0.083             -40.372 clk 
Info (332102): Design is not fully constrained for setup requirements
Info (332102): Design is not fully constrained for hold requirements
Info: Quartus Prime Timing Analyzer was successful. 0 errors, 7 warnings
    Info: Peak virtual memory: 5169 megabytes
    Info: Processing ended: Wed May 21 11:17:48 2025
    Info: Elapsed time: 00:00:35
    Info: Total CPU time (on all processors): 00:00:52


