Timing Analyzer report for Project
Fri May 23 12:36:35 2025
Quartus Prime Version 23.1std.1 Build 993 05/14/2024 SC Lite Edition


---------------------
; Table of Contents ;
---------------------
  1. Legal Notice
  2. Timing Analyzer Summary
  3. Parallel Compilation
  4. Clocks
  5. Slow 1100mV 85C Model Fmax Summary
  6. Timing Closure Recommendations
  7. Slow 1100mV 85C Model Setup Summary
  8. Slow 1100mV 85C Model Hold Summary
  9. Slow 1100mV 85C Model Recovery Summary
 10. Slow 1100mV 85C Model Removal Summary
 11. Slow 1100mV 85C Model Minimum Pulse Width Summary
 12. Slow 1100mV 85C Model Metastability Summary
 13. Slow 1100mV 0C Model Fmax Summary
 14. Slow 1100mV 0C Model Setup Summary
 15. Slow 1100mV 0C Model Hold Summary
 16. Slow 1100mV 0C Model Recovery Summary
 17. Slow 1100mV 0C Model Removal Summary
 18. Slow 1100mV 0C Model Minimum Pulse Width Summary
 19. Slow 1100mV 0C Model Metastability Summary
 20. Fast 1100mV 85C Model Setup Summary
 21. Fast 1100mV 85C Model Hold Summary
 22. Fast 1100mV 85C Model Recovery Summary
 23. Fast 1100mV 85C Model Removal Summary
 24. Fast 1100mV 85C Model Minimum Pulse Width Summary
 25. Fast 1100mV 85C Model Metastability Summary
 26. Fast 1100mV 0C Model Setup Summary
 27. Fast 1100mV 0C Model Hold Summary
 28. Fast 1100mV 0C Model Recovery Summary
 29. Fast 1100mV 0C Model Removal Summary
 30. Fast 1100mV 0C Model Minimum Pulse Width Summary
 31. Fast 1100mV 0C Model Metastability Summary
 32. Multicorner Timing Analysis Summary
 33. Board Trace Model Assignments
 34. Input Transition Times
 35. Signal Integrity Metrics (Slow 1100mv 0c Model)
 36. Signal Integrity Metrics (Slow 1100mv 85c Model)
 37. Signal Integrity Metrics (Fast 1100mv 0c Model)
 38. Signal Integrity Metrics (Fast 1100mv 85c Model)
 39. Setup Transfers
 40. Hold Transfers
 41. Report TCCS
 42. Report RSKM
 43. Unconstrained Paths Summary
 44. Clock Status Summary
 45. Unconstrained Input Ports
 46. Unconstrained Output Ports
 47. Unconstrained Input Ports
 48. Unconstrained Output Ports
 49. Timing Analyzer Messages



----------------
; Legal Notice ;
----------------
Copyright (C) 2024  Intel Corporation. All rights reserved.
Your use of Intel Corporation's design tools, logic functions 
and other software and tools, and any partner logic 
functions, and any output files from any of the foregoing 
(including device programming or simulation files), and any 
associated documentation or information are expressly subject 
to the terms and conditions of the Intel Program License 
Subscription Agreement, the Intel Quartus Prime License Agreement,
the Intel FPGA IP License Agreement, or other applicable license
agreement, including, without limitation, that your use is for
the sole purpose of programming logic devices manufactured by
Intel and sold by Intel or its authorized distributors.  Please
refer to the applicable agreement for further details, at
https://fpgasoftware.intel.com/eula.



+--------------------------------------------------------------------------------+
; Timing Analyzer Summary                                                        ;
+-----------------------+--------------------------------------------------------+
; Quartus Prime Version ; Version 23.1std.1 Build 993 05/14/2024 SC Lite Edition ;
; Timing Analyzer       ; Legacy Timing Analyzer                                 ;
; Revision Name         ; Project                                                ;
; Device Family         ; Cyclone V                                              ;
; Device Name           ; 5CSEMA5F31C6                                           ;
; Timing Models         ; Final                                                  ;
; Delay Model           ; Combined                                               ;
; Rise/Fall Delays      ; Enabled                                                ;
+-----------------------+--------------------------------------------------------+


+------------------------------------------+
; Parallel Compilation                     ;
+----------------------------+-------------+
; Processors                 ; Number      ;
+----------------------------+-------------+
; Number detected on machine ; 8           ;
; Maximum allowed            ; 4           ;
;                            ;             ;
; Average used               ; 1.07        ;
; Maximum used               ; 4           ;
;                            ;             ;
; Usage by Processor         ; % Time Used ;
;     Processor 1            ; 100.0%      ;
;     Processor 2            ;   2.4%      ;
;     Processor 3            ;   2.4%      ;
;     Processor 4            ;   2.4%      ;
+----------------------------+-------------+


+----------------------------------------------------------------------------------------------------------------------------------------------------------------------------------------------------------------------+
; Clocks                                                                                                                                                                                                               ;
+---------------------------+------+--------+------------+-------+-------+------------+-----------+-------------+-------+--------+-----------+------------+----------+--------+--------+-------------------------------+
; Clock Name                ; Type ; Period ; Frequency  ; Rise  ; Fall  ; Duty Cycle ; Divide by ; Multiply by ; Phase ; Offset ; Edge List ; Edge Shift ; Inverted ; Master ; Source ; Targets                       ;
+---------------------------+------+--------+------------+-------+-------+------------+-----------+-------------+-------+--------+-----------+------------+----------+--------+--------+-------------------------------+
; clk                       ; Base ; 1.000  ; 1000.0 MHz ; 0.000 ; 0.500 ;            ;           ;             ;       ;        ;           ;            ;          ;        ;        ; { clk }                       ;
; clockDivider:c1|tick_20ms ; Base ; 1.000  ; 1000.0 MHz ; 0.000 ; 0.500 ;            ;           ;             ;       ;        ;           ;            ;          ;        ;        ; { clockDivider:c1|tick_20ms } ;
+---------------------------+------+--------+------------+-------+-------+------------+-----------+-------------+-------+--------+-----------+------------+----------+--------+--------+-------------------------------+


+-----------------------------------------------------------------+
; Slow 1100mV 85C Model Fmax Summary                              ;
+------------+-----------------+---------------------------+------+
; Fmax       ; Restricted Fmax ; Clock Name                ; Note ;
+------------+-----------------+---------------------------+------+
; 336.02 MHz ; 336.02 MHz      ; clk                       ;      ;
; 469.26 MHz ; 469.26 MHz      ; clockDivider:c1|tick_20ms ;      ;
+------------+-----------------+---------------------------+------+
This panel reports FMAX for every clock in the design, regardless of the user-specified clock periods.  FMAX is only computed for paths where the source and destination registers or ports are driven by the same clock.  Paths of different clocks, including generated clocks, are ignored.  For paths between a clock and its inversion, FMAX is computed as if the rising and falling edges are scaled along with FMAX, such that the duty cycle (in terms of a percentage) is maintained. Altera recommends that you always use clock constraints and other slack reports for sign-off analysis.


----------------------------------
; Timing Closure Recommendations ;
----------------------------------
HTML report is unavailable in plain text report export.


+----------------------------------------------------+
; Slow 1100mV 85C Model Setup Summary                ;
+---------------------------+--------+---------------+
; Clock                     ; Slack  ; End Point TNS ;
+---------------------------+--------+---------------+
; clk                       ; -1.976 ; -58.008       ;
; clockDivider:c1|tick_20ms ; -1.131 ; -11.630       ;
+---------------------------+--------+---------------+


+---------------------------------------------------+
; Slow 1100mV 85C Model Hold Summary                ;
+---------------------------+-------+---------------+
; Clock                     ; Slack ; End Point TNS ;
+---------------------------+-------+---------------+
; clk                       ; 0.382 ; 0.000         ;
; clockDivider:c1|tick_20ms ; 0.625 ; 0.000         ;
+---------------------------+-------+---------------+


------------------------------------------
; Slow 1100mV 85C Model Recovery Summary ;
------------------------------------------
No paths to report.


-----------------------------------------
; Slow 1100mV 85C Model Removal Summary ;
-----------------------------------------
No paths to report.


+----------------------------------------------------+
; Slow 1100mV 85C Model Minimum Pulse Width Summary  ;
+---------------------------+--------+---------------+
; Clock                     ; Slack  ; End Point TNS ;
+---------------------------+--------+---------------+
; clk                       ; -0.599 ; -16.034       ;
; clockDivider:c1|tick_20ms ; -0.394 ; -6.157        ;
+---------------------------+--------+---------------+


-----------------------------------------------
; Slow 1100mV 85C Model Metastability Summary ;
-----------------------------------------------
Design MTBF is not calculated because the design doesn't meet its timing requirements.



+-----------------------------------------------------------------+
; Slow 1100mV 0C Model Fmax Summary                               ;
+------------+-----------------+---------------------------+------+
; Fmax       ; Restricted Fmax ; Clock Name                ; Note ;
+------------+-----------------+---------------------------+------+
; 336.93 MHz ; 336.93 MHz      ; clk                       ;      ;
; 475.06 MHz ; 475.06 MHz      ; clockDivider:c1|tick_20ms ;      ;
+------------+-----------------+---------------------------+------+
This panel reports FMAX for every clock in the design, regardless of the user-specified clock periods.  FMAX is only computed for paths where the source and destination registers or ports are driven by the same clock.  Paths of different clocks, including generated clocks, are ignored.  For paths between a clock and its inversion, FMAX is computed as if the rising and falling edges are scaled along with FMAX, such that the duty cycle (in terms of a percentage) is maintained. Altera recommends that you always use clock constraints and other slack reports for sign-off analysis.


+----------------------------------------------------+
; Slow 1100mV 0C Model Setup Summary                 ;
+---------------------------+--------+---------------+
; Clock                     ; Slack  ; End Point TNS ;
+---------------------------+--------+---------------+
; clk                       ; -1.968 ; -57.989       ;
; clockDivider:c1|tick_20ms ; -1.105 ; -11.370       ;
+---------------------------+--------+---------------+


+---------------------------------------------------+
; Slow 1100mV 0C Model Hold Summary                 ;
+---------------------------+-------+---------------+
; Clock                     ; Slack ; End Point TNS ;
+---------------------------+-------+---------------+
; clk                       ; 0.381 ; 0.000         ;
; clockDivider:c1|tick_20ms ; 0.603 ; 0.000         ;
+---------------------------+-------+---------------+


-----------------------------------------
; Slow 1100mV 0C Model Recovery Summary ;
-----------------------------------------
No paths to report.


----------------------------------------
; Slow 1100mV 0C Model Removal Summary ;
----------------------------------------
No paths to report.


+----------------------------------------------------+
; Slow 1100mV 0C Model Minimum Pulse Width Summary   ;
+---------------------------+--------+---------------+
; Clock                     ; Slack  ; End Point TNS ;
+---------------------------+--------+---------------+
; clk                       ; -0.601 ; -17.209       ;
; clockDivider:c1|tick_20ms ; -0.394 ; -6.164        ;
+---------------------------+--------+---------------+


----------------------------------------------
; Slow 1100mV 0C Model Metastability Summary ;
----------------------------------------------
Design MTBF is not calculated because the design doesn't meet its timing requirements.



+----------------------------------------------------+
; Fast 1100mV 85C Model Setup Summary                ;
+---------------------------+--------+---------------+
; Clock                     ; Slack  ; End Point TNS ;
+---------------------------+--------+---------------+
; clk                       ; -0.750 ; -20.433       ;
; clockDivider:c1|tick_20ms ; -0.489 ; -4.405        ;
+---------------------------+--------+---------------+


+---------------------------------------------------+
; Fast 1100mV 85C Model Hold Summary                ;
+---------------------------+-------+---------------+
; Clock                     ; Slack ; End Point TNS ;
+---------------------------+-------+---------------+
; clk                       ; 0.204 ; 0.000         ;
; clockDivider:c1|tick_20ms ; 0.320 ; 0.000         ;
+---------------------------+-------+---------------+


------------------------------------------
; Fast 1100mV 85C Model Recovery Summary ;
------------------------------------------
No paths to report.


-----------------------------------------
; Fast 1100mV 85C Model Removal Summary ;
-----------------------------------------
No paths to report.


+----------------------------------------------------+
; Fast 1100mV 85C Model Minimum Pulse Width Summary  ;
+---------------------------+--------+---------------+
; Clock                     ; Slack  ; End Point TNS ;
+---------------------------+--------+---------------+
; clk                       ; -0.567 ; -3.315        ;
; clockDivider:c1|tick_20ms ; 0.111  ; 0.000         ;
+---------------------------+--------+---------------+


-----------------------------------------------
; Fast 1100mV 85C Model Metastability Summary ;
-----------------------------------------------
Design MTBF is not calculated because the design doesn't meet its timing requirements.



+----------------------------------------------------+
; Fast 1100mV 0C Model Setup Summary                 ;
+---------------------------+--------+---------------+
; Clock                     ; Slack  ; End Point TNS ;
+---------------------------+--------+---------------+
; clk                       ; -0.710 ; -17.888       ;
; clockDivider:c1|tick_20ms ; -0.387 ; -3.473        ;
+---------------------------+--------+---------------+


+---------------------------------------------------+
; Fast 1100mV 0C Model Hold Summary                 ;
+---------------------------+-------+---------------+
; Clock                     ; Slack ; End Point TNS ;
+---------------------------+-------+---------------+
; clk                       ; 0.192 ; 0.000         ;
; clockDivider:c1|tick_20ms ; 0.287 ; 0.000         ;
+---------------------------+-------+---------------+


-----------------------------------------
; Fast 1100mV 0C Model Recovery Summary ;
-----------------------------------------
No paths to report.


----------------------------------------
; Fast 1100mV 0C Model Removal Summary ;
----------------------------------------
No paths to report.


+----------------------------------------------------+
; Fast 1100mV 0C Model Minimum Pulse Width Summary   ;
+---------------------------+--------+---------------+
; Clock                     ; Slack  ; End Point TNS ;
+---------------------------+--------+---------------+
; clk                       ; -0.533 ; -3.186        ;
; clockDivider:c1|tick_20ms ; 0.124  ; 0.000         ;
+---------------------------+--------+---------------+


----------------------------------------------
; Fast 1100mV 0C Model Metastability Summary ;
----------------------------------------------
Design MTBF is not calculated because the design doesn't meet its timing requirements.



+-----------------------------------------------------------------------------------------+
; Multicorner Timing Analysis Summary                                                     ;
+----------------------------+---------+-------+----------+---------+---------------------+
; Clock                      ; Setup   ; Hold  ; Recovery ; Removal ; Minimum Pulse Width ;
+----------------------------+---------+-------+----------+---------+---------------------+
; Worst-case Slack           ; -1.976  ; 0.192 ; N/A      ; N/A     ; -0.601              ;
;  clk                       ; -1.976  ; 0.192 ; N/A      ; N/A     ; -0.601              ;
;  clockDivider:c1|tick_20ms ; -1.131  ; 0.287 ; N/A      ; N/A     ; -0.394              ;
; Design-wide TNS            ; -69.638 ; 0.0   ; 0.0      ; 0.0     ; -23.373             ;
;  clk                       ; -58.008 ; 0.000 ; N/A      ; N/A     ; -17.209             ;
;  clockDivider:c1|tick_20ms ; -11.630 ; 0.000 ; N/A      ; N/A     ; -6.164              ;
+----------------------------+---------+-------+----------+---------+---------------------+


+---------------------------------------------------------------------------------------------------------------------------------------------------------------------------------------------------------------------------------------------------------------------------------------------------------------------------------------------------------------------------------------------------------------------+
; Board Trace Model Assignments                                                                                                                                                                                                                                                                                                                                                                                       ;
+------------------+--------------+-------------------+-------------------------+-------------------------+---------------+---------------------+----------------+------------------+--------+------------------+------------------------+------------------------+--------------+---------------+-----------------+-------+---------------------+--------------------+---------------+-----------------+-------------+
; Pin              ; I/O Standard ; Near Tline Length ; Near Tline L per Length ; Near Tline C per Length ; Near Series R ; Near Differential R ; Near Pull-up R ; Near Pull-down R ; Near C ; Far Tline Length ; Far Tline L per Length ; Far Tline C per Length ; Far Series R ; Far Pull-up R ; Far Pull-down R ; Far C ; Termination Voltage ; Far Differential R ; EBD File Name ; EBD Signal Name ; EBD Far-end ;
+------------------+--------------+-------------------+-------------------------+-------------------------+---------------+---------------------+----------------+------------------+--------+------------------+------------------------+------------------------+--------------+---------------+-----------------+-------+---------------------+--------------------+---------------+-----------------+-------------+
; FinalChar[0]     ; 2.5 V        ; 0 in              ; 0 H/in                  ; 0 F/in                  ; short         ; -                   ; open           ; open             ; open   ; 0 in             ; 0 H/in                 ; 0 F/in                 ; short        ; open          ; open            ; open  ; 0 V                 ; -                  ; n/a           ; n/a             ; n/a         ;
; FinalChar[1]     ; 2.5 V        ; 0 in              ; 0 H/in                  ; 0 F/in                  ; short         ; -                   ; open           ; open             ; open   ; 0 in             ; 0 H/in                 ; 0 F/in                 ; short        ; open          ; open            ; open  ; 0 V                 ; -                  ; n/a           ; n/a             ; n/a         ;
; FinalChar[2]     ; 2.5 V        ; 0 in              ; 0 H/in                  ; 0 F/in                  ; short         ; -                   ; open           ; open             ; open   ; 0 in             ; 0 H/in                 ; 0 F/in                 ; short        ; open          ; open            ; open  ; 0 V                 ; -                  ; n/a           ; n/a             ; n/a         ;
; FinalChar[3]     ; 2.5 V        ; 0 in              ; 0 H/in                  ; 0 F/in                  ; short         ; -                   ; open           ; open             ; open   ; 0 in             ; 0 H/in                 ; 0 F/in                 ; short        ; open          ; open            ; open  ; 0 V                 ; -                  ; n/a           ; n/a             ; n/a         ;
; correct_password ; 2.5 V        ; 0 in              ; 0 H/in                  ; 0 F/in                  ; short         ; -                   ; open           ; open             ; open   ; 0 in             ; 0 H/in                 ; 0 F/in                 ; short        ; open          ; open            ; open  ; 0 V                 ; -                  ; n/a           ; n/a             ; n/a         ;
; wrong_password   ; 2.5 V        ; 0 in              ; 0 H/in                  ; 0 F/in                  ; short         ; -                   ; open           ; open             ; open   ; 0 in             ; 0 H/in                 ; 0 F/in                 ; short        ; open          ; open            ; open  ; 0 V                 ; -                  ; n/a           ; n/a             ; n/a         ;
; backspace_flag   ; 2.5 V        ; 0 in              ; 0 H/in                  ; 0 F/in                  ; short         ; -                   ; open           ; open             ; open   ; 0 in             ; 0 H/in                 ; 0 F/in                 ; short        ; open          ; open            ; open  ; 0 V                 ; -                  ; n/a           ; n/a             ; n/a         ;
; locked_flag      ; 2.5 V        ; 0 in              ; 0 H/in                  ; 0 F/in                  ; short         ; -                   ; open           ; open             ; open   ; 0 in             ; 0 H/in                 ; 0 F/in                 ; short        ; open          ; open            ; open  ; 0 V                 ; -                  ; n/a           ; n/a             ; n/a         ;
; keyFlag          ; 2.5 V        ; 0 in              ; 0 H/in                  ; 0 F/in                  ; short         ; -                   ; open           ; open             ; open   ; 0 in             ; 0 H/in                 ; 0 F/in                 ; short        ; open          ; open            ; open  ; 0 V                 ; -                  ; n/a           ; n/a             ; n/a         ;
; col[0]           ; 2.5 V        ; 0 in              ; 0 H/in                  ; 0 F/in                  ; short         ; -                   ; open           ; open             ; open   ; 0 in             ; 0 H/in                 ; 0 F/in                 ; short        ; open          ; open            ; open  ; 0 V                 ; -                  ; n/a           ; n/a             ; n/a         ;
; col[1]           ; 2.5 V        ; 0 in              ; 0 H/in                  ; 0 F/in                  ; short         ; -                   ; open           ; open             ; open   ; 0 in             ; 0 H/in                 ; 0 F/in                 ; short        ; open          ; open            ; open  ; 0 V                 ; -                  ; n/a           ; n/a             ; n/a         ;
; col[2]           ; 2.5 V        ; 0 in              ; 0 H/in                  ; 0 F/in                  ; short         ; -                   ; open           ; open             ; open   ; 0 in             ; 0 H/in                 ; 0 F/in                 ; short        ; open          ; open            ; open  ; 0 V                 ; -                  ; n/a           ; n/a             ; n/a         ;
; col[3]           ; 2.5 V        ; 0 in              ; 0 H/in                  ; 0 F/in                  ; short         ; -                   ; open           ; open             ; open   ; 0 in             ; 0 H/in                 ; 0 F/in                 ; short        ; open          ; open            ; open  ; 0 V                 ; -                  ; n/a           ; n/a             ; n/a         ;
; row[0]           ; 2.5 V        ; 0 in              ; 0 H/in                  ; 0 F/in                  ; short         ; -                   ; open           ; open             ; open   ; 0 in             ; 0 H/in                 ; 0 F/in                 ; short        ; open          ; open            ; open  ; 0 V                 ; -                  ; n/a           ; n/a             ; n/a         ;
; row[1]           ; 2.5 V        ; 0 in              ; 0 H/in                  ; 0 F/in                  ; short         ; -                   ; open           ; open             ; open   ; 0 in             ; 0 H/in                 ; 0 F/in                 ; short        ; open          ; open            ; open  ; 0 V                 ; -                  ; n/a           ; n/a             ; n/a         ;
; row[2]           ; 2.5 V        ; 0 in              ; 0 H/in                  ; 0 F/in                  ; short         ; -                   ; open           ; open             ; open   ; 0 in             ; 0 H/in                 ; 0 F/in                 ; short        ; open          ; open            ; open  ; 0 V                 ; -                  ; n/a           ; n/a             ; n/a         ;
; row[3]           ; 2.5 V        ; 0 in              ; 0 H/in                  ; 0 F/in                  ; short         ; -                   ; open           ; open             ; open   ; 0 in             ; 0 H/in                 ; 0 F/in                 ; short        ; open          ; open            ; open  ; 0 V                 ; -                  ; n/a           ; n/a             ; n/a         ;
+------------------+--------------+-------------------+-------------------------+-------------------------+---------------+---------------------+----------------+------------------+--------+------------------+------------------------+------------------------+--------------+---------------+-----------------+-------+---------------------+--------------------+---------------+-----------------+-------------+


+-----------------------------------------------------------+
; Input Transition Times                                    ;
+--------+--------------+-----------------+-----------------+
; Pin    ; I/O Standard ; 10-90 Rise Time ; 90-10 Fall Time ;
+--------+--------------+-----------------+-----------------+
; col[0] ; 2.5 V        ; 2000 ps         ; 2000 ps         ;
; col[1] ; 2.5 V        ; 2000 ps         ; 2000 ps         ;
; col[2] ; 2.5 V        ; 2000 ps         ; 2000 ps         ;
; col[3] ; 2.5 V        ; 2000 ps         ; 2000 ps         ;
; row[0] ; 2.5 V        ; 2000 ps         ; 2000 ps         ;
; row[1] ; 2.5 V        ; 2000 ps         ; 2000 ps         ;
; row[2] ; 2.5 V        ; 2000 ps         ; 2000 ps         ;
; row[3] ; 2.5 V        ; 2000 ps         ; 2000 ps         ;
; rstN   ; 2.5 V        ; 2000 ps         ; 2000 ps         ;
; clk    ; 2.5 V        ; 2000 ps         ; 2000 ps         ;
+--------+--------------+-----------------+-----------------+


+-----------------------------------------------------------------------------------------------------------------------------------------------------------------------------------------------------------------------------------------------------------------------------------------------------------------------------------------------------------------------------------------------------------------------------------------------------------------------------------------------------------------------------------------------------------------------------------------------------------------------------------------------------------------------------------------------+
; Signal Integrity Metrics (Slow 1100mv 0c Model)                                                                                                                                                                                                                                                                                                                                                                                                                                                                                                                                                                                                                                               ;
+------------------+--------------+---------------------+---------------------+------------------------------+------------------------------+---------------------+---------------------+--------------------------------------+--------------------------------------+-----------------------------+-----------------------------+----------------------------+----------------------------+-----------------------------+-----------------------------+--------------------+--------------------+-------------------------------------+-------------------------------------+----------------------------+----------------------------+---------------------------+---------------------------+
; Pin              ; I/O Standard ; Board Delay on Rise ; Board Delay on Fall ; Steady State Voh at FPGA Pin ; Steady State Vol at FPGA Pin ; Voh Max at FPGA Pin ; Vol Min at FPGA Pin ; Ringback Voltage on Rise at FPGA Pin ; Ringback Voltage on Fall at FPGA Pin ; 10-90 Rise Time at FPGA Pin ; 90-10 Fall Time at FPGA Pin ; Monotonic Rise at FPGA Pin ; Monotonic Fall at FPGA Pin ; Steady State Voh at Far-end ; Steady State Vol at Far-end ; Voh Max at Far-end ; Vol Min at Far-end ; Ringback Voltage on Rise at Far-end ; Ringback Voltage on Fall at Far-end ; 10-90 Rise Time at Far-end ; 90-10 Fall Time at Far-end ; Monotonic Rise at Far-end ; Monotonic Fall at Far-end ;
+------------------+--------------+---------------------+---------------------+------------------------------+------------------------------+---------------------+---------------------+--------------------------------------+--------------------------------------+-----------------------------+-----------------------------+----------------------------+----------------------------+-----------------------------+-----------------------------+--------------------+--------------------+-------------------------------------+-------------------------------------+----------------------------+----------------------------+---------------------------+---------------------------+
; FinalChar[0]     ; 2.5 V        ; 0 s                 ; 0 s                 ; 2.32 V                       ; 3.07e-07 V                   ; 2.36 V              ; -0.0231 V           ; 0.14 V                               ; 0.089 V                              ; 4.52e-10 s                  ; 4.35e-10 s                  ; No                         ; Yes                        ; 2.32 V                      ; 3.07e-07 V                  ; 2.36 V             ; -0.0231 V          ; 0.14 V                              ; 0.089 V                             ; 4.52e-10 s                 ; 4.35e-10 s                 ; No                        ; Yes                       ;
; FinalChar[1]     ; 2.5 V        ; 0 s                 ; 0 s                 ; 2.32 V                       ; 3.07e-07 V                   ; 2.36 V              ; -0.0231 V           ; 0.14 V                               ; 0.089 V                              ; 4.52e-10 s                  ; 4.35e-10 s                  ; No                         ; Yes                        ; 2.32 V                      ; 3.07e-07 V                  ; 2.36 V             ; -0.0231 V          ; 0.14 V                              ; 0.089 V                             ; 4.52e-10 s                 ; 4.35e-10 s                 ; No                        ; Yes                       ;
; FinalChar[2]     ; 2.5 V        ; 0 s                 ; 0 s                 ; 2.32 V                       ; 3.6e-07 V                    ; 2.41 V              ; -0.0463 V           ; 0.201 V                              ; 0.131 V                              ; 4.61e-10 s                  ; 4.53e-10 s                  ; No                         ; Yes                        ; 2.32 V                      ; 3.6e-07 V                   ; 2.41 V             ; -0.0463 V          ; 0.201 V                             ; 0.131 V                             ; 4.61e-10 s                 ; 4.53e-10 s                 ; No                        ; Yes                       ;
; FinalChar[3]     ; 2.5 V        ; 0 s                 ; 0 s                 ; 2.32 V                       ; 3.6e-07 V                    ; 2.41 V              ; -0.0463 V           ; 0.201 V                              ; 0.131 V                              ; 4.61e-10 s                  ; 4.53e-10 s                  ; No                         ; Yes                        ; 2.32 V                      ; 3.6e-07 V                   ; 2.41 V             ; -0.0463 V          ; 0.201 V                             ; 0.131 V                             ; 4.61e-10 s                 ; 4.53e-10 s                 ; No                        ; Yes                       ;
; correct_password ; 2.5 V        ; 0 s                 ; 0 s                 ; 2.32 V                       ; 3.6e-07 V                    ; 2.41 V              ; -0.0463 V           ; 0.201 V                              ; 0.131 V                              ; 4.61e-10 s                  ; 4.53e-10 s                  ; No                         ; Yes                        ; 2.32 V                      ; 3.6e-07 V                   ; 2.41 V             ; -0.0463 V          ; 0.201 V                             ; 0.131 V                             ; 4.61e-10 s                 ; 4.53e-10 s                 ; No                        ; Yes                       ;
; wrong_password   ; 2.5 V        ; 0 s                 ; 0 s                 ; 2.32 V                       ; 3.07e-07 V                   ; 2.36 V              ; -0.0231 V           ; 0.14 V                               ; 0.089 V                              ; 4.52e-10 s                  ; 4.35e-10 s                  ; No                         ; Yes                        ; 2.32 V                      ; 3.07e-07 V                  ; 2.36 V             ; -0.0231 V          ; 0.14 V                              ; 0.089 V                             ; 4.52e-10 s                 ; 4.35e-10 s                 ; No                        ; Yes                       ;
; backspace_flag   ; 2.5 V        ; 0 s                 ; 0 s                 ; 2.32 V                       ; 3.6e-07 V                    ; 2.41 V              ; -0.0463 V           ; 0.201 V                              ; 0.131 V                              ; 4.61e-10 s                  ; 4.53e-10 s                  ; No                         ; Yes                        ; 2.32 V                      ; 3.6e-07 V                   ; 2.41 V             ; -0.0463 V          ; 0.201 V                             ; 0.131 V                             ; 4.61e-10 s                 ; 4.53e-10 s                 ; No                        ; Yes                       ;
; locked_flag      ; 2.5 V        ; 0 s                 ; 0 s                 ; 2.32 V                       ; 3.6e-07 V                    ; 2.41 V              ; -0.0463 V           ; 0.201 V                              ; 0.131 V                              ; 4.61e-10 s                  ; 4.53e-10 s                  ; No                         ; Yes                        ; 2.32 V                      ; 3.6e-07 V                   ; 2.41 V             ; -0.0463 V          ; 0.201 V                             ; 0.131 V                             ; 4.61e-10 s                 ; 4.53e-10 s                 ; No                        ; Yes                       ;
; keyFlag          ; 2.5 V        ; 0 s                 ; 0 s                 ; 2.32 V                       ; 3.6e-07 V                    ; 2.41 V              ; -0.0463 V           ; 0.201 V                              ; 0.131 V                              ; 4.61e-10 s                  ; 4.53e-10 s                  ; No                         ; Yes                        ; 2.32 V                      ; 3.6e-07 V                   ; 2.41 V             ; -0.0463 V          ; 0.201 V                             ; 0.131 V                             ; 4.61e-10 s                 ; 4.53e-10 s                 ; No                        ; Yes                       ;
; col[0]           ; 2.5 V        ; 0 s                 ; 0 s                 ; 2.32 V                       ; 3.6e-07 V                    ; 2.41 V              ; -0.0463 V           ; 0.201 V                              ; 0.131 V                              ; 4.61e-10 s                  ; 4.53e-10 s                  ; No                         ; Yes                        ; 2.32 V                      ; 3.6e-07 V                   ; 2.41 V             ; -0.0463 V          ; 0.201 V                             ; 0.131 V                             ; 4.61e-10 s                 ; 4.53e-10 s                 ; No                        ; Yes                       ;
; col[1]           ; 2.5 V        ; 0 s                 ; 0 s                 ; 2.32 V                       ; 3.07e-07 V                   ; 2.36 V              ; -0.0231 V           ; 0.14 V                               ; 0.089 V                              ; 4.52e-10 s                  ; 4.35e-10 s                  ; No                         ; Yes                        ; 2.32 V                      ; 3.07e-07 V                  ; 2.36 V             ; -0.0231 V          ; 0.14 V                              ; 0.089 V                             ; 4.52e-10 s                 ; 4.35e-10 s                 ; No                        ; Yes                       ;
; col[2]           ; 2.5 V        ; 0 s                 ; 0 s                 ; 2.32 V                       ; 3.52e-07 V                   ; 2.42 V              ; -0.0557 V           ; 0.175 V                              ; 0.114 V                              ; 4.5e-10 s                   ; 4.35e-10 s                  ; No                         ; No                         ; 2.32 V                      ; 3.52e-07 V                  ; 2.42 V             ; -0.0557 V          ; 0.175 V                             ; 0.114 V                             ; 4.5e-10 s                  ; 4.35e-10 s                 ; No                        ; No                        ;
; col[3]           ; 2.5 V        ; 0 s                 ; 0 s                 ; 2.32 V                       ; 3.52e-07 V                   ; 2.42 V              ; -0.0557 V           ; 0.175 V                              ; 0.114 V                              ; 4.5e-10 s                   ; 4.35e-10 s                  ; No                         ; No                         ; 2.32 V                      ; 3.52e-07 V                  ; 2.42 V             ; -0.0557 V          ; 0.175 V                             ; 0.114 V                             ; 4.5e-10 s                  ; 4.35e-10 s                 ; No                        ; No                        ;
; row[0]           ; 2.5 V        ; 0 s                 ; 0 s                 ; 2.32 V                       ; 3.07e-07 V                   ; 2.36 V              ; -0.0231 V           ; 0.14 V                               ; 0.089 V                              ; 4.52e-10 s                  ; 4.35e-10 s                  ; No                         ; Yes                        ; 2.32 V                      ; 3.07e-07 V                  ; 2.36 V             ; -0.0231 V          ; 0.14 V                              ; 0.089 V                             ; 4.52e-10 s                 ; 4.35e-10 s                 ; No                        ; Yes                       ;
; row[1]           ; 2.5 V        ; 0 s                 ; 0 s                 ; 2.32 V                       ; 3.07e-07 V                   ; 2.36 V              ; -0.0231 V           ; 0.14 V                               ; 0.089 V                              ; 4.52e-10 s                  ; 4.35e-10 s                  ; No                         ; Yes                        ; 2.32 V                      ; 3.07e-07 V                  ; 2.36 V             ; -0.0231 V          ; 0.14 V                              ; 0.089 V                             ; 4.52e-10 s                 ; 4.35e-10 s                 ; No                        ; Yes                       ;
; row[2]           ; 2.5 V        ; 0 s                 ; 0 s                 ; 2.32 V                       ; 3.52e-07 V                   ; 2.42 V              ; -0.0568 V           ; 0.173 V                              ; 0.113 V                              ; 4.5e-10 s                   ; 4.35e-10 s                  ; No                         ; No                         ; 2.32 V                      ; 3.52e-07 V                  ; 2.42 V             ; -0.0568 V          ; 0.173 V                             ; 0.113 V                             ; 4.5e-10 s                  ; 4.35e-10 s                 ; No                        ; No                        ;
; row[3]           ; 2.5 V        ; 0 s                 ; 0 s                 ; 2.32 V                       ; 3.52e-07 V                   ; 2.42 V              ; -0.0557 V           ; 0.175 V                              ; 0.114 V                              ; 4.5e-10 s                   ; 4.35e-10 s                  ; No                         ; No                         ; 2.32 V                      ; 3.52e-07 V                  ; 2.42 V             ; -0.0557 V          ; 0.175 V                             ; 0.114 V                             ; 4.5e-10 s                  ; 4.35e-10 s                 ; No                        ; No                        ;
+------------------+--------------+---------------------+---------------------+------------------------------+------------------------------+---------------------+---------------------+--------------------------------------+--------------------------------------+-----------------------------+-----------------------------+----------------------------+----------------------------+-----------------------------+-----------------------------+--------------------+--------------------+-------------------------------------+-------------------------------------+----------------------------+----------------------------+---------------------------+---------------------------+


+-----------------------------------------------------------------------------------------------------------------------------------------------------------------------------------------------------------------------------------------------------------------------------------------------------------------------------------------------------------------------------------------------------------------------------------------------------------------------------------------------------------------------------------------------------------------------------------------------------------------------------------------------------------------------------------------------+
; Signal Integrity Metrics (Slow 1100mv 85c Model)                                                                                                                                                                                                                                                                                                                                                                                                                                                                                                                                                                                                                                              ;
+------------------+--------------+---------------------+---------------------+------------------------------+------------------------------+---------------------+---------------------+--------------------------------------+--------------------------------------+-----------------------------+-----------------------------+----------------------------+----------------------------+-----------------------------+-----------------------------+--------------------+--------------------+-------------------------------------+-------------------------------------+----------------------------+----------------------------+---------------------------+---------------------------+
; Pin              ; I/O Standard ; Board Delay on Rise ; Board Delay on Fall ; Steady State Voh at FPGA Pin ; Steady State Vol at FPGA Pin ; Voh Max at FPGA Pin ; Vol Min at FPGA Pin ; Ringback Voltage on Rise at FPGA Pin ; Ringback Voltage on Fall at FPGA Pin ; 10-90 Rise Time at FPGA Pin ; 90-10 Fall Time at FPGA Pin ; Monotonic Rise at FPGA Pin ; Monotonic Fall at FPGA Pin ; Steady State Voh at Far-end ; Steady State Vol at Far-end ; Voh Max at Far-end ; Vol Min at Far-end ; Ringback Voltage on Rise at Far-end ; Ringback Voltage on Fall at Far-end ; 10-90 Rise Time at Far-end ; 90-10 Fall Time at Far-end ; Monotonic Rise at Far-end ; Monotonic Fall at Far-end ;
+------------------+--------------+---------------------+---------------------+------------------------------+------------------------------+---------------------+---------------------+--------------------------------------+--------------------------------------+-----------------------------+-----------------------------+----------------------------+----------------------------+-----------------------------+-----------------------------+--------------------+--------------------+-------------------------------------+-------------------------------------+----------------------------+----------------------------+---------------------------+---------------------------+
; FinalChar[0]     ; 2.5 V        ; 0 s                 ; 0 s                 ; 2.32 V                       ; 3.49e-05 V                   ; 2.34 V              ; -0.0118 V           ; 0.182 V                              ; 0.051 V                              ; 4.81e-10 s                  ; 4.83e-10 s                  ; Yes                        ; Yes                        ; 2.32 V                      ; 3.49e-05 V                  ; 2.34 V             ; -0.0118 V          ; 0.182 V                             ; 0.051 V                             ; 4.81e-10 s                 ; 4.83e-10 s                 ; Yes                       ; Yes                       ;
; FinalChar[1]     ; 2.5 V        ; 0 s                 ; 0 s                 ; 2.32 V                       ; 3.49e-05 V                   ; 2.34 V              ; -0.0118 V           ; 0.182 V                              ; 0.051 V                              ; 4.81e-10 s                  ; 4.83e-10 s                  ; Yes                        ; Yes                        ; 2.32 V                      ; 3.49e-05 V                  ; 2.34 V             ; -0.0118 V          ; 0.182 V                             ; 0.051 V                             ; 4.81e-10 s                 ; 4.83e-10 s                 ; Yes                       ; Yes                       ;
; FinalChar[2]     ; 2.5 V        ; 0 s                 ; 0 s                 ; 2.32 V                       ; 3.96e-05 V                   ; 2.38 V              ; -0.0306 V           ; 0.23 V                               ; 0.206 V                              ; 4.83e-10 s                  ; 5.01e-10 s                  ; No                         ; Yes                        ; 2.32 V                      ; 3.96e-05 V                  ; 2.38 V             ; -0.0306 V          ; 0.23 V                              ; 0.206 V                             ; 4.83e-10 s                 ; 5.01e-10 s                 ; No                        ; Yes                       ;
; FinalChar[3]     ; 2.5 V        ; 0 s                 ; 0 s                 ; 2.32 V                       ; 3.96e-05 V                   ; 2.38 V              ; -0.0306 V           ; 0.23 V                               ; 0.206 V                              ; 4.83e-10 s                  ; 5.01e-10 s                  ; No                         ; Yes                        ; 2.32 V                      ; 3.96e-05 V                  ; 2.38 V             ; -0.0306 V          ; 0.23 V                              ; 0.206 V                             ; 4.83e-10 s                 ; 5.01e-10 s                 ; No                        ; Yes                       ;
; correct_password ; 2.5 V        ; 0 s                 ; 0 s                 ; 2.32 V                       ; 3.96e-05 V                   ; 2.38 V              ; -0.0306 V           ; 0.23 V                               ; 0.206 V                              ; 4.83e-10 s                  ; 5.01e-10 s                  ; No                         ; Yes                        ; 2.32 V                      ; 3.96e-05 V                  ; 2.38 V             ; -0.0306 V          ; 0.23 V                              ; 0.206 V                             ; 4.83e-10 s                 ; 5.01e-10 s                 ; No                        ; Yes                       ;
; wrong_password   ; 2.5 V        ; 0 s                 ; 0 s                 ; 2.32 V                       ; 3.49e-05 V                   ; 2.34 V              ; -0.0118 V           ; 0.182 V                              ; 0.051 V                              ; 4.81e-10 s                  ; 4.83e-10 s                  ; Yes                        ; Yes                        ; 2.32 V                      ; 3.49e-05 V                  ; 2.34 V             ; -0.0118 V          ; 0.182 V                             ; 0.051 V                             ; 4.81e-10 s                 ; 4.83e-10 s                 ; Yes                       ; Yes                       ;
; backspace_flag   ; 2.5 V        ; 0 s                 ; 0 s                 ; 2.32 V                       ; 3.96e-05 V                   ; 2.38 V              ; -0.0306 V           ; 0.23 V                               ; 0.206 V                              ; 4.83e-10 s                  ; 5.01e-10 s                  ; No                         ; Yes                        ; 2.32 V                      ; 3.96e-05 V                  ; 2.38 V             ; -0.0306 V          ; 0.23 V                              ; 0.206 V                             ; 4.83e-10 s                 ; 5.01e-10 s                 ; No                        ; Yes                       ;
; locked_flag      ; 2.5 V        ; 0 s                 ; 0 s                 ; 2.32 V                       ; 3.96e-05 V                   ; 2.38 V              ; -0.0306 V           ; 0.23 V                               ; 0.206 V                              ; 4.83e-10 s                  ; 5.01e-10 s                  ; No                         ; Yes                        ; 2.32 V                      ; 3.96e-05 V                  ; 2.38 V             ; -0.0306 V          ; 0.23 V                              ; 0.206 V                             ; 4.83e-10 s                 ; 5.01e-10 s                 ; No                        ; Yes                       ;
; keyFlag          ; 2.5 V        ; 0 s                 ; 0 s                 ; 2.32 V                       ; 3.96e-05 V                   ; 2.38 V              ; -0.0306 V           ; 0.23 V                               ; 0.206 V                              ; 4.83e-10 s                  ; 5.01e-10 s                  ; No                         ; Yes                        ; 2.32 V                      ; 3.96e-05 V                  ; 2.38 V             ; -0.0306 V          ; 0.23 V                              ; 0.206 V                             ; 4.83e-10 s                 ; 5.01e-10 s                 ; No                        ; Yes                       ;
; col[0]           ; 2.5 V        ; 0 s                 ; 0 s                 ; 2.32 V                       ; 3.96e-05 V                   ; 2.38 V              ; -0.0306 V           ; 0.23 V                               ; 0.206 V                              ; 4.83e-10 s                  ; 5.01e-10 s                  ; No                         ; Yes                        ; 2.32 V                      ; 3.96e-05 V                  ; 2.38 V             ; -0.0306 V          ; 0.23 V                              ; 0.206 V                             ; 4.83e-10 s                 ; 5.01e-10 s                 ; No                        ; Yes                       ;
; col[1]           ; 2.5 V        ; 0 s                 ; 0 s                 ; 2.32 V                       ; 3.49e-05 V                   ; 2.34 V              ; -0.0118 V           ; 0.182 V                              ; 0.051 V                              ; 4.81e-10 s                  ; 4.83e-10 s                  ; Yes                        ; Yes                        ; 2.32 V                      ; 3.49e-05 V                  ; 2.34 V             ; -0.0118 V          ; 0.182 V                             ; 0.051 V                             ; 4.81e-10 s                 ; 4.83e-10 s                 ; Yes                       ; Yes                       ;
; col[2]           ; 2.5 V        ; 0 s                 ; 0 s                 ; 2.32 V                       ; 3.88e-05 V                   ; 2.39 V              ; -0.037 V            ; 0.188 V                              ; 0.158 V                              ; 4.67e-10 s                  ; 4.67e-10 s                  ; No                         ; Yes                        ; 2.32 V                      ; 3.88e-05 V                  ; 2.39 V             ; -0.037 V           ; 0.188 V                             ; 0.158 V                             ; 4.67e-10 s                 ; 4.67e-10 s                 ; No                        ; Yes                       ;
; col[3]           ; 2.5 V        ; 0 s                 ; 0 s                 ; 2.32 V                       ; 3.88e-05 V                   ; 2.39 V              ; -0.037 V            ; 0.188 V                              ; 0.158 V                              ; 4.67e-10 s                  ; 4.67e-10 s                  ; No                         ; Yes                        ; 2.32 V                      ; 3.88e-05 V                  ; 2.39 V             ; -0.037 V           ; 0.188 V                             ; 0.158 V                             ; 4.67e-10 s                 ; 4.67e-10 s                 ; No                        ; Yes                       ;
; row[0]           ; 2.5 V        ; 0 s                 ; 0 s                 ; 2.32 V                       ; 3.49e-05 V                   ; 2.34 V              ; -0.0118 V           ; 0.182 V                              ; 0.051 V                              ; 4.81e-10 s                  ; 4.83e-10 s                  ; Yes                        ; Yes                        ; 2.32 V                      ; 3.49e-05 V                  ; 2.34 V             ; -0.0118 V          ; 0.182 V                             ; 0.051 V                             ; 4.81e-10 s                 ; 4.83e-10 s                 ; Yes                       ; Yes                       ;
; row[1]           ; 2.5 V        ; 0 s                 ; 0 s                 ; 2.32 V                       ; 3.49e-05 V                   ; 2.34 V              ; -0.0118 V           ; 0.182 V                              ; 0.051 V                              ; 4.81e-10 s                  ; 4.83e-10 s                  ; Yes                        ; Yes                        ; 2.32 V                      ; 3.49e-05 V                  ; 2.34 V             ; -0.0118 V          ; 0.182 V                             ; 0.051 V                             ; 4.81e-10 s                 ; 4.83e-10 s                 ; Yes                       ; Yes                       ;
; row[2]           ; 2.5 V        ; 0 s                 ; 0 s                 ; 2.32 V                       ; 3.88e-05 V                   ; 2.39 V              ; -0.0374 V           ; 0.189 V                              ; 0.158 V                              ; 4.66e-10 s                  ; 4.67e-10 s                  ; No                         ; Yes                        ; 2.32 V                      ; 3.88e-05 V                  ; 2.39 V             ; -0.0374 V          ; 0.189 V                             ; 0.158 V                             ; 4.66e-10 s                 ; 4.67e-10 s                 ; No                        ; Yes                       ;
; row[3]           ; 2.5 V        ; 0 s                 ; 0 s                 ; 2.32 V                       ; 3.88e-05 V                   ; 2.39 V              ; -0.037 V            ; 0.188 V                              ; 0.158 V                              ; 4.67e-10 s                  ; 4.67e-10 s                  ; No                         ; Yes                        ; 2.32 V                      ; 3.88e-05 V                  ; 2.39 V             ; -0.037 V           ; 0.188 V                             ; 0.158 V                             ; 4.67e-10 s                 ; 4.67e-10 s                 ; No                        ; Yes                       ;
+------------------+--------------+---------------------+---------------------+------------------------------+------------------------------+---------------------+---------------------+--------------------------------------+--------------------------------------+-----------------------------+-----------------------------+----------------------------+----------------------------+-----------------------------+-----------------------------+--------------------+--------------------+-------------------------------------+-------------------------------------+----------------------------+----------------------------+---------------------------+---------------------------+


+-----------------------------------------------------------------------------------------------------------------------------------------------------------------------------------------------------------------------------------------------------------------------------------------------------------------------------------------------------------------------------------------------------------------------------------------------------------------------------------------------------------------------------------------------------------------------------------------------------------------------------------------------------------------------------------------------+
; Signal Integrity Metrics (Fast 1100mv 0c Model)                                                                                                                                                                                                                                                                                                                                                                                                                                                                                                                                                                                                                                               ;
+------------------+--------------+---------------------+---------------------+------------------------------+------------------------------+---------------------+---------------------+--------------------------------------+--------------------------------------+-----------------------------+-----------------------------+----------------------------+----------------------------+-----------------------------+-----------------------------+--------------------+--------------------+-------------------------------------+-------------------------------------+----------------------------+----------------------------+---------------------------+---------------------------+
; Pin              ; I/O Standard ; Board Delay on Rise ; Board Delay on Fall ; Steady State Voh at FPGA Pin ; Steady State Vol at FPGA Pin ; Voh Max at FPGA Pin ; Vol Min at FPGA Pin ; Ringback Voltage on Rise at FPGA Pin ; Ringback Voltage on Fall at FPGA Pin ; 10-90 Rise Time at FPGA Pin ; 90-10 Fall Time at FPGA Pin ; Monotonic Rise at FPGA Pin ; Monotonic Fall at FPGA Pin ; Steady State Voh at Far-end ; Steady State Vol at Far-end ; Voh Max at Far-end ; Vol Min at Far-end ; Ringback Voltage on Rise at Far-end ; Ringback Voltage on Fall at Far-end ; 10-90 Rise Time at Far-end ; 90-10 Fall Time at Far-end ; Monotonic Rise at Far-end ; Monotonic Fall at Far-end ;
+------------------+--------------+---------------------+---------------------+------------------------------+------------------------------+---------------------+---------------------+--------------------------------------+--------------------------------------+-----------------------------+-----------------------------+----------------------------+----------------------------+-----------------------------+-----------------------------+--------------------+--------------------+-------------------------------------+-------------------------------------+----------------------------+----------------------------+---------------------------+---------------------------+
; FinalChar[0]     ; 2.5 V        ; 0 s                 ; 0 s                 ; 2.75 V                       ; 3.54e-06 V                   ; 2.81 V              ; -0.0578 V           ; 0.303 V                              ; 0.28 V                               ; 2.93e-10 s                  ; 3.01e-10 s                  ; No                         ; No                         ; 2.75 V                      ; 3.54e-06 V                  ; 2.81 V             ; -0.0578 V          ; 0.303 V                             ; 0.28 V                              ; 2.93e-10 s                 ; 3.01e-10 s                 ; No                        ; No                        ;
; FinalChar[1]     ; 2.5 V        ; 0 s                 ; 0 s                 ; 2.75 V                       ; 3.54e-06 V                   ; 2.81 V              ; -0.0578 V           ; 0.303 V                              ; 0.28 V                               ; 2.93e-10 s                  ; 3.01e-10 s                  ; No                         ; No                         ; 2.75 V                      ; 3.54e-06 V                  ; 2.81 V             ; -0.0578 V          ; 0.303 V                             ; 0.28 V                              ; 2.93e-10 s                 ; 3.01e-10 s                 ; No                        ; No                        ;
; FinalChar[2]     ; 2.5 V        ; 0 s                 ; 0 s                 ; 2.75 V                       ; 4.25e-06 V                   ; 2.9 V               ; -0.107 V            ; 0.378 V                              ; 0.16 V                               ; 2.87e-10 s                  ; 4.28e-10 s                  ; No                         ; No                         ; 2.75 V                      ; 4.25e-06 V                  ; 2.9 V              ; -0.107 V           ; 0.378 V                             ; 0.16 V                              ; 2.87e-10 s                 ; 4.28e-10 s                 ; No                        ; No                        ;
; FinalChar[3]     ; 2.5 V        ; 0 s                 ; 0 s                 ; 2.75 V                       ; 4.25e-06 V                   ; 2.9 V               ; -0.107 V            ; 0.378 V                              ; 0.16 V                               ; 2.87e-10 s                  ; 4.28e-10 s                  ; No                         ; No                         ; 2.75 V                      ; 4.25e-06 V                  ; 2.9 V              ; -0.107 V           ; 0.378 V                             ; 0.16 V                              ; 2.87e-10 s                 ; 4.28e-10 s                 ; No                        ; No                        ;
; correct_password ; 2.5 V        ; 0 s                 ; 0 s                 ; 2.75 V                       ; 4.25e-06 V                   ; 2.9 V               ; -0.107 V            ; 0.378 V                              ; 0.16 V                               ; 2.87e-10 s                  ; 4.28e-10 s                  ; No                         ; No                         ; 2.75 V                      ; 4.25e-06 V                  ; 2.9 V              ; -0.107 V           ; 0.378 V                             ; 0.16 V                              ; 2.87e-10 s                 ; 4.28e-10 s                 ; No                        ; No                        ;
; wrong_password   ; 2.5 V        ; 0 s                 ; 0 s                 ; 2.75 V                       ; 3.54e-06 V                   ; 2.81 V              ; -0.0578 V           ; 0.303 V                              ; 0.28 V                               ; 2.93e-10 s                  ; 3.01e-10 s                  ; No                         ; No                         ; 2.75 V                      ; 3.54e-06 V                  ; 2.81 V             ; -0.0578 V          ; 0.303 V                             ; 0.28 V                              ; 2.93e-10 s                 ; 3.01e-10 s                 ; No                        ; No                        ;
; backspace_flag   ; 2.5 V        ; 0 s                 ; 0 s                 ; 2.75 V                       ; 4.25e-06 V                   ; 2.9 V               ; -0.107 V            ; 0.378 V                              ; 0.16 V                               ; 2.87e-10 s                  ; 4.28e-10 s                  ; No                         ; No                         ; 2.75 V                      ; 4.25e-06 V                  ; 2.9 V              ; -0.107 V           ; 0.378 V                             ; 0.16 V                              ; 2.87e-10 s                 ; 4.28e-10 s                 ; No                        ; No                        ;
; locked_flag      ; 2.5 V        ; 0 s                 ; 0 s                 ; 2.75 V                       ; 4.25e-06 V                   ; 2.9 V               ; -0.107 V            ; 0.378 V                              ; 0.16 V                               ; 2.87e-10 s                  ; 4.28e-10 s                  ; No                         ; No                         ; 2.75 V                      ; 4.25e-06 V                  ; 2.9 V              ; -0.107 V           ; 0.378 V                             ; 0.16 V                              ; 2.87e-10 s                 ; 4.28e-10 s                 ; No                        ; No                        ;
; keyFlag          ; 2.5 V        ; 0 s                 ; 0 s                 ; 2.75 V                       ; 4.25e-06 V                   ; 2.9 V               ; -0.107 V            ; 0.378 V                              ; 0.16 V                               ; 2.87e-10 s                  ; 4.28e-10 s                  ; No                         ; No                         ; 2.75 V                      ; 4.25e-06 V                  ; 2.9 V              ; -0.107 V           ; 0.378 V                             ; 0.16 V                              ; 2.87e-10 s                 ; 4.28e-10 s                 ; No                        ; No                        ;
; col[0]           ; 2.5 V        ; 0 s                 ; 0 s                 ; 2.75 V                       ; 4.25e-06 V                   ; 2.9 V               ; -0.107 V            ; 0.378 V                              ; 0.16 V                               ; 2.87e-10 s                  ; 4.28e-10 s                  ; No                         ; No                         ; 2.75 V                      ; 4.25e-06 V                  ; 2.9 V              ; -0.107 V           ; 0.378 V                             ; 0.16 V                              ; 2.87e-10 s                 ; 4.28e-10 s                 ; No                        ; No                        ;
; col[1]           ; 2.5 V        ; 0 s                 ; 0 s                 ; 2.75 V                       ; 3.54e-06 V                   ; 2.81 V              ; -0.0578 V           ; 0.303 V                              ; 0.28 V                               ; 2.93e-10 s                  ; 3.01e-10 s                  ; No                         ; No                         ; 2.75 V                      ; 3.54e-06 V                  ; 2.81 V             ; -0.0578 V          ; 0.303 V                             ; 0.28 V                              ; 2.93e-10 s                 ; 3.01e-10 s                 ; No                        ; No                        ;
; col[2]           ; 2.5 V        ; 0 s                 ; 0 s                 ; 2.75 V                       ; 4.14e-06 V                   ; 2.91 V              ; -0.121 V            ; 0.326 V                              ; 0.297 V                              ; 2.74e-10 s                  ; 2.8e-10 s                   ; No                         ; No                         ; 2.75 V                      ; 4.14e-06 V                  ; 2.91 V             ; -0.121 V           ; 0.326 V                             ; 0.297 V                             ; 2.74e-10 s                 ; 2.8e-10 s                  ; No                        ; No                        ;
; col[3]           ; 2.5 V        ; 0 s                 ; 0 s                 ; 2.75 V                       ; 4.14e-06 V                   ; 2.91 V              ; -0.121 V            ; 0.326 V                              ; 0.297 V                              ; 2.74e-10 s                  ; 2.8e-10 s                   ; No                         ; No                         ; 2.75 V                      ; 4.14e-06 V                  ; 2.91 V             ; -0.121 V           ; 0.326 V                             ; 0.297 V                             ; 2.74e-10 s                 ; 2.8e-10 s                  ; No                        ; No                        ;
; row[0]           ; 2.5 V        ; 0 s                 ; 0 s                 ; 2.75 V                       ; 3.54e-06 V                   ; 2.81 V              ; -0.0578 V           ; 0.303 V                              ; 0.28 V                               ; 2.93e-10 s                  ; 3.01e-10 s                  ; No                         ; No                         ; 2.75 V                      ; 3.54e-06 V                  ; 2.81 V             ; -0.0578 V          ; 0.303 V                             ; 0.28 V                              ; 2.93e-10 s                 ; 3.01e-10 s                 ; No                        ; No                        ;
; row[1]           ; 2.5 V        ; 0 s                 ; 0 s                 ; 2.75 V                       ; 3.54e-06 V                   ; 2.81 V              ; -0.0578 V           ; 0.303 V                              ; 0.28 V                               ; 2.93e-10 s                  ; 3.01e-10 s                  ; No                         ; No                         ; 2.75 V                      ; 3.54e-06 V                  ; 2.81 V             ; -0.0578 V          ; 0.303 V                             ; 0.28 V                              ; 2.93e-10 s                 ; 3.01e-10 s                 ; No                        ; No                        ;
; row[2]           ; 2.5 V        ; 0 s                 ; 0 s                 ; 2.75 V                       ; 4.14e-06 V                   ; 2.91 V              ; -0.119 V            ; 0.326 V                              ; 0.298 V                              ; 2.74e-10 s                  ; 2.8e-10 s                   ; No                         ; No                         ; 2.75 V                      ; 4.14e-06 V                  ; 2.91 V             ; -0.119 V           ; 0.326 V                             ; 0.298 V                             ; 2.74e-10 s                 ; 2.8e-10 s                  ; No                        ; No                        ;
; row[3]           ; 2.5 V        ; 0 s                 ; 0 s                 ; 2.75 V                       ; 4.14e-06 V                   ; 2.91 V              ; -0.121 V            ; 0.326 V                              ; 0.297 V                              ; 2.74e-10 s                  ; 2.8e-10 s                   ; No                         ; No                         ; 2.75 V                      ; 4.14e-06 V                  ; 2.91 V             ; -0.121 V           ; 0.326 V                             ; 0.297 V                             ; 2.74e-10 s                 ; 2.8e-10 s                  ; No                        ; No                        ;
+------------------+--------------+---------------------+---------------------+------------------------------+------------------------------+---------------------+---------------------+--------------------------------------+--------------------------------------+-----------------------------+-----------------------------+----------------------------+----------------------------+-----------------------------+-----------------------------+--------------------+--------------------+-------------------------------------+-------------------------------------+----------------------------+----------------------------+---------------------------+---------------------------+


+-----------------------------------------------------------------------------------------------------------------------------------------------------------------------------------------------------------------------------------------------------------------------------------------------------------------------------------------------------------------------------------------------------------------------------------------------------------------------------------------------------------------------------------------------------------------------------------------------------------------------------------------------------------------------------------------------+
; Signal Integrity Metrics (Fast 1100mv 85c Model)                                                                                                                                                                                                                                                                                                                                                                                                                                                                                                                                                                                                                                              ;
+------------------+--------------+---------------------+---------------------+------------------------------+------------------------------+---------------------+---------------------+--------------------------------------+--------------------------------------+-----------------------------+-----------------------------+----------------------------+----------------------------+-----------------------------+-----------------------------+--------------------+--------------------+-------------------------------------+-------------------------------------+----------------------------+----------------------------+---------------------------+---------------------------+
; Pin              ; I/O Standard ; Board Delay on Rise ; Board Delay on Fall ; Steady State Voh at FPGA Pin ; Steady State Vol at FPGA Pin ; Voh Max at FPGA Pin ; Vol Min at FPGA Pin ; Ringback Voltage on Rise at FPGA Pin ; Ringback Voltage on Fall at FPGA Pin ; 10-90 Rise Time at FPGA Pin ; 90-10 Fall Time at FPGA Pin ; Monotonic Rise at FPGA Pin ; Monotonic Fall at FPGA Pin ; Steady State Voh at Far-end ; Steady State Vol at Far-end ; Voh Max at Far-end ; Vol Min at Far-end ; Ringback Voltage on Rise at Far-end ; Ringback Voltage on Fall at Far-end ; 10-90 Rise Time at Far-end ; 90-10 Fall Time at Far-end ; Monotonic Rise at Far-end ; Monotonic Fall at Far-end ;
+------------------+--------------+---------------------+---------------------+------------------------------+------------------------------+---------------------+---------------------+--------------------------------------+--------------------------------------+-----------------------------+-----------------------------+----------------------------+----------------------------+-----------------------------+-----------------------------+--------------------+--------------------+-------------------------------------+-------------------------------------+----------------------------+----------------------------+---------------------------+---------------------------+
; FinalChar[0]     ; 2.5 V        ; 0 s                 ; 0 s                 ; 2.75 V                       ; 0.000213 V                   ; 2.79 V              ; -0.0324 V           ; 0.139 V                              ; 0.119 V                              ; 4.42e-10 s                  ; 4.33e-10 s                  ; No                         ; Yes                        ; 2.75 V                      ; 0.000213 V                  ; 2.79 V             ; -0.0324 V          ; 0.139 V                             ; 0.119 V                             ; 4.42e-10 s                 ; 4.33e-10 s                 ; No                        ; Yes                       ;
; FinalChar[1]     ; 2.5 V        ; 0 s                 ; 0 s                 ; 2.75 V                       ; 0.000213 V                   ; 2.79 V              ; -0.0324 V           ; 0.139 V                              ; 0.119 V                              ; 4.42e-10 s                  ; 4.33e-10 s                  ; No                         ; Yes                        ; 2.75 V                      ; 0.000213 V                  ; 2.79 V             ; -0.0324 V          ; 0.139 V                             ; 0.119 V                             ; 4.42e-10 s                 ; 4.33e-10 s                 ; No                        ; Yes                       ;
; FinalChar[2]     ; 2.5 V        ; 0 s                 ; 0 s                 ; 2.75 V                       ; 0.000247 V                   ; 2.85 V              ; -0.0711 V           ; 0.204 V                              ; 0.181 V                              ; 4.55e-10 s                  ; 4.49e-10 s                  ; No                         ; No                         ; 2.75 V                      ; 0.000247 V                  ; 2.85 V             ; -0.0711 V          ; 0.204 V                             ; 0.181 V                             ; 4.55e-10 s                 ; 4.49e-10 s                 ; No                        ; No                        ;
; FinalChar[3]     ; 2.5 V        ; 0 s                 ; 0 s                 ; 2.75 V                       ; 0.000247 V                   ; 2.85 V              ; -0.0711 V           ; 0.204 V                              ; 0.181 V                              ; 4.55e-10 s                  ; 4.49e-10 s                  ; No                         ; No                         ; 2.75 V                      ; 0.000247 V                  ; 2.85 V             ; -0.0711 V          ; 0.204 V                             ; 0.181 V                             ; 4.55e-10 s                 ; 4.49e-10 s                 ; No                        ; No                        ;
; correct_password ; 2.5 V        ; 0 s                 ; 0 s                 ; 2.75 V                       ; 0.000247 V                   ; 2.85 V              ; -0.0711 V           ; 0.204 V                              ; 0.181 V                              ; 4.55e-10 s                  ; 4.49e-10 s                  ; No                         ; No                         ; 2.75 V                      ; 0.000247 V                  ; 2.85 V             ; -0.0711 V          ; 0.204 V                             ; 0.181 V                             ; 4.55e-10 s                 ; 4.49e-10 s                 ; No                        ; No                        ;
; wrong_password   ; 2.5 V        ; 0 s                 ; 0 s                 ; 2.75 V                       ; 0.000213 V                   ; 2.79 V              ; -0.0324 V           ; 0.139 V                              ; 0.119 V                              ; 4.42e-10 s                  ; 4.33e-10 s                  ; No                         ; Yes                        ; 2.75 V                      ; 0.000213 V                  ; 2.79 V             ; -0.0324 V          ; 0.139 V                             ; 0.119 V                             ; 4.42e-10 s                 ; 4.33e-10 s                 ; No                        ; Yes                       ;
; backspace_flag   ; 2.5 V        ; 0 s                 ; 0 s                 ; 2.75 V                       ; 0.000247 V                   ; 2.85 V              ; -0.0711 V           ; 0.204 V                              ; 0.181 V                              ; 4.55e-10 s                  ; 4.49e-10 s                  ; No                         ; No                         ; 2.75 V                      ; 0.000247 V                  ; 2.85 V             ; -0.0711 V          ; 0.204 V                             ; 0.181 V                             ; 4.55e-10 s                 ; 4.49e-10 s                 ; No                        ; No                        ;
; locked_flag      ; 2.5 V        ; 0 s                 ; 0 s                 ; 2.75 V                       ; 0.000247 V                   ; 2.85 V              ; -0.0711 V           ; 0.204 V                              ; 0.181 V                              ; 4.55e-10 s                  ; 4.49e-10 s                  ; No                         ; No                         ; 2.75 V                      ; 0.000247 V                  ; 2.85 V             ; -0.0711 V          ; 0.204 V                             ; 0.181 V                             ; 4.55e-10 s                 ; 4.49e-10 s                 ; No                        ; No                        ;
; keyFlag          ; 2.5 V        ; 0 s                 ; 0 s                 ; 2.75 V                       ; 0.000247 V                   ; 2.85 V              ; -0.0711 V           ; 0.204 V                              ; 0.181 V                              ; 4.55e-10 s                  ; 4.49e-10 s                  ; No                         ; No                         ; 2.75 V                      ; 0.000247 V                  ; 2.85 V             ; -0.0711 V          ; 0.204 V                             ; 0.181 V                             ; 4.55e-10 s                 ; 4.49e-10 s                 ; No                        ; No                        ;
; col[0]           ; 2.5 V        ; 0 s                 ; 0 s                 ; 2.75 V                       ; 0.000247 V                   ; 2.85 V              ; -0.0711 V           ; 0.204 V                              ; 0.181 V                              ; 4.55e-10 s                  ; 4.49e-10 s                  ; No                         ; No                         ; 2.75 V                      ; 0.000247 V                  ; 2.85 V             ; -0.0711 V          ; 0.204 V                             ; 0.181 V                             ; 4.55e-10 s                 ; 4.49e-10 s                 ; No                        ; No                        ;
; col[1]           ; 2.5 V        ; 0 s                 ; 0 s                 ; 2.75 V                       ; 0.000213 V                   ; 2.79 V              ; -0.0324 V           ; 0.139 V                              ; 0.119 V                              ; 4.42e-10 s                  ; 4.33e-10 s                  ; No                         ; Yes                        ; 2.75 V                      ; 0.000213 V                  ; 2.79 V             ; -0.0324 V          ; 0.139 V                             ; 0.119 V                             ; 4.42e-10 s                 ; 4.33e-10 s                 ; No                        ; Yes                       ;
; col[2]           ; 2.5 V        ; 0 s                 ; 0 s                 ; 2.75 V                       ; 0.000242 V                   ; 2.86 V              ; -0.0814 V           ; 0.36 V                               ; 0.156 V                              ; 3e-10 s                     ; 4.34e-10 s                  ; No                         ; No                         ; 2.75 V                      ; 0.000242 V                  ; 2.86 V             ; -0.0814 V          ; 0.36 V                              ; 0.156 V                             ; 3e-10 s                    ; 4.34e-10 s                 ; No                        ; No                        ;
; col[3]           ; 2.5 V        ; 0 s                 ; 0 s                 ; 2.75 V                       ; 0.000242 V                   ; 2.86 V              ; -0.0814 V           ; 0.36 V                               ; 0.156 V                              ; 3e-10 s                     ; 4.34e-10 s                  ; No                         ; No                         ; 2.75 V                      ; 0.000242 V                  ; 2.86 V             ; -0.0814 V          ; 0.36 V                              ; 0.156 V                             ; 3e-10 s                    ; 4.34e-10 s                 ; No                        ; No                        ;
; row[0]           ; 2.5 V        ; 0 s                 ; 0 s                 ; 2.75 V                       ; 0.000213 V                   ; 2.79 V              ; -0.0324 V           ; 0.139 V                              ; 0.119 V                              ; 4.42e-10 s                  ; 4.33e-10 s                  ; No                         ; Yes                        ; 2.75 V                      ; 0.000213 V                  ; 2.79 V             ; -0.0324 V          ; 0.139 V                             ; 0.119 V                             ; 4.42e-10 s                 ; 4.33e-10 s                 ; No                        ; Yes                       ;
; row[1]           ; 2.5 V        ; 0 s                 ; 0 s                 ; 2.75 V                       ; 0.000213 V                   ; 2.79 V              ; -0.0324 V           ; 0.139 V                              ; 0.119 V                              ; 4.42e-10 s                  ; 4.33e-10 s                  ; No                         ; Yes                        ; 2.75 V                      ; 0.000213 V                  ; 2.79 V             ; -0.0324 V          ; 0.139 V                             ; 0.119 V                             ; 4.42e-10 s                 ; 4.33e-10 s                 ; No                        ; Yes                       ;
; row[2]           ; 2.5 V        ; 0 s                 ; 0 s                 ; 2.75 V                       ; 0.000242 V                   ; 2.86 V              ; -0.0805 V           ; 0.358 V                              ; 0.156 V                              ; 3.01e-10 s                  ; 4.34e-10 s                  ; No                         ; No                         ; 2.75 V                      ; 0.000242 V                  ; 2.86 V             ; -0.0805 V          ; 0.358 V                             ; 0.156 V                             ; 3.01e-10 s                 ; 4.34e-10 s                 ; No                        ; No                        ;
; row[3]           ; 2.5 V        ; 0 s                 ; 0 s                 ; 2.75 V                       ; 0.000242 V                   ; 2.86 V              ; -0.0814 V           ; 0.36 V                               ; 0.156 V                              ; 3e-10 s                     ; 4.34e-10 s                  ; No                         ; No                         ; 2.75 V                      ; 0.000242 V                  ; 2.86 V             ; -0.0814 V          ; 0.36 V                              ; 0.156 V                             ; 3e-10 s                    ; 4.34e-10 s                 ; No                        ; No                        ;
+------------------+--------------+---------------------+---------------------+------------------------------+------------------------------+---------------------+---------------------+--------------------------------------+--------------------------------------+-----------------------------+-----------------------------+----------------------------+----------------------------+-----------------------------+-----------------------------+--------------------+--------------------+-------------------------------------+-------------------------------------+----------------------------+----------------------------+---------------------------+---------------------------+


+---------------------------------------------------------------------------------------------------+
; Setup Transfers                                                                                   ;
+---------------------------+---------------------------+----------+----------+----------+----------+
; From Clock                ; To Clock                  ; RR Paths ; FR Paths ; RF Paths ; FF Paths ;
+---------------------------+---------------------------+----------+----------+----------+----------+
; clk                       ; clk                       ; 775      ; 0        ; 0        ; 0        ;
; clockDivider:c1|tick_20ms ; clockDivider:c1|tick_20ms ; 16       ; 0        ; 0        ; 0        ;
+---------------------------+---------------------------+----------+----------+----------+----------+
Entries labeled "false path" only account for clock-to-clock false paths and not path-based false paths. As a result, actual path counts may be lower than reported.


+---------------------------------------------------------------------------------------------------+
; Hold Transfers                                                                                    ;
+---------------------------+---------------------------+----------+----------+----------+----------+
; From Clock                ; To Clock                  ; RR Paths ; FR Paths ; RF Paths ; FF Paths ;
+---------------------------+---------------------------+----------+----------+----------+----------+
; clk                       ; clk                       ; 775      ; 0        ; 0        ; 0        ;
; clockDivider:c1|tick_20ms ; clockDivider:c1|tick_20ms ; 16       ; 0        ; 0        ; 0        ;
+---------------------------+---------------------------+----------+----------+----------+----------+
Entries labeled "false path" only account for clock-to-clock false paths and not path-based false paths. As a result, actual path counts may be lower than reported.


---------------
; Report TCCS ;
---------------
No dedicated SERDES Transmitter circuitry present in device or used in design


---------------
; Report RSKM ;
---------------
No non-DPA dedicated SERDES Receiver circuitry present in device or used in design


+------------------------------------------------+
; Unconstrained Paths Summary                    ;
+---------------------------------+-------+------+
; Property                        ; Setup ; Hold ;
+---------------------------------+-------+------+
; Illegal Clocks                  ; 0     ; 0    ;
; Unconstrained Clocks            ; 0     ; 0    ;
; Unconstrained Input Ports       ; 9     ; 9    ;
; Unconstrained Input Port Paths  ; 110   ; 110  ;
; Unconstrained Output Ports      ; 15    ; 15   ;
; Unconstrained Output Port Paths ; 50    ; 50   ;
+---------------------------------+-------+------+


+----------------------------------------------------------------------------+
; Clock Status Summary                                                       ;
+---------------------------+---------------------------+------+-------------+
; Target                    ; Clock                     ; Type ; Status      ;
+---------------------------+---------------------------+------+-------------+
; clk                       ; clk                       ; Base ; Constrained ;
; clockDivider:c1|tick_20ms ; clockDivider:c1|tick_20ms ; Base ; Constrained ;
+---------------------------+---------------------------+------+-------------+


+---------------------------------------------------------------------------------------------------+
; Unconstrained Input Ports                                                                         ;
+------------+--------------------------------------------------------------------------------------+
; Input Port ; Comment                                                                              ;
+------------+--------------------------------------------------------------------------------------+
; col[0]     ; No input delay, min/max delays, false-path exceptions, or max skew assignments found ;
; col[1]     ; No input delay, min/max delays, false-path exceptions, or max skew assignments found ;
; col[2]     ; No input delay, min/max delays, false-path exceptions, or max skew assignments found ;
; col[3]     ; No input delay, min/max delays, false-path exceptions, or max skew assignments found ;
; row[0]     ; No input delay, min/max delays, false-path exceptions, or max skew assignments found ;
; row[1]     ; No input delay, min/max delays, false-path exceptions, or max skew assignments found ;
; row[2]     ; No input delay, min/max delays, false-path exceptions, or max skew assignments found ;
; row[3]     ; No input delay, min/max delays, false-path exceptions, or max skew assignments found ;
; rstN       ; No input delay, min/max delays, false-path exceptions, or max skew assignments found ;
+------------+--------------------------------------------------------------------------------------+


+--------------------------------------------------------------------------------------------------------+
; Unconstrained Output Ports                                                                             ;
+----------------+---------------------------------------------------------------------------------------+
; Output Port    ; Comment                                                                               ;
+----------------+---------------------------------------------------------------------------------------+
; FinalChar[0]   ; No output delay, min/max delays, false-path exceptions, or max skew assignments found ;
; FinalChar[1]   ; No output delay, min/max delays, false-path exceptions, or max skew assignments found ;
; FinalChar[2]   ; No output delay, min/max delays, false-path exceptions, or max skew assignments found ;
; FinalChar[3]   ; No output delay, min/max delays, false-path exceptions, or max skew assignments found ;
; col[0]         ; No output delay, min/max delays, false-path exceptions, or max skew assignments found ;
; col[1]         ; No output delay, min/max delays, false-path exceptions, or max skew assignments found ;
; col[2]         ; No output delay, min/max delays, false-path exceptions, or max skew assignments found ;
; col[3]         ; No output delay, min/max delays, false-path exceptions, or max skew assignments found ;
; keyFlag        ; No output delay, min/max delays, false-path exceptions, or max skew assignments found ;
; locked_flag    ; No output delay, min/max delays, false-path exceptions, or max skew assignments found ;
; row[0]         ; No output delay, min/max delays, false-path exceptions, or max skew assignments found ;
; row[1]         ; No output delay, min/max delays, false-path exceptions, or max skew assignments found ;
; row[2]         ; No output delay, min/max delays, false-path exceptions, or max skew assignments found ;
; row[3]         ; No output delay, min/max delays, false-path exceptions, or max skew assignments found ;
; wrong_password ; No output delay, min/max delays, false-path exceptions, or max skew assignments found ;
+----------------+---------------------------------------------------------------------------------------+


+---------------------------------------------------------------------------------------------------+
; Unconstrained Input Ports                                                                         ;
+------------+--------------------------------------------------------------------------------------+
; Input Port ; Comment                                                                              ;
+------------+--------------------------------------------------------------------------------------+
; col[0]     ; No input delay, min/max delays, false-path exceptions, or max skew assignments found ;
; col[1]     ; No input delay, min/max delays, false-path exceptions, or max skew assignments found ;
; col[2]     ; No input delay, min/max delays, false-path exceptions, or max skew assignments found ;
; col[3]     ; No input delay, min/max delays, false-path exceptions, or max skew assignments found ;
; row[0]     ; No input delay, min/max delays, false-path exceptions, or max skew assignments found ;
; row[1]     ; No input delay, min/max delays, false-path exceptions, or max skew assignments found ;
; row[2]     ; No input delay, min/max delays, false-path exceptions, or max skew assignments found ;
; row[3]     ; No input delay, min/max delays, false-path exceptions, or max skew assignments found ;
; rstN       ; No input delay, min/max delays, false-path exceptions, or max skew assignments found ;
+------------+--------------------------------------------------------------------------------------+


+--------------------------------------------------------------------------------------------------------+
; Unconstrained Output Ports                                                                             ;
+----------------+---------------------------------------------------------------------------------------+
; Output Port    ; Comment                                                                               ;
+----------------+---------------------------------------------------------------------------------------+
; FinalChar[0]   ; No output delay, min/max delays, false-path exceptions, or max skew assignments found ;
; FinalChar[1]   ; No output delay, min/max delays, false-path exceptions, or max skew assignments found ;
; FinalChar[2]   ; No output delay, min/max delays, false-path exceptions, or max skew assignments found ;
; FinalChar[3]   ; No output delay, min/max delays, false-path exceptions, or max skew assignments found ;
; col[0]         ; No output delay, min/max delays, false-path exceptions, or max skew assignments found ;
; col[1]         ; No output delay, min/max delays, false-path exceptions, or max skew assignments found ;
; col[2]         ; No output delay, min/max delays, false-path exceptions, or max skew assignments found ;
; col[3]         ; No output delay, min/max delays, false-path exceptions, or max skew assignments found ;
; keyFlag        ; No output delay, min/max delays, false-path exceptions, or max skew assignments found ;
; locked_flag    ; No output delay, min/max delays, false-path exceptions, or max skew assignments found ;
; row[0]         ; No output delay, min/max delays, false-path exceptions, or max skew assignments found ;
; row[1]         ; No output delay, min/max delays, false-path exceptions, or max skew assignments found ;
; row[2]         ; No output delay, min/max delays, false-path exceptions, or max skew assignments found ;
; row[3]         ; No output delay, min/max delays, false-path exceptions, or max skew assignments found ;
; wrong_password ; No output delay, min/max delays, false-path exceptions, or max skew assignments found ;
+----------------+---------------------------------------------------------------------------------------+


+--------------------------+
; Timing Analyzer Messages ;
+--------------------------+
Info: *******************************************************************
Info: Running Quartus Prime Timing Analyzer
    Info: Version 23.1std.1 Build 993 05/14/2024 SC Lite Edition
    Info: Processing started: Fri May 23 12:36:31 2025
Info: Command: quartus_sta Project -c Project
Info: qsta_default_script.tcl version: #1
Warning (18236): Number of processors has not been specified which may cause overloading on shared machines.  Set the global assignment NUM_PARALLEL_PROCESSORS in your QSF to an appropriate value for best performance.
Info (20030): Parallel compilation is enabled and will use 4 of the 4 processors detected
Info (21076): High junction temperature operating condition is not set. Assuming a default value of '85'.
Info (21076): Low junction temperature operating condition is not set. Assuming a default value of '0'.
Critical Warning (332012): Synopsys Design Constraints File file not found: 'Project.sdc'. A Synopsys Design Constraints File is required by the Timing Analyzer to get proper timing constraints. Without it, the Compiler will not properly optimize the design.
Info (332142): No user constrained base clocks found in the design. Calling "derive_clocks -period 1.0"
Info (332105): Deriving Clocks
    Info (332105): create_clock -period 1.000 -name clk clk
    Info (332105): create_clock -period 1.000 -name clockDivider:c1|tick_20ms clockDivider:c1|tick_20ms
Info (332143): No user constrained clock uncertainty found in the design. Calling "derive_clock_uncertainty"
Info (332123): Deriving Clock Uncertainty. Please refer to report_sdc in the Timing Analyzer to see clock uncertainties.
Info: Found TIMING_ANALYZER_REPORT_SCRIPT_INCLUDE_DEFAULT_ANALYSIS = ON
Info: Analyzing Slow 1100mV 85C Model
Critical Warning (332148): Timing requirements not met
    Info (11105): For recommendations on closing timing, run Report Timing Closure Recommendations in the Timing Analyzer.
Info (332146): Worst-case setup slack is -1.976
    Info (332119):     Slack       End Point TNS Clock 
    Info (332119): ========= =================== =====================
    Info (332119):    -1.976             -58.008 clk 
    Info (332119):    -1.131             -11.630 clockDivider:c1|tick_20ms 
Info (332146): Worst-case hold slack is 0.382
    Info (332119):     Slack       End Point TNS Clock 
    Info (332119): ========= =================== =====================
    Info (332119):     0.382               0.000 clk 
    Info (332119):     0.625               0.000 clockDivider:c1|tick_20ms 
Info (332140): No Recovery paths to report
Info (332140): No Removal paths to report
Info (332146): Worst-case minimum pulse width slack is -0.599
    Info (332119):     Slack       End Point TNS Clock 
    Info (332119): ========= =================== =====================
    Info (332119):    -0.599             -16.034 clk 
    Info (332119):    -0.394              -6.157 clockDivider:c1|tick_20ms 
Info (332114): Report Metastability: Found 2 synchronizer chains.
    Info (332114): Design MTBF is not calculated because the design doesn't meet its timing requirements.
Info: Analyzing Slow 1100mV 0C Model
Info (334003): Started post-fitting delay annotation
Info (334004): Delay annotation completed successfully
Info (332123): Deriving Clock Uncertainty. Please refer to report_sdc in the Timing Analyzer to see clock uncertainties.
Critical Warning (332148): Timing requirements not met
    Info (11105): For recommendations on closing timing, run Report Timing Closure Recommendations in the Timing Analyzer.
Info (332146): Worst-case setup slack is -1.968
    Info (332119):     Slack       End Point TNS Clock 
    Info (332119): ========= =================== =====================
    Info (332119):    -1.968             -57.989 clk 
    Info (332119):    -1.105             -11.370 clockDivider:c1|tick_20ms 
Info (332146): Worst-case hold slack is 0.381
    Info (332119):     Slack       End Point TNS Clock 
    Info (332119): ========= =================== =====================
    Info (332119):     0.381               0.000 clk 
    Info (332119):     0.603               0.000 clockDivider:c1|tick_20ms 
Info (332140): No Recovery paths to report
Info (332140): No Removal paths to report
Info (332146): Worst-case minimum pulse width slack is -0.601
    Info (332119):     Slack       End Point TNS Clock 
    Info (332119): ========= =================== =====================
    Info (332119):    -0.601             -17.209 clk 
    Info (332119):    -0.394              -6.164 clockDivider:c1|tick_20ms 
Info (332114): Report Metastability: Found 2 synchronizer chains.
    Info (332114): Design MTBF is not calculated because the design doesn't meet its timing requirements.
Info: Analyzing Fast 1100mV 85C Model
Info (334003): Started post-fitting delay annotation
Info (334004): Delay annotation completed successfully
Info (332123): Deriving Clock Uncertainty. Please refer to report_sdc in the Timing Analyzer to see clock uncertainties.
Critical Warning (332148): Timing requirements not met
    Info (11105): For recommendations on closing timing, run Report Timing Closure Recommendations in the Timing Analyzer.
Info (332146): Worst-case setup slack is -0.750
    Info (332119):     Slack       End Point TNS Clock 
    Info (332119): ========= =================== =====================
    Info (332119):    -0.750             -20.433 clk 
    Info (332119):    -0.489              -4.405 clockDivider:c1|tick_20ms 
Info (332146): Worst-case hold slack is 0.204
    Info (332119):     Slack       End Point TNS Clock 
    Info (332119): ========= =================== =====================
    Info (332119):     0.204               0.000 clk 
    Info (332119):     0.320               0.000 clockDivider:c1|tick_20ms 
Info (332140): No Recovery paths to report
Info (332140): No Removal paths to report
Info (332146): Worst-case minimum pulse width slack is -0.567
    Info (332119):     Slack       End Point TNS Clock 
    Info (332119): ========= =================== =====================
    Info (332119):    -0.567              -3.315 clk 
    Info (332119):     0.111               0.000 clockDivider:c1|tick_20ms 
Info (332114): Report Metastability: Found 2 synchronizer chains.
    Info (332114): Design MTBF is not calculated because the design doesn't meet its timing requirements.
Info: Analyzing Fast 1100mV 0C Model
Info (332123): Deriving Clock Uncertainty. Please refer to report_sdc in the Timing Analyzer to see clock uncertainties.
Critical Warning (332148): Timing requirements not met
    Info (11105): For recommendations on closing timing, run Report Timing Closure Recommendations in the Timing Analyzer.
Info (332146): Worst-case setup slack is -0.710
    Info (332119):     Slack       End Point TNS Clock 
    Info (332119): ========= =================== =====================
    Info (332119):    -0.710             -17.888 clk 
    Info (332119):    -0.387              -3.473 clockDivider:c1|tick_20ms 
Info (332146): Worst-case hold slack is 0.192
    Info (332119):     Slack       End Point TNS Clock 
    Info (332119): ========= =================== =====================
    Info (332119):     0.192               0.000 clk 
    Info (332119):     0.287               0.000 clockDivider:c1|tick_20ms 
Info (332140): No Recovery paths to report
Info (332140): No Removal paths to report
Info (332146): Worst-case minimum pulse width slack is -0.533
    Info (332119):     Slack       End Point TNS Clock 
    Info (332119): ========= =================== =====================
    Info (332119):    -0.533              -3.186 clk 
    Info (332119):     0.124               0.000 clockDivider:c1|tick_20ms 
Info (332114): Report Metastability: Found 2 synchronizer chains.
    Info (332114): Design MTBF is not calculated because the design doesn't meet its timing requirements.
Info (332102): Design is not fully constrained for setup requirements
Info (332102): Design is not fully constrained for hold requirements
Info: Quartus Prime Timing Analyzer was successful. 0 errors, 6 warnings
    Info: Peak virtual memory: 5145 megabytes
    Info: Processing ended: Fri May 23 12:36:35 2025
    Info: Elapsed time: 00:00:04
    Info: Total CPU time (on all processors): 00:00:04


